feature_set,model,fold,feature,importance,normalized_importance,importance_method
Radiomics,Random Forest,1,original__shape__Elongation,0.011237894045097906,0.011237894045097906,"native tree importance in PCA space, distributed by absolute PCA loading"
Radiomics,Random Forest,1,original__shape__Flatness,0.01191748583338756,0.01191748583338756,"native tree importance in PCA space, distributed by absolute PCA loading"
Radiomics,Random Forest,1,original__shape__LeastAxisLength,0.013170409287487566,0.013170409287487566,"native tree importance in PCA space, distributed by absolute PCA loading"
Radiomics,Random Forest,1,original__shape__MajorAxisLength,0.015216543012359229,0.015216543012359229,"native tree importance in PCA space, distributed by absolute PCA loading"
Radiomics,Random Forest,1,original__shape__Maximum2DDiameterColumn,0.015040775567540198,0.015040775567540198,"native tree importance in PCA space, distributed by absolute PCA loading"
Radiomics,Random Forest,1,original__shape__Maximum2DDiameterRow,0.013887482458302958,0.013887482458302958,"native tree importance in PCA space, distributed by absolute PCA loading"
Radiomics,Random Forest,1,original__shape__Maximum2DDiameterSlice,0.012331205587761863,0.012331205587761863,"native tree importance in PCA space, distributed by absolute PCA loading"
Radiomics,Random Forest,1,original__shape__Maximum3DDiameter,0.013940919643356711,0.013940919643356711,"native tree importance in PCA space, distributed by absolute PCA loading"
Radiomics,Random Forest,1,original__shape__MeshVolume,0.011177624239542093,0.011177624239542093,"native tree importance in PCA space, distributed by absolute PCA loading"
Radiomics,Random Forest,1,original__shape__MinorAxisLength,0.013131321186464453,0.013131321186464453,"native tree importance in PCA space, distributed by absolute PCA loading"
Radiomics,Random Forest,1,original__shape__Sphericity,0.013252892534844475,0.013252892534844475,"native tree importance in PCA space, distributed by absolute PCA loading"
Radiomics,Random Forest,1,original__shape__SurfaceArea,0.008041602820920027,0.008041602820920027,"native tree importance in PCA space, distributed by absolute PCA loading"
Radiomics,Random Forest,1,original__shape__SurfaceVolumeRatio,0.013843135941722134,0.013843135941722134,"native tree importance in PCA space, distributed by absolute PCA loading"
Radiomics,Random Forest,1,original__shape__VoxelVolume,0.009880586980851893,0.009880586980851893,"native tree importance in PCA space, distributed by absolute PCA loading"
Radiomics,Random Forest,1,original__firstorder__10Percentile,0.011601292446936388,0.011601292446936388,"native tree importance in PCA space, distributed by absolute PCA loading"
Radiomics,Random Forest,1,original__firstorder__90Percentile,0.008301905354278794,0.008301905354278794,"native tree importance in PCA space, distributed by absolute PCA loading"
Radiomics,Random Forest,1,original__firstorder__Energy,0.00927588493204171,0.00927588493204171,"native tree importance in PCA space, distributed by absolute PCA loading"
Radiomics,Random Forest,1,original__firstorder__Entropy,0.005033669577245289,0.005033669577245289,"native tree importance in PCA space, distributed by absolute PCA loading"
Radiomics,Random Forest,1,original__firstorder__InterquartileRange,0.01097613513201073,0.01097613513201073,"native tree importance in PCA space, distributed by absolute PCA loading"
Radiomics,Random Forest,1,original__firstorder__Kurtosis,0.01687575287593008,0.01687575287593008,"native tree importance in PCA space, distributed by absolute PCA loading"
Radiomics,Random Forest,1,original__firstorder__Maximum,0.011440538526861452,0.011440538526861452,"native tree importance in PCA space, distributed by absolute PCA loading"
Radiomics,Random Forest,1,original__firstorder__MeanAbsoluteDeviation,0.006455293477056858,0.006455293477056858,"native tree importance in PCA space, distributed by absolute PCA loading"
Radiomics,Random Forest,1,original__firstorder__Mean,0.008977164347716974,0.008977164347716974,"native tree importance in PCA space, distributed by absolute PCA loading"
Radiomics,Random Forest,1,original__firstorder__Median,0.00888160479827707,0.00888160479827707,"native tree importance in PCA space, distributed by absolute PCA loading"
Radiomics,Random Forest,1,original__firstorder__Minimum,0.005977336518219111,0.005977336518219111,"native tree importance in PCA space, distributed by absolute PCA loading"
Radiomics,Random Forest,1,original__firstorder__Range,0.008233147535126387,0.008233147535126387,"native tree importance in PCA space, distributed by absolute PCA loading"
Radiomics,Random Forest,1,original__firstorder__RobustMeanAbsoluteDeviation,0.008844781689378464,0.008844781689378464,"native tree importance in PCA space, distributed by absolute PCA loading"
Radiomics,Random Forest,1,original__firstorder__RootMeanSquared,0.008275697325782042,0.008275697325782042,"native tree importance in PCA space, distributed by absolute PCA loading"
Radiomics,Random Forest,1,original__firstorder__Skewness,0.016151582461958098,0.016151582461958098,"native tree importance in PCA space, distributed by absolute PCA loading"
Radiomics,Random Forest,1,original__firstorder__TotalEnergy,0.009802380805003844,0.009802380805003844,"native tree importance in PCA space, distributed by absolute PCA loading"
Radiomics,Random Forest,1,original__firstorder__Uniformity,0.00743030545826762,0.00743030545826762,"native tree importance in PCA space, distributed by absolute PCA loading"
Radiomics,Random Forest,1,original__firstorder__Variance,0.007080340193306586,0.007080340193306586,"native tree importance in PCA space, distributed by absolute PCA loading"
Radiomics,Random Forest,1,original__glcm__Autocorrelation,0.0057257783689788075,0.0057257783689788075,"native tree importance in PCA space, distributed by absolute PCA loading"
Radiomics,Random Forest,1,original__glcm__ClusterProminence,0.007836406816421825,0.007836406816421825,"native tree importance in PCA space, distributed by absolute PCA loading"
Radiomics,Random Forest,1,original__glcm__ClusterShade,0.017540994430217588,0.017540994430217588,"native tree importance in PCA space, distributed by absolute PCA loading"
Radiomics,Random Forest,1,original__glcm__ClusterTendency,0.007819059164267832,0.007819059164267832,"native tree importance in PCA space, distributed by absolute PCA loading"
Radiomics,Random Forest,1,original__glcm__Contrast,0.006987976829569659,0.006987976829569659,"native tree importance in PCA space, distributed by absolute PCA loading"
Radiomics,Random Forest,1,original__glcm__Correlation,0.012747775999909164,0.012747775999909164,"native tree importance in PCA space, distributed by absolute PCA loading"
Radiomics,Random Forest,1,original__glcm__DifferenceAverage,0.004478569798309089,0.004478569798309089,"native tree importance in PCA space, distributed by absolute PCA loading"
Radiomics,Random Forest,1,original__glcm__DifferenceEntropy,0.004926980896280381,0.004926980896280381,"native tree importance in PCA space, distributed by absolute PCA loading"
Radiomics,Random Forest,1,original__glcm__DifferenceVariance,0.007933425591566332,0.007933425591566332,"native tree importance in PCA space, distributed by absolute PCA loading"
Radiomics,Random Forest,1,original__glcm__Id,0.004849996654203,0.004849996654203,"native tree importance in PCA space, distributed by absolute PCA loading"
Radiomics,Random Forest,1,original__glcm__Idm,0.008531157015180636,0.008531157015180636,"native tree importance in PCA space, distributed by absolute PCA loading"
Radiomics,Random Forest,1,original__glcm__Idmn,0.012130914151189824,0.012130914151189824,"native tree importance in PCA space, distributed by absolute PCA loading"
Radiomics,Random Forest,1,original__glcm__Idn,0.011735603976662906,0.011735603976662906,"native tree importance in PCA space, distributed by absolute PCA loading"
Radiomics,Random Forest,1,original__glcm__Imc1,0.007861040423797115,0.007861040423797115,"native tree importance in PCA space, distributed by absolute PCA loading"
Radiomics,Random Forest,1,original__glcm__Imc2,0.01012240549340154,0.01012240549340154,"native tree importance in PCA space, distributed by absolute PCA loading"
Radiomics,Random Forest,1,original__glcm__InverseVariance,0.005142072837295423,0.005142072837295423,"native tree importance in PCA space, distributed by absolute PCA loading"
Radiomics,Random Forest,1,original__glcm__JointAverage,0.0068484012162938115,0.0068484012162938115,"native tree importance in PCA space, distributed by absolute PCA loading"
Radiomics,Random Forest,1,original__glcm__JointEnergy,0.008762989191284664,0.008762989191284664,"native tree importance in PCA space, distributed by absolute PCA loading"
Radiomics,Random Forest,1,original__glcm__JointEntropy,0.004114675637315803,0.004114675637315803,"native tree importance in PCA space, distributed by absolute PCA loading"
Radiomics,Random Forest,1,original__glcm__MCC,0.01347602054570737,0.01347602054570737,"native tree importance in PCA space, distributed by absolute PCA loading"
Radiomics,Random Forest,1,original__glcm__MaximumProbability,0.006293624254465204,0.006293624254465204,"native tree importance in PCA space, distributed by absolute PCA loading"
Radiomics,Random Forest,1,original__glcm__SumAverage,0.005922821600864858,0.005922821600864858,"native tree importance in PCA space, distributed by absolute PCA loading"
Radiomics,Random Forest,1,original__glcm__SumEntropy,0.004070811671192939,0.004070811671192939,"native tree importance in PCA space, distributed by absolute PCA loading"
Radiomics,Random Forest,1,original__glcm__SumSquares,0.00778904955661652,0.00778904955661652,"native tree importance in PCA space, distributed by absolute PCA loading"
Radiomics,Random Forest,1,original__gldm__DependenceEntropy,0.008895775461701113,0.008895775461701113,"native tree importance in PCA space, distributed by absolute PCA loading"
Radiomics,Random Forest,1,original__gldm__DependenceNonUniformity,0.010723468785240263,0.010723468785240263,"native tree importance in PCA space, distributed by absolute PCA loading"
Radiomics,Random Forest,1,original__gldm__DependenceNonUniformityNormalized,0.010442669526229827,0.010442669526229827,"native tree importance in PCA space, distributed by absolute PCA loading"
Radiomics,Random Forest,1,original__gldm__DependenceVariance,0.012884389303820415,0.012884389303820415,"native tree importance in PCA space, distributed by absolute PCA loading"
Radiomics,Random Forest,1,original__gldm__GrayLevelNonUniformity,0.008068134446529615,0.008068134446529615,"native tree importance in PCA space, distributed by absolute PCA loading"
Radiomics,Random Forest,1,original__gldm__GrayLevelVariance,0.007486862242491114,0.007486862242491114,"native tree importance in PCA space, distributed by absolute PCA loading"
Radiomics,Random Forest,1,original__gldm__HighGrayLevelEmphasis,0.006884085071679019,0.006884085071679019,"native tree importance in PCA space, distributed by absolute PCA loading"
Radiomics,Random Forest,1,original__gldm__LargeDependenceEmphasis,0.009629239216683754,0.009629239216683754,"native tree importance in PCA space, distributed by absolute PCA loading"
Radiomics,Random Forest,1,original__gldm__LargeDependenceHighGrayLevelEmphasis,0.008765433560463767,0.008765433560463767,"native tree importance in PCA space, distributed by absolute PCA loading"
Radiomics,Random Forest,1,original__gldm__LargeDependenceLowGrayLevelEmphasis,0.00734715316328562,0.00734715316328562,"native tree importance in PCA space, distributed by absolute PCA loading"
Radiomics,Random Forest,1,original__gldm__LowGrayLevelEmphasis,0.00848455059112713,0.00848455059112713,"native tree importance in PCA space, distributed by absolute PCA loading"
Radiomics,Random Forest,1,original__gldm__SmallDependenceEmphasis,0.008537227373502855,0.008537227373502855,"native tree importance in PCA space, distributed by absolute PCA loading"
Radiomics,Random Forest,1,original__gldm__SmallDependenceHighGrayLevelEmphasis,0.005378746950014864,0.005378746950014864,"native tree importance in PCA space, distributed by absolute PCA loading"
Radiomics,Random Forest,1,original__gldm__SmallDependenceLowGrayLevelEmphasis,0.011638014848178804,0.011638014848178804,"native tree importance in PCA space, distributed by absolute PCA loading"
Radiomics,Random Forest,1,original__glrlm__GrayLevelNonUniformity,0.009277301477606293,0.009277301477606293,"native tree importance in PCA space, distributed by absolute PCA loading"
Radiomics,Random Forest,1,original__glrlm__GrayLevelNonUniformityNormalized,0.004919495862974238,0.004919495862974238,"native tree importance in PCA space, distributed by absolute PCA loading"
Radiomics,Random Forest,1,original__glrlm__GrayLevelVariance,0.007344344163027219,0.007344344163027219,"native tree importance in PCA space, distributed by absolute PCA loading"
Radiomics,Random Forest,1,original__glrlm__HighGrayLevelRunEmphasis,0.0068512965058842995,0.0068512965058842995,"native tree importance in PCA space, distributed by absolute PCA loading"
Radiomics,Random Forest,1,original__glrlm__LongRunEmphasis,0.009856676660661694,0.009856676660661694,"native tree importance in PCA space, distributed by absolute PCA loading"
Radiomics,Random Forest,1,original__glrlm__LongRunHighGrayLevelEmphasis,0.00956468987746345,0.00956468987746345,"native tree importance in PCA space, distributed by absolute PCA loading"
Radiomics,Random Forest,1,original__glrlm__LongRunLowGrayLevelEmphasis,0.008950373952209656,0.008950373952209656,"native tree importance in PCA space, distributed by absolute PCA loading"
Radiomics,Random Forest,1,original__glrlm__LowGrayLevelRunEmphasis,0.009225520823747094,0.009225520823747094,"native tree importance in PCA space, distributed by absolute PCA loading"
Radiomics,Random Forest,1,original__glrlm__RunEntropy,0.008784226546896978,0.008784226546896978,"native tree importance in PCA space, distributed by absolute PCA loading"
Radiomics,Random Forest,1,original__glrlm__RunLengthNonUniformity,0.011283866004570528,0.011283866004570528,"native tree importance in PCA space, distributed by absolute PCA loading"
Radiomics,Random Forest,1,original__glrlm__RunLengthNonUniformityNormalized,0.007697751611645723,0.007697751611645723,"native tree importance in PCA space, distributed by absolute PCA loading"
Radiomics,Random Forest,1,original__glrlm__RunPercentage,0.011055993214414622,0.011055993214414622,"native tree importance in PCA space, distributed by absolute PCA loading"
Radiomics,Random Forest,1,original__glrlm__RunVariance,0.009059368480502539,0.009059368480502539,"native tree importance in PCA space, distributed by absolute PCA loading"
Radiomics,Random Forest,1,original__glrlm__ShortRunEmphasis,0.007005019456262537,0.007005019456262537,"native tree importance in PCA space, distributed by absolute PCA loading"
Radiomics,Random Forest,1,original__glrlm__ShortRunHighGrayLevelEmphasis,0.005398663058240609,0.005398663058240609,"native tree importance in PCA space, distributed by absolute PCA loading"
Radiomics,Random Forest,1,original__glrlm__ShortRunLowGrayLevelEmphasis,0.009721522669764017,0.009721522669764017,"native tree importance in PCA space, distributed by absolute PCA loading"
Radiomics,Random Forest,1,original__glszm__GrayLevelNonUniformity,0.015343297783057253,0.015343297783057253,"native tree importance in PCA space, distributed by absolute PCA loading"
Radiomics,Random Forest,1,original__glszm__GrayLevelNonUniformityNormalized,0.006513697356626982,0.006513697356626982,"native tree importance in PCA space, distributed by absolute PCA loading"
Radiomics,Random Forest,1,original__glszm__GrayLevelVariance,0.007373773528912212,0.007373773528912212,"native tree importance in PCA space, distributed by absolute PCA loading"
Radiomics,Random Forest,1,original__glszm__HighGrayLevelZoneEmphasis,0.006651441299751343,0.006651441299751343,"native tree importance in PCA space, distributed by absolute PCA loading"
Radiomics,Random Forest,1,original__glszm__LargeAreaEmphasis,0.008324657708964536,0.008324657708964536,"native tree importance in PCA space, distributed by absolute PCA loading"
Radiomics,Random Forest,1,original__glszm__LargeAreaHighGrayLevelEmphasis,0.008180857034374206,0.008180857034374206,"native tree importance in PCA space, distributed by absolute PCA loading"
Radiomics,Random Forest,1,original__glszm__LargeAreaLowGrayLevelEmphasis,0.01736974089980135,0.01736974089980135,"native tree importance in PCA space, distributed by absolute PCA loading"
Radiomics,Random Forest,1,original__glszm__LowGrayLevelZoneEmphasis,0.007429382218127845,0.007429382218127845,"native tree importance in PCA space, distributed by absolute PCA loading"
Radiomics,Random Forest,1,original__glszm__SizeZoneNonUniformity,0.010041104088164603,0.010041104088164603,"native tree importance in PCA space, distributed by absolute PCA loading"
Radiomics,Random Forest,1,original__glszm__SizeZoneNonUniformityNormalized,0.009856734402514533,0.009856734402514533,"native tree importance in PCA space, distributed by absolute PCA loading"
Radiomics,Random Forest,1,original__glszm__SmallAreaEmphasis,0.009134691054825284,0.009134691054825284,"native tree importance in PCA space, distributed by absolute PCA loading"
Radiomics,Random Forest,1,original__glszm__SmallAreaHighGrayLevelEmphasis,0.006161818573758215,0.006161818573758215,"native tree importance in PCA space, distributed by absolute PCA loading"
Radiomics,Random Forest,1,original__glszm__SmallAreaLowGrayLevelEmphasis,0.006592317776785004,0.006592317776785004,"native tree importance in PCA space, distributed by absolute PCA loading"
Radiomics,Random Forest,1,original__glszm__ZoneEntropy,0.00903715748488613,0.00903715748488613,"native tree importance in PCA space, distributed by absolute PCA loading"
Radiomics,Random Forest,1,original__glszm__ZonePercentage,0.009011213363716153,0.009011213363716153,"native tree importance in PCA space, distributed by absolute PCA loading"
Radiomics,Random Forest,1,original__glszm__ZoneVariance,0.008364452818974834,0.008364452818974834,"native tree importance in PCA space, distributed by absolute PCA loading"
Radiomics,Random Forest,1,original__ngtdm__Busyness,0.01416855402728035,0.01416855402728035,"native tree importance in PCA space, distributed by absolute PCA loading"
Radiomics,Random Forest,1,original__ngtdm__Coarseness,0.00864142613326326,0.00864142613326326,"native tree importance in PCA space, distributed by absolute PCA loading"
Radiomics,Random Forest,1,original__ngtdm__Complexity,0.009998678451805666,0.009998678451805666,"native tree importance in PCA space, distributed by absolute PCA loading"
Radiomics,Random Forest,1,original__ngtdm__Contrast,0.013208931853480127,0.013208931853480127,"native tree importance in PCA space, distributed by absolute PCA loading"
Radiomics,Random Forest,1,original__ngtdm__Strength,0.00810096651808162,0.00810096651808162,"native tree importance in PCA space, distributed by absolute PCA loading"
Radiomics,Random Forest,2,original__shape__Elongation,0.013571043600982071,0.013571043600982071,"native tree importance in PCA space, distributed by absolute PCA loading"
Radiomics,Random Forest,2,original__shape__Flatness,0.013098571927061153,0.013098571927061153,"native tree importance in PCA space, distributed by absolute PCA loading"
Radiomics,Random Forest,2,original__shape__LeastAxisLength,0.012123154334026755,0.012123154334026755,"native tree importance in PCA space, distributed by absolute PCA loading"
Radiomics,Random Forest,2,original__shape__MajorAxisLength,0.014308313723411046,0.014308313723411046,"native tree importance in PCA space, distributed by absolute PCA loading"
Radiomics,Random Forest,2,original__shape__Maximum2DDiameterColumn,0.012025189299017728,0.012025189299017728,"native tree importance in PCA space, distributed by absolute PCA loading"
Radiomics,Random Forest,2,original__shape__Maximum2DDiameterRow,0.010017047452891895,0.010017047452891895,"native tree importance in PCA space, distributed by absolute PCA loading"
Radiomics,Random Forest,2,original__shape__Maximum2DDiameterSlice,0.021941363142398695,0.021941363142398695,"native tree importance in PCA space, distributed by absolute PCA loading"
Radiomics,Random Forest,2,original__shape__Maximum3DDiameter,0.02130502594564993,0.02130502594564993,"native tree importance in PCA space, distributed by absolute PCA loading"
Radiomics,Random Forest,2,original__shape__MeshVolume,0.009015273617474399,0.009015273617474399,"native tree importance in PCA space, distributed by absolute PCA loading"
Radiomics,Random Forest,2,original__shape__MinorAxisLength,0.016427479438386412,0.016427479438386412,"native tree importance in PCA space, distributed by absolute PCA loading"
Radiomics,Random Forest,2,original__shape__Sphericity,0.00999362518461874,0.00999362518461874,"native tree importance in PCA space, distributed by absolute PCA loading"
Radiomics,Random Forest,2,original__shape__SurfaceArea,0.0067162693253801095,0.0067162693253801095,"native tree importance in PCA space, distributed by absolute PCA loading"
Radiomics,Random Forest,2,original__shape__SurfaceVolumeRatio,0.017260811938698606,0.017260811938698606,"native tree importance in PCA space, distributed by absolute PCA loading"
Radiomics,Random Forest,2,original__shape__VoxelVolume,0.007065812019785722,0.007065812019785722,"native tree importance in PCA space, distributed by absolute PCA loading"
Radiomics,Random Forest,2,original__firstorder__10Percentile,0.010948595894993484,0.010948595894993484,"native tree importance in PCA space, distributed by absolute PCA loading"
Radiomics,Random Forest,2,original__firstorder__90Percentile,0.007562304265581661,0.007562304265581661,"native tree importance in PCA space, distributed by absolute PCA loading"
Radiomics,Random Forest,2,original__firstorder__Energy,0.006696716043485145,0.006696716043485145,"native tree importance in PCA space, distributed by absolute PCA loading"
Radiomics,Random Forest,2,original__firstorder__Entropy,0.0055210825472993205,0.0055210825472993205,"native tree importance in PCA space, distributed by absolute PCA loading"
Radiomics,Random Forest,2,original__firstorder__InterquartileRange,0.009055193249892929,0.009055193249892929,"native tree importance in PCA space, distributed by absolute PCA loading"
Radiomics,Random Forest,2,original__firstorder__Kurtosis,0.023693525184311177,0.023693525184311177,"native tree importance in PCA space, distributed by absolute PCA loading"
Radiomics,Random Forest,2,original__firstorder__Maximum,0.01680607597621608,0.01680607597621608,"native tree importance in PCA space, distributed by absolute PCA loading"
Radiomics,Random Forest,2,original__firstorder__MeanAbsoluteDeviation,0.006008743005603539,0.006008743005603539,"native tree importance in PCA space, distributed by absolute PCA loading"
Radiomics,Random Forest,2,original__firstorder__Mean,0.010627431338546786,0.010627431338546786,"native tree importance in PCA space, distributed by absolute PCA loading"
Radiomics,Random Forest,2,original__firstorder__Median,0.007958457523187952,0.007958457523187952,"native tree importance in PCA space, distributed by absolute PCA loading"
Radiomics,Random Forest,2,original__firstorder__Minimum,0.006392037437684432,0.006392037437684432,"native tree importance in PCA space, distributed by absolute PCA loading"
Radiomics,Random Forest,2,original__firstorder__Range,0.01047288774694891,0.01047288774694891,"native tree importance in PCA space, distributed by absolute PCA loading"
Radiomics,Random Forest,2,original__firstorder__RobustMeanAbsoluteDeviation,0.007598589806772949,0.007598589806772949,"native tree importance in PCA space, distributed by absolute PCA loading"
Radiomics,Random Forest,2,original__firstorder__RootMeanSquared,0.008598711624805912,0.008598711624805912,"native tree importance in PCA space, distributed by absolute PCA loading"
Radiomics,Random Forest,2,original__firstorder__Skewness,0.009773722949393835,0.009773722949393835,"native tree importance in PCA space, distributed by absolute PCA loading"
Radiomics,Random Forest,2,original__firstorder__TotalEnergy,0.00760300649109708,0.00760300649109708,"native tree importance in PCA space, distributed by absolute PCA loading"
Radiomics,Random Forest,2,original__firstorder__Uniformity,0.008221582102126458,0.008221582102126458,"native tree importance in PCA space, distributed by absolute PCA loading"
Radiomics,Random Forest,2,original__firstorder__Variance,0.006508626612860066,0.006508626612860066,"native tree importance in PCA space, distributed by absolute PCA loading"
Radiomics,Random Forest,2,original__glcm__Autocorrelation,0.005272538504298648,0.005272538504298648,"native tree importance in PCA space, distributed by absolute PCA loading"
Radiomics,Random Forest,2,original__glcm__ClusterProminence,0.0059406816464961255,0.0059406816464961255,"native tree importance in PCA space, distributed by absolute PCA loading"
Radiomics,Random Forest,2,original__glcm__ClusterShade,0.02055924384477814,0.02055924384477814,"native tree importance in PCA space, distributed by absolute PCA loading"
Radiomics,Random Forest,2,original__glcm__ClusterTendency,0.005944960263106744,0.005944960263106744,"native tree importance in PCA space, distributed by absolute PCA loading"
Radiomics,Random Forest,2,original__glcm__Contrast,0.006996086071444298,0.006996086071444298,"native tree importance in PCA space, distributed by absolute PCA loading"
Radiomics,Random Forest,2,original__glcm__Correlation,0.011183456478745107,0.011183456478745107,"native tree importance in PCA space, distributed by absolute PCA loading"
Radiomics,Random Forest,2,original__glcm__DifferenceAverage,0.005188135706500943,0.005188135706500943,"native tree importance in PCA space, distributed by absolute PCA loading"
Radiomics,Random Forest,2,original__glcm__DifferenceEntropy,0.004927032039192382,0.004927032039192382,"native tree importance in PCA space, distributed by absolute PCA loading"
Radiomics,Random Forest,2,original__glcm__DifferenceVariance,0.007683211612726303,0.007683211612726303,"native tree importance in PCA space, distributed by absolute PCA loading"
Radiomics,Random Forest,2,original__glcm__Id,0.005199458030875379,0.005199458030875379,"native tree importance in PCA space, distributed by absolute PCA loading"
Radiomics,Random Forest,2,original__glcm__Idm,0.008666489206582816,0.008666489206582816,"native tree importance in PCA space, distributed by absolute PCA loading"
Radiomics,Random Forest,2,original__glcm__Idmn,0.009278287807520222,0.009278287807520222,"native tree importance in PCA space, distributed by absolute PCA loading"
Radiomics,Random Forest,2,original__glcm__Idn,0.012688785785994168,0.012688785785994168,"native tree importance in PCA space, distributed by absolute PCA loading"
Radiomics,Random Forest,2,original__glcm__Imc1,0.012355521365423668,0.012355521365423668,"native tree importance in PCA space, distributed by absolute PCA loading"
Radiomics,Random Forest,2,original__glcm__Imc2,0.012235724417038803,0.012235724417038803,"native tree importance in PCA space, distributed by absolute PCA loading"
Radiomics,Random Forest,2,original__glcm__InverseVariance,0.005262203505366558,0.005262203505366558,"native tree importance in PCA space, distributed by absolute PCA loading"
Radiomics,Random Forest,2,original__glcm__JointAverage,0.008147668636845825,0.008147668636845825,"native tree importance in PCA space, distributed by absolute PCA loading"
Radiomics,Random Forest,2,original__glcm__JointEnergy,0.008643376255145146,0.008643376255145146,"native tree importance in PCA space, distributed by absolute PCA loading"
Radiomics,Random Forest,2,original__glcm__JointEntropy,0.004345557744753438,0.004345557744753438,"native tree importance in PCA space, distributed by absolute PCA loading"
Radiomics,Random Forest,2,original__glcm__MCC,0.011339933310834516,0.011339933310834516,"native tree importance in PCA space, distributed by absolute PCA loading"
Radiomics,Random Forest,2,original__glcm__MaximumProbability,0.005725716325104538,0.005725716325104538,"native tree importance in PCA space, distributed by absolute PCA loading"
Radiomics,Random Forest,2,original__glcm__SumAverage,0.006016922784058599,0.006016922784058599,"native tree importance in PCA space, distributed by absolute PCA loading"
Radiomics,Random Forest,2,original__glcm__SumEntropy,0.004140267693707981,0.004140267693707981,"native tree importance in PCA space, distributed by absolute PCA loading"
Radiomics,Random Forest,2,original__glcm__SumSquares,0.005957517554175651,0.005957517554175651,"native tree importance in PCA space, distributed by absolute PCA loading"
Radiomics,Random Forest,2,original__gldm__DependenceEntropy,0.007553100595859662,0.007553100595859662,"native tree importance in PCA space, distributed by absolute PCA loading"
Radiomics,Random Forest,2,original__gldm__DependenceNonUniformity,0.008354290263465677,0.008354290263465677,"native tree importance in PCA space, distributed by absolute PCA loading"
Radiomics,Random Forest,2,original__gldm__DependenceNonUniformityNormalized,0.012026415531358414,0.012026415531358414,"native tree importance in PCA space, distributed by absolute PCA loading"
Radiomics,Random Forest,2,original__gldm__DependenceVariance,0.01179686640987876,0.01179686640987876,"native tree importance in PCA space, distributed by absolute PCA loading"
Radiomics,Random Forest,2,original__gldm__GrayLevelNonUniformity,0.007256198112920432,0.007256198112920432,"native tree importance in PCA space, distributed by absolute PCA loading"
Radiomics,Random Forest,2,original__gldm__GrayLevelVariance,0.005963523220368822,0.005963523220368822,"native tree importance in PCA space, distributed by absolute PCA loading"
Radiomics,Random Forest,2,original__gldm__HighGrayLevelEmphasis,0.008292688230929834,0.008292688230929834,"native tree importance in PCA space, distributed by absolute PCA loading"
Radiomics,Random Forest,2,original__gldm__LargeDependenceEmphasis,0.009638975750939633,0.009638975750939633,"native tree importance in PCA space, distributed by absolute PCA loading"
Radiomics,Random Forest,2,original__gldm__LargeDependenceHighGrayLevelEmphasis,0.007225671687574059,0.007225671687574059,"native tree importance in PCA space, distributed by absolute PCA loading"
Radiomics,Random Forest,2,original__gldm__LargeDependenceLowGrayLevelEmphasis,0.009475272854518109,0.009475272854518109,"native tree importance in PCA space, distributed by absolute PCA loading"
Radiomics,Random Forest,2,original__gldm__LowGrayLevelEmphasis,0.009747203090262845,0.009747203090262845,"native tree importance in PCA space, distributed by absolute PCA loading"
Radiomics,Random Forest,2,original__gldm__SmallDependenceEmphasis,0.009589846578071982,0.009589846578071982,"native tree importance in PCA space, distributed by absolute PCA loading"
Radiomics,Random Forest,2,original__gldm__SmallDependenceHighGrayLevelEmphasis,0.005231536253258108,0.005231536253258108,"native tree importance in PCA space, distributed by absolute PCA loading"
Radiomics,Random Forest,2,original__gldm__SmallDependenceLowGrayLevelEmphasis,0.012267952609753864,0.012267952609753864,"native tree importance in PCA space, distributed by absolute PCA loading"
Radiomics,Random Forest,2,original__glrlm__GrayLevelNonUniformity,0.007226161932571358,0.007226161932571358,"native tree importance in PCA space, distributed by absolute PCA loading"
Radiomics,Random Forest,2,original__glrlm__GrayLevelNonUniformityNormalized,0.004974513764692401,0.004974513764692401,"native tree importance in PCA space, distributed by absolute PCA loading"
Radiomics,Random Forest,2,original__glrlm__GrayLevelVariance,0.005966929081797436,0.005966929081797436,"native tree importance in PCA space, distributed by absolute PCA loading"
Radiomics,Random Forest,2,original__glrlm__HighGrayLevelRunEmphasis,0.008217921770167325,0.008217921770167325,"native tree importance in PCA space, distributed by absolute PCA loading"
Radiomics,Random Forest,2,original__glrlm__LongRunEmphasis,0.009424496823871004,0.009424496823871004,"native tree importance in PCA space, distributed by absolute PCA loading"
Radiomics,Random Forest,2,original__glrlm__LongRunHighGrayLevelEmphasis,0.010392385848561305,0.010392385848561305,"native tree importance in PCA space, distributed by absolute PCA loading"
Radiomics,Random Forest,2,original__glrlm__LongRunLowGrayLevelEmphasis,0.010486255503335777,0.010486255503335777,"native tree importance in PCA space, distributed by absolute PCA loading"
Radiomics,Random Forest,2,original__glrlm__LowGrayLevelRunEmphasis,0.010678300108885288,0.010678300108885288,"native tree importance in PCA space, distributed by absolute PCA loading"
Radiomics,Random Forest,2,original__glrlm__RunEntropy,0.008791032761741164,0.008791032761741164,"native tree importance in PCA space, distributed by absolute PCA loading"
Radiomics,Random Forest,2,original__glrlm__RunLengthNonUniformity,0.009667419225571454,0.009667419225571454,"native tree importance in PCA space, distributed by absolute PCA loading"
Radiomics,Random Forest,2,original__glrlm__RunLengthNonUniformityNormalized,0.006395178555758136,0.006395178555758136,"native tree importance in PCA space, distributed by absolute PCA loading"
Radiomics,Random Forest,2,original__glrlm__RunPercentage,0.011764937563320872,0.011764937563320872,"native tree importance in PCA space, distributed by absolute PCA loading"
Radiomics,Random Forest,2,original__glrlm__RunVariance,0.008292360845236086,0.008292360845236086,"native tree importance in PCA space, distributed by absolute PCA loading"
Radiomics,Random Forest,2,original__glrlm__ShortRunEmphasis,0.005377591431451645,0.005377591431451645,"native tree importance in PCA space, distributed by absolute PCA loading"
Radiomics,Random Forest,2,original__glrlm__ShortRunHighGrayLevelEmphasis,0.005310845758222836,0.005310845758222836,"native tree importance in PCA space, distributed by absolute PCA loading"
Radiomics,Random Forest,2,original__glrlm__ShortRunLowGrayLevelEmphasis,0.011303825881443585,0.011303825881443585,"native tree importance in PCA space, distributed by absolute PCA loading"
Radiomics,Random Forest,2,original__glszm__GrayLevelNonUniformity,0.013568532764465034,0.013568532764465034,"native tree importance in PCA space, distributed by absolute PCA loading"
Radiomics,Random Forest,2,original__glszm__GrayLevelNonUniformityNormalized,0.0054101400108497654,0.0054101400108497654,"native tree importance in PCA space, distributed by absolute PCA loading"
Radiomics,Random Forest,2,original__glszm__GrayLevelVariance,0.006686428059008099,0.006686428059008099,"native tree importance in PCA space, distributed by absolute PCA loading"
Radiomics,Random Forest,2,original__glszm__HighGrayLevelZoneEmphasis,0.008162164425912725,0.008162164425912725,"native tree importance in PCA space, distributed by absolute PCA loading"
Radiomics,Random Forest,2,original__glszm__LargeAreaEmphasis,0.009059607604101724,0.009059607604101724,"native tree importance in PCA space, distributed by absolute PCA loading"
Radiomics,Random Forest,2,original__glszm__LargeAreaHighGrayLevelEmphasis,0.009975241289025487,0.009975241289025487,"native tree importance in PCA space, distributed by absolute PCA loading"
Radiomics,Random Forest,2,original__glszm__LargeAreaLowGrayLevelEmphasis,0.013471037709098748,0.013471037709098748,"native tree importance in PCA space, distributed by absolute PCA loading"
Radiomics,Random Forest,2,original__glszm__LowGrayLevelZoneEmphasis,0.008803602080170673,0.008803602080170673,"native tree importance in PCA space, distributed by absolute PCA loading"
Radiomics,Random Forest,2,original__glszm__SizeZoneNonUniformity,0.014095750532769614,0.014095750532769614,"native tree importance in PCA space, distributed by absolute PCA loading"
Radiomics,Random Forest,2,original__glszm__SizeZoneNonUniformityNormalized,0.007614821229610893,0.007614821229610893,"native tree importance in PCA space, distributed by absolute PCA loading"
Radiomics,Random Forest,2,original__glszm__SmallAreaEmphasis,0.008873690924262882,0.008873690924262882,"native tree importance in PCA space, distributed by absolute PCA loading"
Radiomics,Random Forest,2,original__glszm__SmallAreaHighGrayLevelEmphasis,0.005867125091994794,0.005867125091994794,"native tree importance in PCA space, distributed by absolute PCA loading"
Radiomics,Random Forest,2,original__glszm__SmallAreaLowGrayLevelEmphasis,0.007203219553504692,0.007203219553504692,"native tree importance in PCA space, distributed by absolute PCA loading"
Radiomics,Random Forest,2,original__glszm__ZoneEntropy,0.008536984857151278,0.008536984857151278,"native tree importance in PCA space, distributed by absolute PCA loading"
Radiomics,Random Forest,2,original__glszm__ZonePercentage,0.010306829919327045,0.010306829919327045,"native tree importance in PCA space, distributed by absolute PCA loading"
Radiomics,Random Forest,2,original__glszm__ZoneVariance,0.00906049534473809,0.00906049534473809,"native tree importance in PCA space, distributed by absolute PCA loading"
Radiomics,Random Forest,2,original__ngtdm__Busyness,0.011055892105597457,0.011055892105597457,"native tree importance in PCA space, distributed by absolute PCA loading"
Radiomics,Random Forest,2,original__ngtdm__Coarseness,0.007919907252395695,0.007919907252395695,"native tree importance in PCA space, distributed by absolute PCA loading"
Radiomics,Random Forest,2,original__ngtdm__Complexity,0.008779365658091884,0.008779365658091884,"native tree importance in PCA space, distributed by absolute PCA loading"
Radiomics,Random Forest,2,original__ngtdm__Contrast,0.010373907825910668,0.010373907825910668,"native tree importance in PCA space, distributed by absolute PCA loading"
Radiomics,Random Forest,2,original__ngtdm__Strength,0.007870510374917948,0.007870510374917948,"native tree importance in PCA space, distributed by absolute PCA loading"
Radiomics,Random Forest,3,original__shape__Elongation,0.011708933168489994,0.011708933168489994,"native tree importance in PCA space, distributed by absolute PCA loading"
Radiomics,Random Forest,3,original__shape__Flatness,0.013129815612558198,0.013129815612558198,"native tree importance in PCA space, distributed by absolute PCA loading"
Radiomics,Random Forest,3,original__shape__LeastAxisLength,0.010099680735349073,0.010099680735349073,"native tree importance in PCA space, distributed by absolute PCA loading"
Radiomics,Random Forest,3,original__shape__MajorAxisLength,0.01731826342580964,0.01731826342580964,"native tree importance in PCA space, distributed by absolute PCA loading"
Radiomics,Random Forest,3,original__shape__Maximum2DDiameterColumn,0.013933896414343415,0.013933896414343415,"native tree importance in PCA space, distributed by absolute PCA loading"
Radiomics,Random Forest,3,original__shape__Maximum2DDiameterRow,0.01279208128222278,0.01279208128222278,"native tree importance in PCA space, distributed by absolute PCA loading"
Radiomics,Random Forest,3,original__shape__Maximum2DDiameterSlice,0.013193438730597992,0.013193438730597992,"native tree importance in PCA space, distributed by absolute PCA loading"
Radiomics,Random Forest,3,original__shape__Maximum3DDiameter,0.014669070574491846,0.014669070574491846,"native tree importance in PCA space, distributed by absolute PCA loading"
Radiomics,Random Forest,3,original__shape__MeshVolume,0.010767272729402016,0.010767272729402016,"native tree importance in PCA space, distributed by absolute PCA loading"
Radiomics,Random Forest,3,original__shape__MinorAxisLength,0.01570069255343524,0.01570069255343524,"native tree importance in PCA space, distributed by absolute PCA loading"
Radiomics,Random Forest,3,original__shape__Sphericity,0.011891665786842039,0.011891665786842039,"native tree importance in PCA space, distributed by absolute PCA loading"
Radiomics,Random Forest,3,original__shape__SurfaceArea,0.009082706243005969,0.009082706243005969,"native tree importance in PCA space, distributed by absolute PCA loading"
Radiomics,Random Forest,3,original__shape__SurfaceVolumeRatio,0.011523983952498863,0.011523983952498863,"native tree importance in PCA space, distributed by absolute PCA loading"
Radiomics,Random Forest,3,original__shape__VoxelVolume,0.009870624407155238,0.009870624407155238,"native tree importance in PCA space, distributed by absolute PCA loading"
Radiomics,Random Forest,3,original__firstorder__10Percentile,0.012101056890218443,0.012101056890218443,"native tree importance in PCA space, distributed by absolute PCA loading"
Radiomics,Random Forest,3,original__firstorder__90Percentile,0.007358561752853355,0.007358561752853355,"native tree importance in PCA space, distributed by absolute PCA loading"
Radiomics,Random Forest,3,original__firstorder__Energy,0.00837213840850991,0.00837213840850991,"native tree importance in PCA space, distributed by absolute PCA loading"
Radiomics,Random Forest,3,original__firstorder__Entropy,0.005430815737998774,0.005430815737998774,"native tree importance in PCA space, distributed by absolute PCA loading"
Radiomics,Random Forest,3,original__firstorder__InterquartileRange,0.011614845703381197,0.011614845703381197,"native tree importance in PCA space, distributed by absolute PCA loading"
Radiomics,Random Forest,3,original__firstorder__Kurtosis,0.013793125454633537,0.013793125454633537,"native tree importance in PCA space, distributed by absolute PCA loading"
Radiomics,Random Forest,3,original__firstorder__Maximum,0.012465269247402056,0.012465269247402056,"native tree importance in PCA space, distributed by absolute PCA loading"
Radiomics,Random Forest,3,original__firstorder__MeanAbsoluteDeviation,0.007301352150335488,0.007301352150335488,"native tree importance in PCA space, distributed by absolute PCA loading"
Radiomics,Random Forest,3,original__firstorder__Mean,0.012072139781483844,0.012072139781483844,"native tree importance in PCA space, distributed by absolute PCA loading"
Radiomics,Random Forest,3,original__firstorder__Median,0.009904963648801446,0.009904963648801446,"native tree importance in PCA space, distributed by absolute PCA loading"
Radiomics,Random Forest,3,original__firstorder__Minimum,0.00555618312667099,0.00555618312667099,"native tree importance in PCA space, distributed by absolute PCA loading"
Radiomics,Random Forest,3,original__firstorder__Range,0.007633826574372168,0.007633826574372168,"native tree importance in PCA space, distributed by absolute PCA loading"
Radiomics,Random Forest,3,original__firstorder__RobustMeanAbsoluteDeviation,0.012273660284079922,0.012273660284079922,"native tree importance in PCA space, distributed by absolute PCA loading"
Radiomics,Random Forest,3,original__firstorder__RootMeanSquared,0.010329344190479676,0.010329344190479676,"native tree importance in PCA space, distributed by absolute PCA loading"
Radiomics,Random Forest,3,original__firstorder__Skewness,0.014187307362937438,0.014187307362937438,"native tree importance in PCA space, distributed by absolute PCA loading"
Radiomics,Random Forest,3,original__firstorder__TotalEnergy,0.010146550095964997,0.010146550095964997,"native tree importance in PCA space, distributed by absolute PCA loading"
Radiomics,Random Forest,3,original__firstorder__Uniformity,0.006631486895472183,0.006631486895472183,"native tree importance in PCA space, distributed by absolute PCA loading"
Radiomics,Random Forest,3,original__firstorder__Variance,0.009087926990500057,0.009087926990500057,"native tree importance in PCA space, distributed by absolute PCA loading"
Radiomics,Random Forest,3,original__glcm__Autocorrelation,0.005921528360309565,0.005921528360309565,"native tree importance in PCA space, distributed by absolute PCA loading"
Radiomics,Random Forest,3,original__glcm__ClusterProminence,0.008368283147376063,0.008368283147376063,"native tree importance in PCA space, distributed by absolute PCA loading"
Radiomics,Random Forest,3,original__glcm__ClusterShade,0.012637034113651063,0.012637034113651063,"native tree importance in PCA space, distributed by absolute PCA loading"
Radiomics,Random Forest,3,original__glcm__ClusterTendency,0.00835707472378679,0.00835707472378679,"native tree importance in PCA space, distributed by absolute PCA loading"
Radiomics,Random Forest,3,original__glcm__Contrast,0.007577013809538086,0.007577013809538086,"native tree importance in PCA space, distributed by absolute PCA loading"
Radiomics,Random Forest,3,original__glcm__Correlation,0.015120150429188867,0.015120150429188867,"native tree importance in PCA space, distributed by absolute PCA loading"
Radiomics,Random Forest,3,original__glcm__DifferenceAverage,0.006135706969223752,0.006135706969223752,"native tree importance in PCA space, distributed by absolute PCA loading"
Radiomics,Random Forest,3,original__glcm__DifferenceEntropy,0.004917487025747756,0.004917487025747756,"native tree importance in PCA space, distributed by absolute PCA loading"
Radiomics,Random Forest,3,original__glcm__DifferenceVariance,0.007936963716680725,0.007936963716680725,"native tree importance in PCA space, distributed by absolute PCA loading"
Radiomics,Random Forest,3,original__glcm__Id,0.006683512394844796,0.006683512394844796,"native tree importance in PCA space, distributed by absolute PCA loading"
Radiomics,Random Forest,3,original__glcm__Idm,0.006964163117812335,0.006964163117812335,"native tree importance in PCA space, distributed by absolute PCA loading"
Radiomics,Random Forest,3,original__glcm__Idmn,0.01061145467408975,0.01061145467408975,"native tree importance in PCA space, distributed by absolute PCA loading"
Radiomics,Random Forest,3,original__glcm__Idn,0.009517012374452224,0.009517012374452224,"native tree importance in PCA space, distributed by absolute PCA loading"
Radiomics,Random Forest,3,original__glcm__Imc1,0.01020291487125123,0.01020291487125123,"native tree importance in PCA space, distributed by absolute PCA loading"
Radiomics,Random Forest,3,original__glcm__Imc2,0.008698855187384627,0.008698855187384627,"native tree importance in PCA space, distributed by absolute PCA loading"
Radiomics,Random Forest,3,original__glcm__InverseVariance,0.007001385231692783,0.007001385231692783,"native tree importance in PCA space, distributed by absolute PCA loading"
Radiomics,Random Forest,3,original__glcm__JointAverage,0.007126254355319496,0.007126254355319496,"native tree importance in PCA space, distributed by absolute PCA loading"
Radiomics,Random Forest,3,original__glcm__JointEnergy,0.0073696754720439794,0.0073696754720439794,"native tree importance in PCA space, distributed by absolute PCA loading"
Radiomics,Random Forest,3,original__glcm__JointEntropy,0.005598669280429011,0.005598669280429011,"native tree importance in PCA space, distributed by absolute PCA loading"
Radiomics,Random Forest,3,original__glcm__MCC,0.01373147611688657,0.01373147611688657,"native tree importance in PCA space, distributed by absolute PCA loading"
Radiomics,Random Forest,3,original__glcm__MaximumProbability,0.007843268880344001,0.007843268880344001,"native tree importance in PCA space, distributed by absolute PCA loading"
Radiomics,Random Forest,3,original__glcm__SumAverage,0.005249381716253926,0.005249381716253926,"native tree importance in PCA space, distributed by absolute PCA loading"
Radiomics,Random Forest,3,original__glcm__SumEntropy,0.0055908085173468035,0.0055908085173468035,"native tree importance in PCA space, distributed by absolute PCA loading"
Radiomics,Random Forest,3,original__glcm__SumSquares,0.008337777122324003,0.008337777122324003,"native tree importance in PCA space, distributed by absolute PCA loading"
Radiomics,Random Forest,3,original__gldm__DependenceEntropy,0.00950095691197038,0.00950095691197038,"native tree importance in PCA space, distributed by absolute PCA loading"
Radiomics,Random Forest,3,original__gldm__DependenceNonUniformity,0.010933182343304166,0.010933182343304166,"native tree importance in PCA space, distributed by absolute PCA loading"
Radiomics,Random Forest,3,original__gldm__DependenceNonUniformityNormalized,0.009635511254962238,0.009635511254962238,"native tree importance in PCA space, distributed by absolute PCA loading"
Radiomics,Random Forest,3,original__gldm__DependenceVariance,0.01467811490009369,0.01467811490009369,"native tree importance in PCA space, distributed by absolute PCA loading"
Radiomics,Random Forest,3,original__gldm__GrayLevelNonUniformity,0.007230383705933499,0.007230383705933499,"native tree importance in PCA space, distributed by absolute PCA loading"
Radiomics,Random Forest,3,original__gldm__GrayLevelVariance,0.008010040565734523,0.008010040565734523,"native tree importance in PCA space, distributed by absolute PCA loading"
Radiomics,Random Forest,3,original__gldm__HighGrayLevelEmphasis,0.0071763654247439836,0.0071763654247439836,"native tree importance in PCA space, distributed by absolute PCA loading"
Radiomics,Random Forest,3,original__gldm__LargeDependenceEmphasis,0.009567347626599235,0.009567347626599235,"native tree importance in PCA space, distributed by absolute PCA loading"
Radiomics,Random Forest,3,original__gldm__LargeDependenceHighGrayLevelEmphasis,0.00821952697587607,0.00821952697587607,"native tree importance in PCA space, distributed by absolute PCA loading"
Radiomics,Random Forest,3,original__gldm__LargeDependenceLowGrayLevelEmphasis,0.009957459578823753,0.009957459578823753,"native tree importance in PCA space, distributed by absolute PCA loading"
Radiomics,Random Forest,3,original__gldm__LowGrayLevelEmphasis,0.006491498431897701,0.006491498431897701,"native tree importance in PCA space, distributed by absolute PCA loading"
Radiomics,Random Forest,3,original__gldm__SmallDependenceEmphasis,0.007704493838847364,0.007704493838847364,"native tree importance in PCA space, distributed by absolute PCA loading"
Radiomics,Random Forest,3,original__gldm__SmallDependenceHighGrayLevelEmphasis,0.005612489345998466,0.005612489345998466,"native tree importance in PCA space, distributed by absolute PCA loading"
Radiomics,Random Forest,3,original__gldm__SmallDependenceLowGrayLevelEmphasis,0.009600496095402608,0.009600496095402608,"native tree importance in PCA space, distributed by absolute PCA loading"
Radiomics,Random Forest,3,original__glrlm__GrayLevelNonUniformity,0.00795404729770483,0.00795404729770483,"native tree importance in PCA space, distributed by absolute PCA loading"
Radiomics,Random Forest,3,original__glrlm__GrayLevelNonUniformityNormalized,0.005353667948801986,0.005353667948801986,"native tree importance in PCA space, distributed by absolute PCA loading"
Radiomics,Random Forest,3,original__glrlm__GrayLevelVariance,0.007882531744988118,0.007882531744988118,"native tree importance in PCA space, distributed by absolute PCA loading"
Radiomics,Random Forest,3,original__glrlm__HighGrayLevelRunEmphasis,0.007135009389267283,0.007135009389267283,"native tree importance in PCA space, distributed by absolute PCA loading"
Radiomics,Random Forest,3,original__glrlm__LongRunEmphasis,0.008742415787618025,0.008742415787618025,"native tree importance in PCA space, distributed by absolute PCA loading"
Radiomics,Random Forest,3,original__glrlm__LongRunHighGrayLevelEmphasis,0.007760218077768829,0.007760218077768829,"native tree importance in PCA space, distributed by absolute PCA loading"
Radiomics,Random Forest,3,original__glrlm__LongRunLowGrayLevelEmphasis,0.008488387049186603,0.008488387049186603,"native tree importance in PCA space, distributed by absolute PCA loading"
Radiomics,Random Forest,3,original__glrlm__LowGrayLevelRunEmphasis,0.008328731219761017,0.008328731219761017,"native tree importance in PCA space, distributed by absolute PCA loading"
Radiomics,Random Forest,3,original__glrlm__RunEntropy,0.006733779462260923,0.006733779462260923,"native tree importance in PCA space, distributed by absolute PCA loading"
Radiomics,Random Forest,3,original__glrlm__RunLengthNonUniformity,0.010303509223018828,0.010303509223018828,"native tree importance in PCA space, distributed by absolute PCA loading"
Radiomics,Random Forest,3,original__glrlm__RunLengthNonUniformityNormalized,0.007214217505126812,0.007214217505126812,"native tree importance in PCA space, distributed by absolute PCA loading"
Radiomics,Random Forest,3,original__glrlm__RunPercentage,0.00913807222325421,0.00913807222325421,"native tree importance in PCA space, distributed by absolute PCA loading"
Radiomics,Random Forest,3,original__glrlm__RunVariance,0.011090304174564674,0.011090304174564674,"native tree importance in PCA space, distributed by absolute PCA loading"
Radiomics,Random Forest,3,original__glrlm__ShortRunEmphasis,0.006457380195224922,0.006457380195224922,"native tree importance in PCA space, distributed by absolute PCA loading"
Radiomics,Random Forest,3,original__glrlm__ShortRunHighGrayLevelEmphasis,0.005845223367699856,0.005845223367699856,"native tree importance in PCA space, distributed by absolute PCA loading"
Radiomics,Random Forest,3,original__glrlm__ShortRunLowGrayLevelEmphasis,0.008654267273453456,0.008654267273453456,"native tree importance in PCA space, distributed by absolute PCA loading"
Radiomics,Random Forest,3,original__glszm__GrayLevelNonUniformity,0.015201311543289051,0.015201311543289051,"native tree importance in PCA space, distributed by absolute PCA loading"
Radiomics,Random Forest,3,original__glszm__GrayLevelNonUniformityNormalized,0.00726553484024269,0.00726553484024269,"native tree importance in PCA space, distributed by absolute PCA loading"
Radiomics,Random Forest,3,original__glszm__GrayLevelVariance,0.007933202892335647,0.007933202892335647,"native tree importance in PCA space, distributed by absolute PCA loading"
Radiomics,Random Forest,3,original__glszm__HighGrayLevelZoneEmphasis,0.007094885978685352,0.007094885978685352,"native tree importance in PCA space, distributed by absolute PCA loading"
Radiomics,Random Forest,3,original__glszm__LargeAreaEmphasis,0.007409321221755516,0.007409321221755516,"native tree importance in PCA space, distributed by absolute PCA loading"
Radiomics,Random Forest,3,original__glszm__LargeAreaHighGrayLevelEmphasis,0.006901690663047461,0.006901690663047461,"native tree importance in PCA space, distributed by absolute PCA loading"
Radiomics,Random Forest,3,original__glszm__LargeAreaLowGrayLevelEmphasis,0.014670001938795408,0.014670001938795408,"native tree importance in PCA space, distributed by absolute PCA loading"
Radiomics,Random Forest,3,original__glszm__LowGrayLevelZoneEmphasis,0.005995055718438573,0.005995055718438573,"native tree importance in PCA space, distributed by absolute PCA loading"
Radiomics,Random Forest,3,original__glszm__SizeZoneNonUniformity,0.011517696647052074,0.011517696647052074,"native tree importance in PCA space, distributed by absolute PCA loading"
Radiomics,Random Forest,3,original__glszm__SizeZoneNonUniformityNormalized,0.009449611510269473,0.009449611510269473,"native tree importance in PCA space, distributed by absolute PCA loading"
Radiomics,Random Forest,3,original__glszm__SmallAreaEmphasis,0.00930784016871093,0.00930784016871093,"native tree importance in PCA space, distributed by absolute PCA loading"
Radiomics,Random Forest,3,original__glszm__SmallAreaHighGrayLevelEmphasis,0.006696517063979082,0.006696517063979082,"native tree importance in PCA space, distributed by absolute PCA loading"
Radiomics,Random Forest,3,original__glszm__SmallAreaLowGrayLevelEmphasis,0.005983148780727347,0.005983148780727347,"native tree importance in PCA space, distributed by absolute PCA loading"
Radiomics,Random Forest,3,original__glszm__ZoneEntropy,0.01143583111065279,0.01143583111065279,"native tree importance in PCA space, distributed by absolute PCA loading"
Radiomics,Random Forest,3,original__glszm__ZonePercentage,0.008123166989156836,0.008123166989156836,"native tree importance in PCA space, distributed by absolute PCA loading"
Radiomics,Random Forest,3,original__glszm__ZoneVariance,0.007392312508699041,0.007392312508699041,"native tree importance in PCA space, distributed by absolute PCA loading"
Radiomics,Random Forest,3,original__ngtdm__Busyness,0.013128327225147306,0.013128327225147306,"native tree importance in PCA space, distributed by absolute PCA loading"
Radiomics,Random Forest,3,original__ngtdm__Coarseness,0.010929495860916318,0.010929495860916318,"native tree importance in PCA space, distributed by absolute PCA loading"
Radiomics,Random Forest,3,original__ngtdm__Complexity,0.011099899152315311,0.011099899152315311,"native tree importance in PCA space, distributed by absolute PCA loading"
Radiomics,Random Forest,3,original__ngtdm__Contrast,0.011882033301512962,0.011882033301512962,"native tree importance in PCA space, distributed by absolute PCA loading"
Radiomics,Random Forest,3,original__ngtdm__Strength,0.009742954424106847,0.009742954424106847,"native tree importance in PCA space, distributed by absolute PCA loading"
Radiomics,Random Forest,4,original__shape__Elongation,0.015259440488772048,0.01525944048877205,"native tree importance in PCA space, distributed by absolute PCA loading"
Radiomics,Random Forest,4,original__shape__Flatness,0.008202050666228207,0.008202050666228209,"native tree importance in PCA space, distributed by absolute PCA loading"
Radiomics,Random Forest,4,original__shape__LeastAxisLength,0.012907292067155945,0.012907292067155946,"native tree importance in PCA space, distributed by absolute PCA loading"
Radiomics,Random Forest,4,original__shape__MajorAxisLength,0.014986695144934274,0.014986695144934276,"native tree importance in PCA space, distributed by absolute PCA loading"
Radiomics,Random Forest,4,original__shape__Maximum2DDiameterColumn,0.013982755840919575,0.013982755840919577,"native tree importance in PCA space, distributed by absolute PCA loading"
Radiomics,Random Forest,4,original__shape__Maximum2DDiameterRow,0.01220802678523207,0.012208026785232072,"native tree importance in PCA space, distributed by absolute PCA loading"
Radiomics,Random Forest,4,original__shape__Maximum2DDiameterSlice,0.017739838401962065,0.01773983840196207,"native tree importance in PCA space, distributed by absolute PCA loading"
Radiomics,Random Forest,4,original__shape__Maximum3DDiameter,0.018329505999971726,0.01832950599997173,"native tree importance in PCA space, distributed by absolute PCA loading"
Radiomics,Random Forest,4,original__shape__MeshVolume,0.012118298025747855,0.012118298025747857,"native tree importance in PCA space, distributed by absolute PCA loading"
Radiomics,Random Forest,4,original__shape__MinorAxisLength,0.013689876706856372,0.013689876706856374,"native tree importance in PCA space, distributed by absolute PCA loading"
Radiomics,Random Forest,4,original__shape__Sphericity,0.013396421860963433,0.013396421860963435,"native tree importance in PCA space, distributed by absolute PCA loading"
Radiomics,Random Forest,4,original__shape__SurfaceArea,0.008732407235635354,0.008732407235635356,"native tree importance in PCA space, distributed by absolute PCA loading"
Radiomics,Random Forest,4,original__shape__SurfaceVolumeRatio,0.012529462089981683,0.012529462089981685,"native tree importance in PCA space, distributed by absolute PCA loading"
Radiomics,Random Forest,4,original__shape__VoxelVolume,0.010015033540897923,0.010015033540897925,"native tree importance in PCA space, distributed by absolute PCA loading"
Radiomics,Random Forest,4,original__firstorder__10Percentile,0.01010720595522786,0.010107205955227861,"native tree importance in PCA space, distributed by absolute PCA loading"
Radiomics,Random Forest,4,original__firstorder__90Percentile,0.005467694349045387,0.005467694349045388,"native tree importance in PCA space, distributed by absolute PCA loading"
Radiomics,Random Forest,4,original__firstorder__Energy,0.006583312858574691,0.006583312858574692,"native tree importance in PCA space, distributed by absolute PCA loading"
Radiomics,Random Forest,4,original__firstorder__Entropy,0.005240650655421037,0.005240650655421038,"native tree importance in PCA space, distributed by absolute PCA loading"
Radiomics,Random Forest,4,original__firstorder__InterquartileRange,0.011970668769956415,0.011970668769956417,"native tree importance in PCA space, distributed by absolute PCA loading"
Radiomics,Random Forest,4,original__firstorder__Kurtosis,0.01632394301452056,0.016323943014520562,"native tree importance in PCA space, distributed by absolute PCA loading"
Radiomics,Random Forest,4,original__firstorder__Maximum,0.01633925708900498,0.016339257089004983,"native tree importance in PCA space, distributed by absolute PCA loading"
Radiomics,Random Forest,4,original__firstorder__MeanAbsoluteDeviation,0.005543366713658769,0.00554336671365877,"native tree importance in PCA space, distributed by absolute PCA loading"
Radiomics,Random Forest,4,original__firstorder__Mean,0.00939078512210017,0.009390785122100172,"native tree importance in PCA space, distributed by absolute PCA loading"
Radiomics,Random Forest,4,original__firstorder__Median,0.008758648975417997,0.008758648975417999,"native tree importance in PCA space, distributed by absolute PCA loading"
Radiomics,Random Forest,4,original__firstorder__Minimum,0.0048217521305508,0.0048217521305508005,"native tree importance in PCA space, distributed by absolute PCA loading"
Radiomics,Random Forest,4,original__firstorder__Range,0.009443971976988088,0.00944397197698809,"native tree importance in PCA space, distributed by absolute PCA loading"
Radiomics,Random Forest,4,original__firstorder__RobustMeanAbsoluteDeviation,0.010607460812741911,0.010607460812741913,"native tree importance in PCA space, distributed by absolute PCA loading"
Radiomics,Random Forest,4,original__firstorder__RootMeanSquared,0.008767223362954636,0.008767223362954638,"native tree importance in PCA space, distributed by absolute PCA loading"
Radiomics,Random Forest,4,original__firstorder__Skewness,0.013350411010425011,0.013350411010425013,"native tree importance in PCA space, distributed by absolute PCA loading"
Radiomics,Random Forest,4,original__firstorder__TotalEnergy,0.008550608140882196,0.008550608140882198,"native tree importance in PCA space, distributed by absolute PCA loading"
Radiomics,Random Forest,4,original__firstorder__Uniformity,0.006087627277533678,0.006087627277533679,"native tree importance in PCA space, distributed by absolute PCA loading"
Radiomics,Random Forest,4,original__firstorder__Variance,0.008103947966982928,0.00810394796698293,"native tree importance in PCA space, distributed by absolute PCA loading"
Radiomics,Random Forest,4,original__glcm__Autocorrelation,0.005202143669908193,0.005202143669908194,"native tree importance in PCA space, distributed by absolute PCA loading"
Radiomics,Random Forest,4,original__glcm__ClusterProminence,0.006879306210500611,0.006879306210500612,"native tree importance in PCA space, distributed by absolute PCA loading"
Radiomics,Random Forest,4,original__glcm__ClusterShade,0.015866042693261737,0.01586604269326174,"native tree importance in PCA space, distributed by absolute PCA loading"
Radiomics,Random Forest,4,original__glcm__ClusterTendency,0.006870602163715965,0.006870602163715966,"native tree importance in PCA space, distributed by absolute PCA loading"
Radiomics,Random Forest,4,original__glcm__Contrast,0.005281197586626998,0.005281197586626999,"native tree importance in PCA space, distributed by absolute PCA loading"
Radiomics,Random Forest,4,original__glcm__Correlation,0.013711991993208914,0.013711991993208916,"native tree importance in PCA space, distributed by absolute PCA loading"
Radiomics,Random Forest,4,original__glcm__DifferenceAverage,0.0061525561938290466,0.006152556193829047,"native tree importance in PCA space, distributed by absolute PCA loading"
Radiomics,Random Forest,4,original__glcm__DifferenceEntropy,0.0047942701687970785,0.004794270168797079,"native tree importance in PCA space, distributed by absolute PCA loading"
Radiomics,Random Forest,4,original__glcm__DifferenceVariance,0.005515770787602265,0.005515770787602266,"native tree importance in PCA space, distributed by absolute PCA loading"
Radiomics,Random Forest,4,original__glcm__Id,0.006524170597520736,0.006524170597520737,"native tree importance in PCA space, distributed by absolute PCA loading"
Radiomics,Random Forest,4,original__glcm__Idm,0.007663899840692267,0.007663899840692268,"native tree importance in PCA space, distributed by absolute PCA loading"
Radiomics,Random Forest,4,original__glcm__Idmn,0.010657485463720553,0.010657485463720555,"native tree importance in PCA space, distributed by absolute PCA loading"
Radiomics,Random Forest,4,original__glcm__Idn,0.008805319702012572,0.008805319702012574,"native tree importance in PCA space, distributed by absolute PCA loading"
Radiomics,Random Forest,4,original__glcm__Imc1,0.01395717908281257,0.013957179082812571,"native tree importance in PCA space, distributed by absolute PCA loading"
Radiomics,Random Forest,4,original__glcm__Imc2,0.010129113592748398,0.0101291135927484,"native tree importance in PCA space, distributed by absolute PCA loading"
Radiomics,Random Forest,4,original__glcm__InverseVariance,0.006996392714060974,0.006996392714060975,"native tree importance in PCA space, distributed by absolute PCA loading"
Radiomics,Random Forest,4,original__glcm__JointAverage,0.007262154037897196,0.0072621540378971965,"native tree importance in PCA space, distributed by absolute PCA loading"
Radiomics,Random Forest,4,original__glcm__JointEnergy,0.007494198165107257,0.007494198165107258,"native tree importance in PCA space, distributed by absolute PCA loading"
Radiomics,Random Forest,4,original__glcm__JointEntropy,0.005489363897821922,0.005489363897821923,"native tree importance in PCA space, distributed by absolute PCA loading"
Radiomics,Random Forest,4,original__glcm__MCC,0.011323204552241123,0.011323204552241124,"native tree importance in PCA space, distributed by absolute PCA loading"
Radiomics,Random Forest,4,original__glcm__MaximumProbability,0.007612817935040063,0.007612817935040064,"native tree importance in PCA space, distributed by absolute PCA loading"
Radiomics,Random Forest,4,original__glcm__SumAverage,0.004866651546970399,0.0048666515469704,"native tree importance in PCA space, distributed by absolute PCA loading"
Radiomics,Random Forest,4,original__glcm__SumEntropy,0.005373234362829294,0.0053732343628292946,"native tree importance in PCA space, distributed by absolute PCA loading"
Radiomics,Random Forest,4,original__glcm__SumSquares,0.006854663000609327,0.006854663000609328,"native tree importance in PCA space, distributed by absolute PCA loading"
Radiomics,Random Forest,4,original__gldm__DependenceEntropy,0.010720361370981903,0.010720361370981904,"native tree importance in PCA space, distributed by absolute PCA loading"
Radiomics,Random Forest,4,original__gldm__DependenceNonUniformity,0.009741603757575781,0.009741603757575783,"native tree importance in PCA space, distributed by absolute PCA loading"
Radiomics,Random Forest,4,original__gldm__DependenceNonUniformityNormalized,0.011266547770327557,0.011266547770327559,"native tree importance in PCA space, distributed by absolute PCA loading"
Radiomics,Random Forest,4,original__gldm__DependenceVariance,0.014886938628856233,0.014886938628856235,"native tree importance in PCA space, distributed by absolute PCA loading"
Radiomics,Random Forest,4,original__gldm__GrayLevelNonUniformity,0.0064275463705902435,0.006427546370590244,"native tree importance in PCA space, distributed by absolute PCA loading"
Radiomics,Random Forest,4,original__gldm__GrayLevelVariance,0.006575069230330653,0.006575069230330654,"native tree importance in PCA space, distributed by absolute PCA loading"
Radiomics,Random Forest,4,original__gldm__HighGrayLevelEmphasis,0.007330557032161062,0.007330557032161063,"native tree importance in PCA space, distributed by absolute PCA loading"
Radiomics,Random Forest,4,original__gldm__LargeDependenceEmphasis,0.010477301357780713,0.010477301357780714,"native tree importance in PCA space, distributed by absolute PCA loading"
Radiomics,Random Forest,4,original__gldm__LargeDependenceHighGrayLevelEmphasis,0.00787682189341615,0.007876821893416151,"native tree importance in PCA space, distributed by absolute PCA loading"
Radiomics,Random Forest,4,original__gldm__LargeDependenceLowGrayLevelEmphasis,0.007444906842971739,0.0074449068429717396,"native tree importance in PCA space, distributed by absolute PCA loading"
Radiomics,Random Forest,4,original__gldm__LowGrayLevelEmphasis,0.007813024263240296,0.007813024263240298,"native tree importance in PCA space, distributed by absolute PCA loading"
Radiomics,Random Forest,4,original__gldm__SmallDependenceEmphasis,0.007245501351422626,0.007245501351422627,"native tree importance in PCA space, distributed by absolute PCA loading"
Radiomics,Random Forest,4,original__gldm__SmallDependenceHighGrayLevelEmphasis,0.006111982546843501,0.006111982546843502,"native tree importance in PCA space, distributed by absolute PCA loading"
Radiomics,Random Forest,4,original__gldm__SmallDependenceLowGrayLevelEmphasis,0.009593191512957108,0.00959319151295711,"native tree importance in PCA space, distributed by absolute PCA loading"
Radiomics,Random Forest,4,original__glrlm__GrayLevelNonUniformity,0.007589806784509952,0.007589806784509953,"native tree importance in PCA space, distributed by absolute PCA loading"
Radiomics,Random Forest,4,original__glrlm__GrayLevelNonUniformityNormalized,0.006857413249258796,0.0068574132492587965,"native tree importance in PCA space, distributed by absolute PCA loading"
Radiomics,Random Forest,4,original__glrlm__GrayLevelVariance,0.0064363762012145396,0.00643637620121454,"native tree importance in PCA space, distributed by absolute PCA loading"
Radiomics,Random Forest,4,original__glrlm__HighGrayLevelRunEmphasis,0.007320318723792483,0.0073203187237924836,"native tree importance in PCA space, distributed by absolute PCA loading"
Radiomics,Random Forest,4,original__glrlm__LongRunEmphasis,0.010205773096811279,0.01020577309681128,"native tree importance in PCA space, distributed by absolute PCA loading"
Radiomics,Random Forest,4,original__glrlm__LongRunHighGrayLevelEmphasis,0.009400500966755088,0.00940050096675509,"native tree importance in PCA space, distributed by absolute PCA loading"
Radiomics,Random Forest,4,original__glrlm__LongRunLowGrayLevelEmphasis,0.008356124517160831,0.008356124517160833,"native tree importance in PCA space, distributed by absolute PCA loading"
Radiomics,Random Forest,4,original__glrlm__LowGrayLevelRunEmphasis,0.0069567538712117126,0.006956753871211713,"native tree importance in PCA space, distributed by absolute PCA loading"
Radiomics,Random Forest,4,original__glrlm__RunEntropy,0.009155260899993889,0.00915526089999389,"native tree importance in PCA space, distributed by absolute PCA loading"
Radiomics,Random Forest,4,original__glrlm__RunLengthNonUniformity,0.010038043667477922,0.010038043667477924,"native tree importance in PCA space, distributed by absolute PCA loading"
Radiomics,Random Forest,4,original__glrlm__RunLengthNonUniformityNormalized,0.006951739766520786,0.006951739766520787,"native tree importance in PCA space, distributed by absolute PCA loading"
Radiomics,Random Forest,4,original__glrlm__RunPercentage,0.01069943992492281,0.010699439924922812,"native tree importance in PCA space, distributed by absolute PCA loading"
Radiomics,Random Forest,4,original__glrlm__RunVariance,0.012181817966060646,0.012181817966060647,"native tree importance in PCA space, distributed by absolute PCA loading"
Radiomics,Random Forest,4,original__glrlm__ShortRunEmphasis,0.00573024264659762,0.005730242646597621,"native tree importance in PCA space, distributed by absolute PCA loading"
Radiomics,Random Forest,4,original__glrlm__ShortRunHighGrayLevelEmphasis,0.005025887801989586,0.0050258878019895864,"native tree importance in PCA space, distributed by absolute PCA loading"
Radiomics,Random Forest,4,original__glrlm__ShortRunLowGrayLevelEmphasis,0.007447108432411122,0.0074471084324111226,"native tree importance in PCA space, distributed by absolute PCA loading"
Radiomics,Random Forest,4,original__glszm__GrayLevelNonUniformity,0.017974292952214116,0.01797429295221412,"native tree importance in PCA space, distributed by absolute PCA loading"
Radiomics,Random Forest,4,original__glszm__GrayLevelNonUniformityNormalized,0.009793929700269134,0.009793929700269136,"native tree importance in PCA space, distributed by absolute PCA loading"
Radiomics,Random Forest,4,original__glszm__GrayLevelVariance,0.005894042316061089,0.00589404231606109,"native tree importance in PCA space, distributed by absolute PCA loading"
Radiomics,Random Forest,4,original__glszm__HighGrayLevelZoneEmphasis,0.00717076679612734,0.0071707667961273406,"native tree importance in PCA space, distributed by absolute PCA loading"
Radiomics,Random Forest,4,original__glszm__LargeAreaEmphasis,0.008173506849891599,0.0081735068498916,"native tree importance in PCA space, distributed by absolute PCA loading"
Radiomics,Random Forest,4,original__glszm__LargeAreaHighGrayLevelEmphasis,0.008406897589647477,0.008406897589647478,"native tree importance in PCA space, distributed by absolute PCA loading"
Radiomics,Random Forest,4,original__glszm__LargeAreaLowGrayLevelEmphasis,0.017254586401217215,0.017254586401217218,"native tree importance in PCA space, distributed by absolute PCA loading"
Radiomics,Random Forest,4,original__glszm__LowGrayLevelZoneEmphasis,0.007070044222438707,0.007070044222438708,"native tree importance in PCA space, distributed by absolute PCA loading"
Radiomics,Random Forest,4,original__glszm__SizeZoneNonUniformity,0.011140741740497964,0.011140741740497966,"native tree importance in PCA space, distributed by absolute PCA loading"
Radiomics,Random Forest,4,original__glszm__SizeZoneNonUniformityNormalized,0.01033292002791037,0.010332920027910373,"native tree importance in PCA space, distributed by absolute PCA loading"
Radiomics,Random Forest,4,original__glszm__SmallAreaEmphasis,0.009195727148723116,0.009195727148723118,"native tree importance in PCA space, distributed by absolute PCA loading"
Radiomics,Random Forest,4,original__glszm__SmallAreaHighGrayLevelEmphasis,0.00543375337353876,0.005433753373538761,"native tree importance in PCA space, distributed by absolute PCA loading"
Radiomics,Random Forest,4,original__glszm__SmallAreaLowGrayLevelEmphasis,0.006327620688617794,0.006327620688617795,"native tree importance in PCA space, distributed by absolute PCA loading"
Radiomics,Random Forest,4,original__glszm__ZoneEntropy,0.01215070203359614,0.012150702033596143,"native tree importance in PCA space, distributed by absolute PCA loading"
Radiomics,Random Forest,4,original__glszm__ZonePercentage,0.006875988376922057,0.006875988376922058,"native tree importance in PCA space, distributed by absolute PCA loading"
Radiomics,Random Forest,4,original__glszm__ZoneVariance,0.0081537206967068,0.008153720696706801,"native tree importance in PCA space, distributed by absolute PCA loading"
Radiomics,Random Forest,4,original__ngtdm__Busyness,0.012876328012389875,0.012876328012389877,"native tree importance in PCA space, distributed by absolute PCA loading"
Radiomics,Random Forest,4,original__ngtdm__Coarseness,0.009216231031574176,0.009216231031574177,"native tree importance in PCA space, distributed by absolute PCA loading"
Radiomics,Random Forest,4,original__ngtdm__Complexity,0.00837682004262617,0.008376820042626172,"native tree importance in PCA space, distributed by absolute PCA loading"
Radiomics,Random Forest,4,original__ngtdm__Contrast,0.011416538641557039,0.01141653864155704,"native tree importance in PCA space, distributed by absolute PCA loading"
Radiomics,Random Forest,4,original__ngtdm__Strength,0.01206150791454735,0.012061507914547352,"native tree importance in PCA space, distributed by absolute PCA loading"
Radiomics,Random Forest,5,original__shape__Elongation,0.009907547572136742,0.00990754757213674,"native tree importance in PCA space, distributed by absolute PCA loading"
Radiomics,Random Forest,5,original__shape__Flatness,0.012506597491788835,0.012506597491788831,"native tree importance in PCA space, distributed by absolute PCA loading"
Radiomics,Random Forest,5,original__shape__LeastAxisLength,0.009142566894279652,0.00914256689427965,"native tree importance in PCA space, distributed by absolute PCA loading"
Radiomics,Random Forest,5,original__shape__MajorAxisLength,0.013746149876138095,0.013746149876138092,"native tree importance in PCA space, distributed by absolute PCA loading"
Radiomics,Random Forest,5,original__shape__Maximum2DDiameterColumn,0.01804293307494309,0.018042933074943087,"native tree importance in PCA space, distributed by absolute PCA loading"
Radiomics,Random Forest,5,original__shape__Maximum2DDiameterRow,0.011541937691490345,0.011541937691490343,"native tree importance in PCA space, distributed by absolute PCA loading"
Radiomics,Random Forest,5,original__shape__Maximum2DDiameterSlice,0.01341461490794241,0.013414614907942407,"native tree importance in PCA space, distributed by absolute PCA loading"
Radiomics,Random Forest,5,original__shape__Maximum3DDiameter,0.01661622554512886,0.016616225545128857,"native tree importance in PCA space, distributed by absolute PCA loading"
Radiomics,Random Forest,5,original__shape__MeshVolume,0.012668725091574847,0.012668725091574844,"native tree importance in PCA space, distributed by absolute PCA loading"
Radiomics,Random Forest,5,original__shape__MinorAxisLength,0.014828250286610367,0.014828250286610363,"native tree importance in PCA space, distributed by absolute PCA loading"
Radiomics,Random Forest,5,original__shape__Sphericity,0.013704094622487461,0.013704094622487457,"native tree importance in PCA space, distributed by absolute PCA loading"
Radiomics,Random Forest,5,original__shape__SurfaceArea,0.008869516169686103,0.008869516169686101,"native tree importance in PCA space, distributed by absolute PCA loading"
Radiomics,Random Forest,5,original__shape__SurfaceVolumeRatio,0.013813286281240057,0.013813286281240053,"native tree importance in PCA space, distributed by absolute PCA loading"
Radiomics,Random Forest,5,original__shape__VoxelVolume,0.010086363573141537,0.010086363573141535,"native tree importance in PCA space, distributed by absolute PCA loading"
Radiomics,Random Forest,5,original__firstorder__10Percentile,0.010101482774927981,0.01010148277492798,"native tree importance in PCA space, distributed by absolute PCA loading"
Radiomics,Random Forest,5,original__firstorder__90Percentile,0.006187210691567776,0.006187210691567775,"native tree importance in PCA space, distributed by absolute PCA loading"
Radiomics,Random Forest,5,original__firstorder__Energy,0.0085310138433264,0.008531013843326399,"native tree importance in PCA space, distributed by absolute PCA loading"
Radiomics,Random Forest,5,original__firstorder__Entropy,0.0038082062896335304,0.0038082062896335296,"native tree importance in PCA space, distributed by absolute PCA loading"
Radiomics,Random Forest,5,original__firstorder__InterquartileRange,0.01361769319839045,0.013617693198390447,"native tree importance in PCA space, distributed by absolute PCA loading"
Radiomics,Random Forest,5,original__firstorder__Kurtosis,0.010863210064283778,0.010863210064283776,"native tree importance in PCA space, distributed by absolute PCA loading"
Radiomics,Random Forest,5,original__firstorder__Maximum,0.011260691031593124,0.011260691031593122,"native tree importance in PCA space, distributed by absolute PCA loading"
Radiomics,Random Forest,5,original__firstorder__MeanAbsoluteDeviation,0.014504541712729989,0.014504541712729985,"native tree importance in PCA space, distributed by absolute PCA loading"
Radiomics,Random Forest,5,original__firstorder__Mean,0.009719401239253054,0.009719401239253052,"native tree importance in PCA space, distributed by absolute PCA loading"
Radiomics,Random Forest,5,original__firstorder__Median,0.007543831590326103,0.007543831590326101,"native tree importance in PCA space, distributed by absolute PCA loading"
Radiomics,Random Forest,5,original__firstorder__Minimum,0.006485606640615073,0.006485606640615071,"native tree importance in PCA space, distributed by absolute PCA loading"
Radiomics,Random Forest,5,original__firstorder__Range,0.007507048574445099,0.007507048574445097,"native tree importance in PCA space, distributed by absolute PCA loading"
Radiomics,Random Forest,5,original__firstorder__RobustMeanAbsoluteDeviation,0.01678857746655873,0.016788577466558728,"native tree importance in PCA space, distributed by absolute PCA loading"
Radiomics,Random Forest,5,original__firstorder__RootMeanSquared,0.010869587583850183,0.010869587583850182,"native tree importance in PCA space, distributed by absolute PCA loading"
Radiomics,Random Forest,5,original__firstorder__Skewness,0.009027763047018628,0.009027763047018626,"native tree importance in PCA space, distributed by absolute PCA loading"
Radiomics,Random Forest,5,original__firstorder__TotalEnergy,0.010134169095268656,0.010134169095268654,"native tree importance in PCA space, distributed by absolute PCA loading"
Radiomics,Random Forest,5,original__firstorder__Uniformity,0.006229309995383871,0.00622930999538387,"native tree importance in PCA space, distributed by absolute PCA loading"
Radiomics,Random Forest,5,original__firstorder__Variance,0.010045448766890262,0.01004544876689026,"native tree importance in PCA space, distributed by absolute PCA loading"
Radiomics,Random Forest,5,original__glcm__Autocorrelation,0.007534929843841645,0.007534929843841643,"native tree importance in PCA space, distributed by absolute PCA loading"
Radiomics,Random Forest,5,original__glcm__ClusterProminence,0.010925954654019642,0.01092595465401964,"native tree importance in PCA space, distributed by absolute PCA loading"
Radiomics,Random Forest,5,original__glcm__ClusterShade,0.015991032039017573,0.01599103203901757,"native tree importance in PCA space, distributed by absolute PCA loading"
Radiomics,Random Forest,5,original__glcm__ClusterTendency,0.0045356398424464175,0.004535639842446417,"native tree importance in PCA space, distributed by absolute PCA loading"
Radiomics,Random Forest,5,original__glcm__Contrast,0.0036068318614605106,0.0036068318614605097,"native tree importance in PCA space, distributed by absolute PCA loading"
Radiomics,Random Forest,5,original__glcm__Correlation,0.01433150231640416,0.014331502316404156,"native tree importance in PCA space, distributed by absolute PCA loading"
Radiomics,Random Forest,5,original__glcm__DifferenceAverage,0.004290655390917014,0.004290655390917013,"native tree importance in PCA space, distributed by absolute PCA loading"
Radiomics,Random Forest,5,original__glcm__DifferenceEntropy,0.004777844819255993,0.004777844819255992,"native tree importance in PCA space, distributed by absolute PCA loading"
Radiomics,Random Forest,5,original__glcm__DifferenceVariance,0.0036922776677004916,0.0036922776677004907,"native tree importance in PCA space, distributed by absolute PCA loading"
Radiomics,Random Forest,5,original__glcm__Id,0.004483179612437289,0.004483179612437288,"native tree importance in PCA space, distributed by absolute PCA loading"
Radiomics,Random Forest,5,original__glcm__Idm,0.007781773231476843,0.007781773231476842,"native tree importance in PCA space, distributed by absolute PCA loading"
Radiomics,Random Forest,5,original__glcm__Idmn,0.010505381053987019,0.010505381053987017,"native tree importance in PCA space, distributed by absolute PCA loading"
Radiomics,Random Forest,5,original__glcm__Idn,0.009219101274509303,0.009219101274509301,"native tree importance in PCA space, distributed by absolute PCA loading"
Radiomics,Random Forest,5,original__glcm__Imc1,0.017460611120501398,0.017460611120501394,"native tree importance in PCA space, distributed by absolute PCA loading"
Radiomics,Random Forest,5,original__glcm__Imc2,0.010603825227872343,0.010603825227872342,"native tree importance in PCA space, distributed by absolute PCA loading"
Radiomics,Random Forest,5,original__glcm__InverseVariance,0.004765193120373281,0.00476519312037328,"native tree importance in PCA space, distributed by absolute PCA loading"
Radiomics,Random Forest,5,original__glcm__JointAverage,0.007071507026294461,0.007071507026294459,"native tree importance in PCA space, distributed by absolute PCA loading"
Radiomics,Random Forest,5,original__glcm__JointEnergy,0.008270983650055868,0.008270983650055866,"native tree importance in PCA space, distributed by absolute PCA loading"
Radiomics,Random Forest,5,original__glcm__JointEntropy,0.0037789873797083318,0.003778987379708331,"native tree importance in PCA space, distributed by absolute PCA loading"
Radiomics,Random Forest,5,original__glcm__MCC,0.015180381294729301,0.015180381294729298,"native tree importance in PCA space, distributed by absolute PCA loading"
Radiomics,Random Forest,5,original__glcm__MaximumProbability,0.005442238818594768,0.005442238818594767,"native tree importance in PCA space, distributed by absolute PCA loading"
Radiomics,Random Forest,5,original__glcm__SumAverage,0.006355709510646023,0.006355709510646021,"native tree importance in PCA space, distributed by absolute PCA loading"
Radiomics,Random Forest,5,original__glcm__SumEntropy,0.0040320373802946695,0.004032037380294669,"native tree importance in PCA space, distributed by absolute PCA loading"
Radiomics,Random Forest,5,original__glcm__SumSquares,0.0040431223152175835,0.004043122315217583,"native tree importance in PCA space, distributed by absolute PCA loading"
Radiomics,Random Forest,5,original__gldm__DependenceEntropy,0.008934129826077136,0.008934129826077135,"native tree importance in PCA space, distributed by absolute PCA loading"
Radiomics,Random Forest,5,original__gldm__DependenceNonUniformity,0.00969184567333324,0.009691845673333237,"native tree importance in PCA space, distributed by absolute PCA loading"
Radiomics,Random Forest,5,original__gldm__DependenceNonUniformityNormalized,0.010517634765620397,0.010517634765620395,"native tree importance in PCA space, distributed by absolute PCA loading"
Radiomics,Random Forest,5,original__gldm__DependenceVariance,0.014924459653201695,0.014924459653201692,"native tree importance in PCA space, distributed by absolute PCA loading"
Radiomics,Random Forest,5,original__gldm__GrayLevelNonUniformity,0.00808207046235713,0.008082070462357129,"native tree importance in PCA space, distributed by absolute PCA loading"
Radiomics,Random Forest,5,original__gldm__GrayLevelVariance,0.005701532934411982,0.005701532934411981,"native tree importance in PCA space, distributed by absolute PCA loading"
Radiomics,Random Forest,5,original__gldm__HighGrayLevelEmphasis,0.007175764012105103,0.007175764012105101,"native tree importance in PCA space, distributed by absolute PCA loading"
Radiomics,Random Forest,5,original__gldm__LargeDependenceEmphasis,0.009120992390499025,0.009120992390499023,"native tree importance in PCA space, distributed by absolute PCA loading"
Radiomics,Random Forest,5,original__gldm__LargeDependenceHighGrayLevelEmphasis,0.01060273700347723,0.010602737003477228,"native tree importance in PCA space, distributed by absolute PCA loading"
Radiomics,Random Forest,5,original__gldm__LargeDependenceLowGrayLevelEmphasis,0.006783321498005135,0.006783321498005133,"native tree importance in PCA space, distributed by absolute PCA loading"
Radiomics,Random Forest,5,original__gldm__LowGrayLevelEmphasis,0.006613010920496447,0.0066130109204964455,"native tree importance in PCA space, distributed by absolute PCA loading"
Radiomics,Random Forest,5,original__gldm__SmallDependenceEmphasis,0.009268381463404026,0.009268381463404024,"native tree importance in PCA space, distributed by absolute PCA loading"
Radiomics,Random Forest,5,original__gldm__SmallDependenceHighGrayLevelEmphasis,0.004721721697883661,0.0047217216978836605,"native tree importance in PCA space, distributed by absolute PCA loading"
Radiomics,Random Forest,5,original__gldm__SmallDependenceLowGrayLevelEmphasis,0.009782923383411437,0.009782923383411435,"native tree importance in PCA space, distributed by absolute PCA loading"
Radiomics,Random Forest,5,original__glrlm__GrayLevelNonUniformity,0.009455676942482255,0.009455676942482253,"native tree importance in PCA space, distributed by absolute PCA loading"
Radiomics,Random Forest,5,original__glrlm__GrayLevelNonUniformityNormalized,0.005203653533205686,0.005203653533205685,"native tree importance in PCA space, distributed by absolute PCA loading"
Radiomics,Random Forest,5,original__glrlm__GrayLevelVariance,0.00586461541719442,0.005864615417194418,"native tree importance in PCA space, distributed by absolute PCA loading"
Radiomics,Random Forest,5,original__glrlm__HighGrayLevelRunEmphasis,0.007068900671456767,0.0070689006714567655,"native tree importance in PCA space, distributed by absolute PCA loading"
Radiomics,Random Forest,5,original__glrlm__LongRunEmphasis,0.009508712842527557,0.009508712842527555,"native tree importance in PCA space, distributed by absolute PCA loading"
Radiomics,Random Forest,5,original__glrlm__LongRunHighGrayLevelEmphasis,0.009473035029986521,0.00947303502998652,"native tree importance in PCA space, distributed by absolute PCA loading"
Radiomics,Random Forest,5,original__glrlm__LongRunLowGrayLevelEmphasis,0.007171836261092826,0.0071718362610928245,"native tree importance in PCA space, distributed by absolute PCA loading"
Radiomics,Random Forest,5,original__glrlm__LowGrayLevelRunEmphasis,0.006317624362837201,0.0063176243628371995,"native tree importance in PCA space, distributed by absolute PCA loading"
Radiomics,Random Forest,5,original__glrlm__RunEntropy,0.010122209680922856,0.010122209680922855,"native tree importance in PCA space, distributed by absolute PCA loading"
Radiomics,Random Forest,5,original__glrlm__RunLengthNonUniformity,0.008026708556705894,0.008026708556705892,"native tree importance in PCA space, distributed by absolute PCA loading"
Radiomics,Random Forest,5,original__glrlm__RunLengthNonUniformityNormalized,0.006181853983509524,0.006181853983509522,"native tree importance in PCA space, distributed by absolute PCA loading"
Radiomics,Random Forest,5,original__glrlm__RunPercentage,0.010499526929759206,0.010499526929759204,"native tree importance in PCA space, distributed by absolute PCA loading"
Radiomics,Random Forest,5,original__glrlm__RunVariance,0.0174949709703138,0.017494970970313797,"native tree importance in PCA space, distributed by absolute PCA loading"
Radiomics,Random Forest,5,original__glrlm__ShortRunEmphasis,0.005344984496913203,0.005344984496913202,"native tree importance in PCA space, distributed by absolute PCA loading"
Radiomics,Random Forest,5,original__glrlm__ShortRunHighGrayLevelEmphasis,0.007213861191575027,0.007213861191575025,"native tree importance in PCA space, distributed by absolute PCA loading"
Radiomics,Random Forest,5,original__glrlm__ShortRunLowGrayLevelEmphasis,0.006770038661089624,0.006770038661089622,"native tree importance in PCA space, distributed by absolute PCA loading"
Radiomics,Random Forest,5,original__glszm__GrayLevelNonUniformity,0.015329348542636116,0.015329348542636113,"native tree importance in PCA space, distributed by absolute PCA loading"
Radiomics,Random Forest,5,original__glszm__GrayLevelNonUniformityNormalized,0.008214909877705826,0.008214909877705824,"native tree importance in PCA space, distributed by absolute PCA loading"
Radiomics,Random Forest,5,original__glszm__GrayLevelVariance,0.009823532428217475,0.009823532428217473,"native tree importance in PCA space, distributed by absolute PCA loading"
Radiomics,Random Forest,5,original__glszm__HighGrayLevelZoneEmphasis,0.007088530628168546,0.007088530628168544,"native tree importance in PCA space, distributed by absolute PCA loading"
Radiomics,Random Forest,5,original__glszm__LargeAreaEmphasis,0.009384263607014961,0.00938426360701496,"native tree importance in PCA space, distributed by absolute PCA loading"
Radiomics,Random Forest,5,original__glszm__LargeAreaHighGrayLevelEmphasis,0.00793251442763761,0.007932514427637608,"native tree importance in PCA space, distributed by absolute PCA loading"
Radiomics,Random Forest,5,original__glszm__LargeAreaLowGrayLevelEmphasis,0.01588172276737492,0.015881722767374918,"native tree importance in PCA space, distributed by absolute PCA loading"
Radiomics,Random Forest,5,original__glszm__LowGrayLevelZoneEmphasis,0.0071971029209379825,0.007197102920937981,"native tree importance in PCA space, distributed by absolute PCA loading"
Radiomics,Random Forest,5,original__glszm__SizeZoneNonUniformity,0.011757339957321238,0.011757339957321235,"native tree importance in PCA space, distributed by absolute PCA loading"
Radiomics,Random Forest,5,original__glszm__SizeZoneNonUniformityNormalized,0.008930465639998433,0.008930465639998431,"native tree importance in PCA space, distributed by absolute PCA loading"
Radiomics,Random Forest,5,original__glszm__SmallAreaEmphasis,0.009586050439388615,0.009586050439388613,"native tree importance in PCA space, distributed by absolute PCA loading"
Radiomics,Random Forest,5,original__glszm__SmallAreaHighGrayLevelEmphasis,0.007575727813405446,0.0075757278134054445,"native tree importance in PCA space, distributed by absolute PCA loading"
Radiomics,Random Forest,5,original__glszm__SmallAreaLowGrayLevelEmphasis,0.005911408290567875,0.0059114082905678735,"native tree importance in PCA space, distributed by absolute PCA loading"
Radiomics,Random Forest,5,original__glszm__ZoneEntropy,0.012785924743368392,0.012785924743368388,"native tree importance in PCA space, distributed by absolute PCA loading"
Radiomics,Random Forest,5,original__glszm__ZonePercentage,0.009422204187230854,0.009422204187230852,"native tree importance in PCA space, distributed by absolute PCA loading"
Radiomics,Random Forest,5,original__glszm__ZoneVariance,0.009370254843942952,0.00937025484394295,"native tree importance in PCA space, distributed by absolute PCA loading"
Radiomics,Random Forest,5,original__ngtdm__Busyness,0.01245493846043654,0.012454938460436537,"native tree importance in PCA space, distributed by absolute PCA loading"
Radiomics,Random Forest,5,original__ngtdm__Coarseness,0.008173019636661541,0.00817301963666154,"native tree importance in PCA space, distributed by absolute PCA loading"
Radiomics,Random Forest,5,original__ngtdm__Complexity,0.007374431071048264,0.007374431071048263,"native tree importance in PCA space, distributed by absolute PCA loading"
Radiomics,Random Forest,5,original__ngtdm__Contrast,0.011702009322057757,0.011702009322057755,"native tree importance in PCA space, distributed by absolute PCA loading"
Radiomics,Random Forest,5,original__ngtdm__Strength,0.00967126204260977,0.009671262042609768,"native tree importance in PCA space, distributed by absolute PCA loading"
Radiomics,Gradient Boosting,1,original__shape__Elongation,0.008743078286381484,0.008743078286381482,"native tree importance in PCA space, distributed by absolute PCA loading"
Radiomics,Gradient Boosting,1,original__shape__Flatness,0.009025887285966363,0.009025887285966362,"native tree importance in PCA space, distributed by absolute PCA loading"
Radiomics,Gradient Boosting,1,original__shape__LeastAxisLength,0.013366288746030273,0.01336628874603027,"native tree importance in PCA space, distributed by absolute PCA loading"
Radiomics,Gradient Boosting,1,original__shape__MajorAxisLength,0.014112599433500277,0.014112599433500274,"native tree importance in PCA space, distributed by absolute PCA loading"
Radiomics,Gradient Boosting,1,original__shape__Maximum2DDiameterColumn,0.015571589881698687,0.015571589881698683,"native tree importance in PCA space, distributed by absolute PCA loading"
Radiomics,Gradient Boosting,1,original__shape__Maximum2DDiameterRow,0.01473353952381503,0.014733539523815026,"native tree importance in PCA space, distributed by absolute PCA loading"
Radiomics,Gradient Boosting,1,original__shape__Maximum2DDiameterSlice,0.01058528628460529,0.010585286284605288,"native tree importance in PCA space, distributed by absolute PCA loading"
Radiomics,Gradient Boosting,1,original__shape__Maximum3DDiameter,0.013496617669989615,0.013496617669989611,"native tree importance in PCA space, distributed by absolute PCA loading"
Radiomics,Gradient Boosting,1,original__shape__MeshVolume,0.014390908210364007,0.014390908210364003,"native tree importance in PCA space, distributed by absolute PCA loading"
Radiomics,Gradient Boosting,1,original__shape__MinorAxisLength,0.009988219055192257,0.009988219055192255,"native tree importance in PCA space, distributed by absolute PCA loading"
Radiomics,Gradient Boosting,1,original__shape__Sphericity,0.009892160220466895,0.009892160220466894,"native tree importance in PCA space, distributed by absolute PCA loading"
Radiomics,Gradient Boosting,1,original__shape__SurfaceArea,0.00869116226668516,0.008691162266685159,"native tree importance in PCA space, distributed by absolute PCA loading"
Radiomics,Gradient Boosting,1,original__shape__SurfaceVolumeRatio,0.02065747689029409,0.020657476890294086,"native tree importance in PCA space, distributed by absolute PCA loading"
Radiomics,Gradient Boosting,1,original__shape__VoxelVolume,0.012195554241193986,0.012195554241193982,"native tree importance in PCA space, distributed by absolute PCA loading"
Radiomics,Gradient Boosting,1,original__firstorder__10Percentile,0.01246838365209759,0.012468383652097587,"native tree importance in PCA space, distributed by absolute PCA loading"
Radiomics,Gradient Boosting,1,original__firstorder__90Percentile,0.008502782268769481,0.00850278226876948,"native tree importance in PCA space, distributed by absolute PCA loading"
Radiomics,Gradient Boosting,1,original__firstorder__Energy,0.010609441597605795,0.010609441597605794,"native tree importance in PCA space, distributed by absolute PCA loading"
Radiomics,Gradient Boosting,1,original__firstorder__Entropy,0.0038101512737482896,0.0038101512737482887,"native tree importance in PCA space, distributed by absolute PCA loading"
Radiomics,Gradient Boosting,1,original__firstorder__InterquartileRange,0.009103671526556759,0.009103671526556757,"native tree importance in PCA space, distributed by absolute PCA loading"
Radiomics,Gradient Boosting,1,original__firstorder__Kurtosis,0.01638689095126005,0.016386890951260048,"native tree importance in PCA space, distributed by absolute PCA loading"
Radiomics,Gradient Boosting,1,original__firstorder__Maximum,0.009926176030631603,0.009926176030631602,"native tree importance in PCA space, distributed by absolute PCA loading"
Radiomics,Gradient Boosting,1,original__firstorder__MeanAbsoluteDeviation,0.005255773920510468,0.005255773920510467,"native tree importance in PCA space, distributed by absolute PCA loading"
Radiomics,Gradient Boosting,1,original__firstorder__Mean,0.0062612975608301305,0.006261297560830129,"native tree importance in PCA space, distributed by absolute PCA loading"
Radiomics,Gradient Boosting,1,original__firstorder__Median,0.009040795379515097,0.009040795379515095,"native tree importance in PCA space, distributed by absolute PCA loading"
Radiomics,Gradient Boosting,1,original__firstorder__Minimum,0.006287080204764989,0.0062870802047649875,"native tree importance in PCA space, distributed by absolute PCA loading"
Radiomics,Gradient Boosting,1,original__firstorder__Range,0.00839408635632228,0.008394086356322277,"native tree importance in PCA space, distributed by absolute PCA loading"
Radiomics,Gradient Boosting,1,original__firstorder__RobustMeanAbsoluteDeviation,0.00626763295984308,0.006267632959843079,"native tree importance in PCA space, distributed by absolute PCA loading"
Radiomics,Gradient Boosting,1,original__firstorder__RootMeanSquared,0.0047936003544969425,0.004793600354496942,"native tree importance in PCA space, distributed by absolute PCA loading"
Radiomics,Gradient Boosting,1,original__firstorder__Skewness,0.013305138724685032,0.013305138724685028,"native tree importance in PCA space, distributed by absolute PCA loading"
Radiomics,Gradient Boosting,1,original__firstorder__TotalEnergy,0.011488900845919487,0.011488900845919485,"native tree importance in PCA space, distributed by absolute PCA loading"
Radiomics,Gradient Boosting,1,original__firstorder__Uniformity,0.008390549226291932,0.00839054922629193,"native tree importance in PCA space, distributed by absolute PCA loading"
Radiomics,Gradient Boosting,1,original__firstorder__Variance,0.007215347298505823,0.007215347298505821,"native tree importance in PCA space, distributed by absolute PCA loading"
Radiomics,Gradient Boosting,1,original__glcm__Autocorrelation,0.00518252608271628,0.005182526082716279,"native tree importance in PCA space, distributed by absolute PCA loading"
Radiomics,Gradient Boosting,1,original__glcm__ClusterProminence,0.006407449452104794,0.006407449452104792,"native tree importance in PCA space, distributed by absolute PCA loading"
Radiomics,Gradient Boosting,1,original__glcm__ClusterShade,0.015762863027285398,0.015762863027285395,"native tree importance in PCA space, distributed by absolute PCA loading"
Radiomics,Gradient Boosting,1,original__glcm__ClusterTendency,0.006400032679638356,0.006400032679638354,"native tree importance in PCA space, distributed by absolute PCA loading"
Radiomics,Gradient Boosting,1,original__glcm__Contrast,0.0055493519879156634,0.005549351987915663,"native tree importance in PCA space, distributed by absolute PCA loading"
Radiomics,Gradient Boosting,1,original__glcm__Correlation,0.011470025107948568,0.011470025107948567,"native tree importance in PCA space, distributed by absolute PCA loading"
Radiomics,Gradient Boosting,1,original__glcm__DifferenceAverage,0.0032525488396489195,0.0032525488396489186,"native tree importance in PCA space, distributed by absolute PCA loading"
Radiomics,Gradient Boosting,1,original__glcm__DifferenceEntropy,0.004449474992135601,0.0044494749921356,"native tree importance in PCA space, distributed by absolute PCA loading"
Radiomics,Gradient Boosting,1,original__glcm__DifferenceVariance,0.00703319104338487,0.007033191043384868,"native tree importance in PCA space, distributed by absolute PCA loading"
Radiomics,Gradient Boosting,1,original__glcm__Id,0.003861196517285812,0.0038611965172858113,"native tree importance in PCA space, distributed by absolute PCA loading"
Radiomics,Gradient Boosting,1,original__glcm__Idm,0.009203315355127308,0.009203315355127306,"native tree importance in PCA space, distributed by absolute PCA loading"
Radiomics,Gradient Boosting,1,original__glcm__Idmn,0.012855305756131245,0.012855305756131242,"native tree importance in PCA space, distributed by absolute PCA loading"
Radiomics,Gradient Boosting,1,original__glcm__Idn,0.013506883587359696,0.013506883587359693,"native tree importance in PCA space, distributed by absolute PCA loading"
Radiomics,Gradient Boosting,1,original__glcm__Imc1,0.006644169745254315,0.006644169745254313,"native tree importance in PCA space, distributed by absolute PCA loading"
Radiomics,Gradient Boosting,1,original__glcm__Imc2,0.012312581100012134,0.01231258110001213,"native tree importance in PCA space, distributed by absolute PCA loading"
Radiomics,Gradient Boosting,1,original__glcm__InverseVariance,0.004445208959768509,0.0044452089597685086,"native tree importance in PCA space, distributed by absolute PCA loading"
Radiomics,Gradient Boosting,1,original__glcm__JointAverage,0.007899175141939328,0.007899175141939326,"native tree importance in PCA space, distributed by absolute PCA loading"
Radiomics,Gradient Boosting,1,original__glcm__JointEnergy,0.009670628193225176,0.009670628193225174,"native tree importance in PCA space, distributed by absolute PCA loading"
Radiomics,Gradient Boosting,1,original__glcm__JointEntropy,0.0026900138366292873,0.002690013836629287,"native tree importance in PCA space, distributed by absolute PCA loading"
Radiomics,Gradient Boosting,1,original__glcm__MCC,0.015317302154079495,0.015317302154079492,"native tree importance in PCA space, distributed by absolute PCA loading"
Radiomics,Gradient Boosting,1,original__glcm__MaximumProbability,0.005502383289299241,0.00550238328929924,"native tree importance in PCA space, distributed by absolute PCA loading"
Radiomics,Gradient Boosting,1,original__glcm__SumAverage,0.006289739017432001,0.006289739017431999,"native tree importance in PCA space, distributed by absolute PCA loading"
Radiomics,Gradient Boosting,1,original__glcm__SumEntropy,0.002746407261261804,0.0027464072612618036,"native tree importance in PCA space, distributed by absolute PCA loading"
Radiomics,Gradient Boosting,1,original__glcm__SumSquares,0.006376731245424411,0.006376731245424409,"native tree importance in PCA space, distributed by absolute PCA loading"
Radiomics,Gradient Boosting,1,original__gldm__DependenceEntropy,0.008697580922294841,0.00869758092229484,"native tree importance in PCA space, distributed by absolute PCA loading"
Radiomics,Gradient Boosting,1,original__gldm__DependenceNonUniformity,0.012486133977914461,0.012486133977914458,"native tree importance in PCA space, distributed by absolute PCA loading"
Radiomics,Gradient Boosting,1,original__gldm__DependenceNonUniformityNormalized,0.012525337398349778,0.012525337398349774,"native tree importance in PCA space, distributed by absolute PCA loading"
Radiomics,Gradient Boosting,1,original__gldm__DependenceVariance,0.010635466217692298,0.010635466217692296,"native tree importance in PCA space, distributed by absolute PCA loading"
Radiomics,Gradient Boosting,1,original__gldm__GrayLevelNonUniformity,0.011623612014870253,0.011623612014870251,"native tree importance in PCA space, distributed by absolute PCA loading"
Radiomics,Gradient Boosting,1,original__gldm__GrayLevelVariance,0.006104228532779265,0.006104228532779263,"native tree importance in PCA space, distributed by absolute PCA loading"
Radiomics,Gradient Boosting,1,original__gldm__HighGrayLevelEmphasis,0.007969738667569377,0.007969738667569375,"native tree importance in PCA space, distributed by absolute PCA loading"
Radiomics,Gradient Boosting,1,original__gldm__LargeDependenceEmphasis,0.010510175890005764,0.010510175890005762,"native tree importance in PCA space, distributed by absolute PCA loading"
Radiomics,Gradient Boosting,1,original__gldm__LargeDependenceHighGrayLevelEmphasis,0.008623483564795746,0.008623483564795744,"native tree importance in PCA space, distributed by absolute PCA loading"
Radiomics,Gradient Boosting,1,original__gldm__LargeDependenceLowGrayLevelEmphasis,0.005031411986246442,0.005031411986246441,"native tree importance in PCA space, distributed by absolute PCA loading"
Radiomics,Gradient Boosting,1,original__gldm__LowGrayLevelEmphasis,0.009180723438950052,0.00918072343895005,"native tree importance in PCA space, distributed by absolute PCA loading"
Radiomics,Gradient Boosting,1,original__gldm__SmallDependenceEmphasis,0.010245428227181528,0.010245428227181526,"native tree importance in PCA space, distributed by absolute PCA loading"
Radiomics,Gradient Boosting,1,original__gldm__SmallDependenceHighGrayLevelEmphasis,0.005146365320550751,0.00514636532055075,"native tree importance in PCA space, distributed by absolute PCA loading"
Radiomics,Gradient Boosting,1,original__gldm__SmallDependenceLowGrayLevelEmphasis,0.011785059645223316,0.011785059645223313,"native tree importance in PCA space, distributed by absolute PCA loading"
Radiomics,Gradient Boosting,1,original__glrlm__GrayLevelNonUniformity,0.012501353917879713,0.01250135391787971,"native tree importance in PCA space, distributed by absolute PCA loading"
Radiomics,Gradient Boosting,1,original__glrlm__GrayLevelNonUniformityNormalized,0.003873058008029293,0.003873058008029292,"native tree importance in PCA space, distributed by absolute PCA loading"
Radiomics,Gradient Boosting,1,original__glrlm__GrayLevelVariance,0.005958888081746818,0.005958888081746817,"native tree importance in PCA space, distributed by absolute PCA loading"
Radiomics,Gradient Boosting,1,original__glrlm__HighGrayLevelRunEmphasis,0.007911234889877423,0.007911234889877421,"native tree importance in PCA space, distributed by absolute PCA loading"
Radiomics,Gradient Boosting,1,original__glrlm__LongRunEmphasis,0.012203486231977746,0.012203486231977742,"native tree importance in PCA space, distributed by absolute PCA loading"
Radiomics,Gradient Boosting,1,original__glrlm__LongRunHighGrayLevelEmphasis,0.012184069374867247,0.012184069374867244,"native tree importance in PCA space, distributed by absolute PCA loading"
Radiomics,Gradient Boosting,1,original__glrlm__LongRunLowGrayLevelEmphasis,0.00766965267657454,0.0076696526765745385,"native tree importance in PCA space, distributed by absolute PCA loading"
Radiomics,Gradient Boosting,1,original__glrlm__LowGrayLevelRunEmphasis,0.008664285324975254,0.008664285324975252,"native tree importance in PCA space, distributed by absolute PCA loading"
Radiomics,Gradient Boosting,1,original__glrlm__RunEntropy,0.010384014169609521,0.01038401416960952,"native tree importance in PCA space, distributed by absolute PCA loading"
Radiomics,Gradient Boosting,1,original__glrlm__RunLengthNonUniformity,0.011942957127565754,0.01194295712756575,"native tree importance in PCA space, distributed by absolute PCA loading"
Radiomics,Gradient Boosting,1,original__glrlm__RunLengthNonUniformityNormalized,0.009971794471122845,0.009971794471122843,"native tree importance in PCA space, distributed by absolute PCA loading"
Radiomics,Gradient Boosting,1,original__glrlm__RunPercentage,0.01308341948398032,0.013083419483980317,"native tree importance in PCA space, distributed by absolute PCA loading"
Radiomics,Gradient Boosting,1,original__glrlm__RunVariance,0.009981747860613677,0.009981747860613675,"native tree importance in PCA space, distributed by absolute PCA loading"
Radiomics,Gradient Boosting,1,original__glrlm__ShortRunEmphasis,0.009099967977254889,0.009099967977254887,"native tree importance in PCA space, distributed by absolute PCA loading"
Radiomics,Gradient Boosting,1,original__glrlm__ShortRunHighGrayLevelEmphasis,0.004788502371578759,0.004788502371578758,"native tree importance in PCA space, distributed by absolute PCA loading"
Radiomics,Gradient Boosting,1,original__glrlm__ShortRunLowGrayLevelEmphasis,0.00939381403000155,0.009393814030001548,"native tree importance in PCA space, distributed by absolute PCA loading"
Radiomics,Gradient Boosting,1,original__glszm__GrayLevelNonUniformity,0.015516226098047503,0.0155162260980475,"native tree importance in PCA space, distributed by absolute PCA loading"
Radiomics,Gradient Boosting,1,original__glszm__GrayLevelNonUniformityNormalized,0.005738705292012198,0.005738705292012197,"native tree importance in PCA space, distributed by absolute PCA loading"
Radiomics,Gradient Boosting,1,original__glszm__GrayLevelVariance,0.006293207185993748,0.006293207185993746,"native tree importance in PCA space, distributed by absolute PCA loading"
Radiomics,Gradient Boosting,1,original__glszm__HighGrayLevelZoneEmphasis,0.007755510973601635,0.0077555109736016335,"native tree importance in PCA space, distributed by absolute PCA loading"
Radiomics,Gradient Boosting,1,original__glszm__LargeAreaEmphasis,0.010158777495089845,0.010158777495089843,"native tree importance in PCA space, distributed by absolute PCA loading"
Radiomics,Gradient Boosting,1,original__glszm__LargeAreaHighGrayLevelEmphasis,0.011291337136706976,0.011291337136706974,"native tree importance in PCA space, distributed by absolute PCA loading"
Radiomics,Gradient Boosting,1,original__glszm__LargeAreaLowGrayLevelEmphasis,0.020750136144275254,0.02075013614427525,"native tree importance in PCA space, distributed by absolute PCA loading"
Radiomics,Gradient Boosting,1,original__glszm__LowGrayLevelZoneEmphasis,0.009368329082575254,0.009368329082575252,"native tree importance in PCA space, distributed by absolute PCA loading"
Radiomics,Gradient Boosting,1,original__glszm__SizeZoneNonUniformity,0.007899038460435399,0.007899038460435397,"native tree importance in PCA space, distributed by absolute PCA loading"
Radiomics,Gradient Boosting,1,original__glszm__SizeZoneNonUniformityNormalized,0.00834979859804182,0.008349798598041818,"native tree importance in PCA space, distributed by absolute PCA loading"
Radiomics,Gradient Boosting,1,original__glszm__SmallAreaEmphasis,0.007492752780210273,0.0074927527802102715,"native tree importance in PCA space, distributed by absolute PCA loading"
Radiomics,Gradient Boosting,1,original__glszm__SmallAreaHighGrayLevelEmphasis,0.005329806888661285,0.005329806888661284,"native tree importance in PCA space, distributed by absolute PCA loading"
Radiomics,Gradient Boosting,1,original__glszm__SmallAreaLowGrayLevelEmphasis,0.007566935729420441,0.007566935729420439,"native tree importance in PCA space, distributed by absolute PCA loading"
Radiomics,Gradient Boosting,1,original__glszm__ZoneEntropy,0.007946333346748546,0.007946333346748545,"native tree importance in PCA space, distributed by absolute PCA loading"
Radiomics,Gradient Boosting,1,original__glszm__ZonePercentage,0.010806285960739622,0.01080628596073962,"native tree importance in PCA space, distributed by absolute PCA loading"
Radiomics,Gradient Boosting,1,original__glszm__ZoneVariance,0.010252118924625114,0.010252118924625112,"native tree importance in PCA space, distributed by absolute PCA loading"
Radiomics,Gradient Boosting,1,original__ngtdm__Busyness,0.01437289441745995,0.014372894417459946,"native tree importance in PCA space, distributed by absolute PCA loading"
Radiomics,Gradient Boosting,1,original__ngtdm__Coarseness,0.00624182005607608,0.006241820056076078,"native tree importance in PCA space, distributed by absolute PCA loading"
Radiomics,Gradient Boosting,1,original__ngtdm__Complexity,0.00853420149151805,0.008534201491518048,"native tree importance in PCA space, distributed by absolute PCA loading"
Radiomics,Gradient Boosting,1,original__ngtdm__Contrast,0.013484051229584348,0.013484051229584345,"native tree importance in PCA space, distributed by absolute PCA loading"
Radiomics,Gradient Boosting,1,original__ngtdm__Strength,0.006888168404551276,0.0068881684045512745,"native tree importance in PCA space, distributed by absolute PCA loading"
Radiomics,Gradient Boosting,2,original__shape__Elongation,0.011288286934052046,0.011288286934052046,"native tree importance in PCA space, distributed by absolute PCA loading"
Radiomics,Gradient Boosting,2,original__shape__Flatness,0.013906828856035853,0.013906828856035853,"native tree importance in PCA space, distributed by absolute PCA loading"
Radiomics,Gradient Boosting,2,original__shape__LeastAxisLength,0.012313780960620462,0.012313780960620462,"native tree importance in PCA space, distributed by absolute PCA loading"
Radiomics,Gradient Boosting,2,original__shape__MajorAxisLength,0.01858930193528547,0.01858930193528547,"native tree importance in PCA space, distributed by absolute PCA loading"
Radiomics,Gradient Boosting,2,original__shape__Maximum2DDiameterColumn,0.00821675579988568,0.00821675579988568,"native tree importance in PCA space, distributed by absolute PCA loading"
Radiomics,Gradient Boosting,2,original__shape__Maximum2DDiameterRow,0.004555377773506813,0.004555377773506813,"native tree importance in PCA space, distributed by absolute PCA loading"
Radiomics,Gradient Boosting,2,original__shape__Maximum2DDiameterSlice,0.030294764921276064,0.030294764921276064,"native tree importance in PCA space, distributed by absolute PCA loading"
Radiomics,Gradient Boosting,2,original__shape__Maximum3DDiameter,0.027072127109896257,0.027072127109896257,"native tree importance in PCA space, distributed by absolute PCA loading"
Radiomics,Gradient Boosting,2,original__shape__MeshVolume,0.00586947692632621,0.00586947692632621,"native tree importance in PCA space, distributed by absolute PCA loading"
Radiomics,Gradient Boosting,2,original__shape__MinorAxisLength,0.021749070358410446,0.021749070358410446,"native tree importance in PCA space, distributed by absolute PCA loading"
Radiomics,Gradient Boosting,2,original__shape__Sphericity,0.008281292750590096,0.008281292750590096,"native tree importance in PCA space, distributed by absolute PCA loading"
Radiomics,Gradient Boosting,2,original__shape__SurfaceArea,0.004898261725473696,0.004898261725473696,"native tree importance in PCA space, distributed by absolute PCA loading"
Radiomics,Gradient Boosting,2,original__shape__SurfaceVolumeRatio,0.02071949407542406,0.02071949407542406,"native tree importance in PCA space, distributed by absolute PCA loading"
Radiomics,Gradient Boosting,2,original__shape__VoxelVolume,0.003395346705184981,0.003395346705184981,"native tree importance in PCA space, distributed by absolute PCA loading"
Radiomics,Gradient Boosting,2,original__firstorder__10Percentile,0.010973545178405441,0.010973545178405441,"native tree importance in PCA space, distributed by absolute PCA loading"
Radiomics,Gradient Boosting,2,original__firstorder__90Percentile,0.008908569717442864,0.008908569717442864,"native tree importance in PCA space, distributed by absolute PCA loading"
Radiomics,Gradient Boosting,2,original__firstorder__Energy,0.0042973369463240344,0.0042973369463240344,"native tree importance in PCA space, distributed by absolute PCA loading"
Radiomics,Gradient Boosting,2,original__firstorder__Entropy,0.0064566996666897995,0.0064566996666897995,"native tree importance in PCA space, distributed by absolute PCA loading"
Radiomics,Gradient Boosting,2,original__firstorder__InterquartileRange,0.009497781445326998,0.009497781445326998,"native tree importance in PCA space, distributed by absolute PCA loading"
Radiomics,Gradient Boosting,2,original__firstorder__Kurtosis,0.03110180850578628,0.03110180850578628,"native tree importance in PCA space, distributed by absolute PCA loading"
Radiomics,Gradient Boosting,2,original__firstorder__Maximum,0.01979016769457733,0.01979016769457733,"native tree importance in PCA space, distributed by absolute PCA loading"
Radiomics,Gradient Boosting,2,original__firstorder__MeanAbsoluteDeviation,0.005585635622818966,0.005585635622818966,"native tree importance in PCA space, distributed by absolute PCA loading"
Radiomics,Gradient Boosting,2,original__firstorder__Mean,0.01067502645988348,0.01067502645988348,"native tree importance in PCA space, distributed by absolute PCA loading"
Radiomics,Gradient Boosting,2,original__firstorder__Median,0.007870475636035006,0.007870475636035006,"native tree importance in PCA space, distributed by absolute PCA loading"
Radiomics,Gradient Boosting,2,original__firstorder__Minimum,0.0062879478361043874,0.0062879478361043874,"native tree importance in PCA space, distributed by absolute PCA loading"
Radiomics,Gradient Boosting,2,original__firstorder__Range,0.013186966042921314,0.013186966042921314,"native tree importance in PCA space, distributed by absolute PCA loading"
Radiomics,Gradient Boosting,2,original__firstorder__RobustMeanAbsoluteDeviation,0.004449558525188355,0.004449558525188355,"native tree importance in PCA space, distributed by absolute PCA loading"
Radiomics,Gradient Boosting,2,original__firstorder__RootMeanSquared,0.009336557806485329,0.009336557806485329,"native tree importance in PCA space, distributed by absolute PCA loading"
Radiomics,Gradient Boosting,2,original__firstorder__Skewness,0.00501794694649365,0.00501794694649365,"native tree importance in PCA space, distributed by absolute PCA loading"
Radiomics,Gradient Boosting,2,original__firstorder__TotalEnergy,0.005061919745931857,0.005061919745931857,"native tree importance in PCA space, distributed by absolute PCA loading"
Radiomics,Gradient Boosting,2,original__firstorder__Uniformity,0.010823474827420746,0.010823474827420746,"native tree importance in PCA space, distributed by absolute PCA loading"
Radiomics,Gradient Boosting,2,original__firstorder__Variance,0.00440479392929834,0.00440479392929834,"native tree importance in PCA space, distributed by absolute PCA loading"
Radiomics,Gradient Boosting,2,original__glcm__Autocorrelation,0.005596572954276503,0.005596572954276503,"native tree importance in PCA space, distributed by absolute PCA loading"
Radiomics,Gradient Boosting,2,original__glcm__ClusterProminence,0.0051387108424614325,0.0051387108424614325,"native tree importance in PCA space, distributed by absolute PCA loading"
Radiomics,Gradient Boosting,2,original__glcm__ClusterShade,0.02444999246512675,0.02444999246512675,"native tree importance in PCA space, distributed by absolute PCA loading"
Radiomics,Gradient Boosting,2,original__glcm__ClusterTendency,0.005160257899137416,0.005160257899137416,"native tree importance in PCA space, distributed by absolute PCA loading"
Radiomics,Gradient Boosting,2,original__glcm__Contrast,0.0064490884345337705,0.0064490884345337705,"native tree importance in PCA space, distributed by absolute PCA loading"
Radiomics,Gradient Boosting,2,original__glcm__Correlation,0.007394755040815566,0.007394755040815566,"native tree importance in PCA space, distributed by absolute PCA loading"
Radiomics,Gradient Boosting,2,original__glcm__DifferenceAverage,0.005735210810209317,0.005735210810209317,"native tree importance in PCA space, distributed by absolute PCA loading"
Radiomics,Gradient Boosting,2,original__glcm__DifferenceEntropy,0.00586187770662284,0.00586187770662284,"native tree importance in PCA space, distributed by absolute PCA loading"
Radiomics,Gradient Boosting,2,original__glcm__DifferenceVariance,0.006374520026168893,0.006374520026168893,"native tree importance in PCA space, distributed by absolute PCA loading"
Radiomics,Gradient Boosting,2,original__glcm__Id,0.005348274787783234,0.005348274787783234,"native tree importance in PCA space, distributed by absolute PCA loading"
Radiomics,Gradient Boosting,2,original__glcm__Idm,0.011870174499122779,0.011870174499122779,"native tree importance in PCA space, distributed by absolute PCA loading"
Radiomics,Gradient Boosting,2,original__glcm__Idmn,0.0056288811322006554,0.0056288811322006554,"native tree importance in PCA space, distributed by absolute PCA loading"
Radiomics,Gradient Boosting,2,original__glcm__Idn,0.012637366751642941,0.012637366751642941,"native tree importance in PCA space, distributed by absolute PCA loading"
Radiomics,Gradient Boosting,2,original__glcm__Imc1,0.011288608415260026,0.011288608415260026,"native tree importance in PCA space, distributed by absolute PCA loading"
Radiomics,Gradient Boosting,2,original__glcm__Imc2,0.014237373310861133,0.014237373310861133,"native tree importance in PCA space, distributed by absolute PCA loading"
Radiomics,Gradient Boosting,2,original__glcm__InverseVariance,0.005060153712373119,0.005060153712373119,"native tree importance in PCA space, distributed by absolute PCA loading"
Radiomics,Gradient Boosting,2,original__glcm__JointAverage,0.008499222467820117,0.008499222467820117,"native tree importance in PCA space, distributed by absolute PCA loading"
Radiomics,Gradient Boosting,2,original__glcm__JointEnergy,0.011736984623793564,0.011736984623793564,"native tree importance in PCA space, distributed by absolute PCA loading"
Radiomics,Gradient Boosting,2,original__glcm__JointEntropy,0.004979619328872038,0.004979619328872038,"native tree importance in PCA space, distributed by absolute PCA loading"
Radiomics,Gradient Boosting,2,original__glcm__MCC,0.006031592150951062,0.006031592150951062,"native tree importance in PCA space, distributed by absolute PCA loading"
Radiomics,Gradient Boosting,2,original__glcm__MaximumProbability,0.005711854655223798,0.005711854655223798,"native tree importance in PCA space, distributed by absolute PCA loading"
Radiomics,Gradient Boosting,2,original__glcm__SumAverage,0.005729081240045082,0.005729081240045082,"native tree importance in PCA space, distributed by absolute PCA loading"
Radiomics,Gradient Boosting,2,original__glcm__SumEntropy,0.004745303286805938,0.004745303286805938,"native tree importance in PCA space, distributed by absolute PCA loading"
Radiomics,Gradient Boosting,2,original__glcm__SumSquares,0.00519154455834605,0.00519154455834605,"native tree importance in PCA space, distributed by absolute PCA loading"
Radiomics,Gradient Boosting,2,original__gldm__DependenceEntropy,0.007894059444923248,0.007894059444923248,"native tree importance in PCA space, distributed by absolute PCA loading"
Radiomics,Gradient Boosting,2,original__gldm__DependenceNonUniformity,0.006321611015509609,0.006321611015509609,"native tree importance in PCA space, distributed by absolute PCA loading"
Radiomics,Gradient Boosting,2,original__gldm__DependenceNonUniformityNormalized,0.01441562039790736,0.01441562039790736,"native tree importance in PCA space, distributed by absolute PCA loading"
Radiomics,Gradient Boosting,2,original__gldm__DependenceVariance,0.009357586562145746,0.009357586562145746,"native tree importance in PCA space, distributed by absolute PCA loading"
Radiomics,Gradient Boosting,2,original__gldm__GrayLevelNonUniformity,0.006409321126747735,0.006409321126747735,"native tree importance in PCA space, distributed by absolute PCA loading"
Radiomics,Gradient Boosting,2,original__gldm__GrayLevelVariance,0.005335855689552019,0.005335855689552019,"native tree importance in PCA space, distributed by absolute PCA loading"
Radiomics,Gradient Boosting,2,original__gldm__HighGrayLevelEmphasis,0.008723756653064539,0.008723756653064539,"native tree importance in PCA space, distributed by absolute PCA loading"
Radiomics,Gradient Boosting,2,original__gldm__LargeDependenceEmphasis,0.009063326263560982,0.009063326263560982,"native tree importance in PCA space, distributed by absolute PCA loading"
Radiomics,Gradient Boosting,2,original__gldm__LargeDependenceHighGrayLevelEmphasis,0.005440667594269907,0.005440667594269907,"native tree importance in PCA space, distributed by absolute PCA loading"
Radiomics,Gradient Boosting,2,original__gldm__LargeDependenceLowGrayLevelEmphasis,0.010825718311597904,0.010825718311597904,"native tree importance in PCA space, distributed by absolute PCA loading"
Radiomics,Gradient Boosting,2,original__gldm__LowGrayLevelEmphasis,0.012061524694200208,0.012061524694200208,"native tree importance in PCA space, distributed by absolute PCA loading"
Radiomics,Gradient Boosting,2,original__gldm__SmallDependenceEmphasis,0.009383323238870145,0.009383323238870145,"native tree importance in PCA space, distributed by absolute PCA loading"
Radiomics,Gradient Boosting,2,original__gldm__SmallDependenceHighGrayLevelEmphasis,0.006118236471733307,0.006118236471733307,"native tree importance in PCA space, distributed by absolute PCA loading"
Radiomics,Gradient Boosting,2,original__gldm__SmallDependenceLowGrayLevelEmphasis,0.014202657277809925,0.014202657277809925,"native tree importance in PCA space, distributed by absolute PCA loading"
Radiomics,Gradient Boosting,2,original__glrlm__GrayLevelNonUniformity,0.006086846828391734,0.006086846828391734,"native tree importance in PCA space, distributed by absolute PCA loading"
Radiomics,Gradient Boosting,2,original__glrlm__GrayLevelNonUniformityNormalized,0.005963255605596195,0.005963255605596195,"native tree importance in PCA space, distributed by absolute PCA loading"
Radiomics,Gradient Boosting,2,original__glrlm__GrayLevelVariance,0.005418001329981657,0.005418001329981657,"native tree importance in PCA space, distributed by absolute PCA loading"
Radiomics,Gradient Boosting,2,original__glrlm__HighGrayLevelRunEmphasis,0.008640167835878086,0.008640167835878086,"native tree importance in PCA space, distributed by absolute PCA loading"
Radiomics,Gradient Boosting,2,original__glrlm__LongRunEmphasis,0.008949945098413545,0.008949945098413545,"native tree importance in PCA space, distributed by absolute PCA loading"
Radiomics,Gradient Boosting,2,original__glrlm__LongRunHighGrayLevelEmphasis,0.011556919032372265,0.011556919032372265,"native tree importance in PCA space, distributed by absolute PCA loading"
Radiomics,Gradient Boosting,2,original__glrlm__LongRunLowGrayLevelEmphasis,0.01234155132256321,0.01234155132256321,"native tree importance in PCA space, distributed by absolute PCA loading"
Radiomics,Gradient Boosting,2,original__glrlm__LowGrayLevelRunEmphasis,0.013208599127689628,0.013208599127689628,"native tree importance in PCA space, distributed by absolute PCA loading"
Radiomics,Gradient Boosting,2,original__glrlm__RunEntropy,0.0103353741198045,0.0103353741198045,"native tree importance in PCA space, distributed by absolute PCA loading"
Radiomics,Gradient Boosting,2,original__glrlm__RunLengthNonUniformity,0.009016228270804224,0.009016228270804224,"native tree importance in PCA space, distributed by absolute PCA loading"
Radiomics,Gradient Boosting,2,original__glrlm__RunLengthNonUniformityNormalized,0.006091094893014284,0.006091094893014284,"native tree importance in PCA space, distributed by absolute PCA loading"
Radiomics,Gradient Boosting,2,original__glrlm__RunPercentage,0.013588213070246439,0.013588213070246439,"native tree importance in PCA space, distributed by absolute PCA loading"
Radiomics,Gradient Boosting,2,original__glrlm__RunVariance,0.006737788031787005,0.006737788031787005,"native tree importance in PCA space, distributed by absolute PCA loading"
Radiomics,Gradient Boosting,2,original__glrlm__ShortRunEmphasis,0.004586447927573251,0.004586447927573251,"native tree importance in PCA space, distributed by absolute PCA loading"
Radiomics,Gradient Boosting,2,original__glrlm__ShortRunHighGrayLevelEmphasis,0.005717649301034388,0.005717649301034388,"native tree importance in PCA space, distributed by absolute PCA loading"
Radiomics,Gradient Boosting,2,original__glrlm__ShortRunLowGrayLevelEmphasis,0.013550441792773999,0.013550441792773999,"native tree importance in PCA space, distributed by absolute PCA loading"
Radiomics,Gradient Boosting,2,original__glszm__GrayLevelNonUniformity,0.01227022595312369,0.01227022595312369,"native tree importance in PCA space, distributed by absolute PCA loading"
Radiomics,Gradient Boosting,2,original__glszm__GrayLevelNonUniformityNormalized,0.00425858557257029,0.00425858557257029,"native tree importance in PCA space, distributed by absolute PCA loading"
Radiomics,Gradient Boosting,2,original__glszm__GrayLevelVariance,0.006111731091713634,0.006111731091713634,"native tree importance in PCA space, distributed by absolute PCA loading"
Radiomics,Gradient Boosting,2,original__glszm__HighGrayLevelZoneEmphasis,0.008468726581170824,0.008468726581170824,"native tree importance in PCA space, distributed by absolute PCA loading"
Radiomics,Gradient Boosting,2,original__glszm__LargeAreaEmphasis,0.009927288439285984,0.009927288439285984,"native tree importance in PCA space, distributed by absolute PCA loading"
Radiomics,Gradient Boosting,2,original__glszm__LargeAreaHighGrayLevelEmphasis,0.010615425149837845,0.010615425149837845,"native tree importance in PCA space, distributed by absolute PCA loading"
Radiomics,Gradient Boosting,2,original__glszm__LargeAreaLowGrayLevelEmphasis,0.012167243169247628,0.012167243169247628,"native tree importance in PCA space, distributed by absolute PCA loading"
Radiomics,Gradient Boosting,2,original__glszm__LowGrayLevelZoneEmphasis,0.012172828608287493,0.012172828608287493,"native tree importance in PCA space, distributed by absolute PCA loading"
Radiomics,Gradient Boosting,2,original__glszm__SizeZoneNonUniformity,0.016323846657565522,0.016323846657565522,"native tree importance in PCA space, distributed by absolute PCA loading"
Radiomics,Gradient Boosting,2,original__glszm__SizeZoneNonUniformityNormalized,0.004783158781650584,0.004783158781650584,"native tree importance in PCA space, distributed by absolute PCA loading"
Radiomics,Gradient Boosting,2,original__glszm__SmallAreaEmphasis,0.007214171617079629,0.007214171617079629,"native tree importance in PCA space, distributed by absolute PCA loading"
Radiomics,Gradient Boosting,2,original__glszm__SmallAreaHighGrayLevelEmphasis,0.005699558108497989,0.005699558108497989,"native tree importance in PCA space, distributed by absolute PCA loading"
Radiomics,Gradient Boosting,2,original__glszm__SmallAreaLowGrayLevelEmphasis,0.008216877022357339,0.008216877022357339,"native tree importance in PCA space, distributed by absolute PCA loading"
Radiomics,Gradient Boosting,2,original__glszm__ZoneEntropy,0.006964751276861332,0.006964751276861332,"native tree importance in PCA space, distributed by absolute PCA loading"
Radiomics,Gradient Boosting,2,original__glszm__ZonePercentage,0.009982553349794306,0.009982553349794306,"native tree importance in PCA space, distributed by absolute PCA loading"
Radiomics,Gradient Boosting,2,original__glszm__ZoneVariance,0.009917057951910644,0.009917057951910644,"native tree importance in PCA space, distributed by absolute PCA loading"
Radiomics,Gradient Boosting,2,original__ngtdm__Busyness,0.007812997771278222,0.007812997771278222,"native tree importance in PCA space, distributed by absolute PCA loading"
Radiomics,Gradient Boosting,2,original__ngtdm__Coarseness,0.007136135266379001,0.007136135266379001,"native tree importance in PCA space, distributed by absolute PCA loading"
Radiomics,Gradient Boosting,2,original__ngtdm__Complexity,0.004863544130867766,0.004863544130867766,"native tree importance in PCA space, distributed by absolute PCA loading"
Radiomics,Gradient Boosting,2,original__ngtdm__Contrast,0.006210412906756925,0.006210412906756925,"native tree importance in PCA space, distributed by absolute PCA loading"
Radiomics,Gradient Boosting,2,original__ngtdm__Strength,0.005807691798389991,0.005807691798389991,"native tree importance in PCA space, distributed by absolute PCA loading"
Radiomics,Gradient Boosting,3,original__shape__Elongation,0.008875453591485071,0.008875453591485071,"native tree importance in PCA space, distributed by absolute PCA loading"
Radiomics,Gradient Boosting,3,original__shape__Flatness,0.012958729822129115,0.012958729822129115,"native tree importance in PCA space, distributed by absolute PCA loading"
Radiomics,Gradient Boosting,3,original__shape__LeastAxisLength,0.011388655141634828,0.011388655141634828,"native tree importance in PCA space, distributed by absolute PCA loading"
Radiomics,Gradient Boosting,3,original__shape__MajorAxisLength,0.017086905545201155,0.017086905545201155,"native tree importance in PCA space, distributed by absolute PCA loading"
Radiomics,Gradient Boosting,3,original__shape__Maximum2DDiameterColumn,0.011775870016877233,0.011775870016877233,"native tree importance in PCA space, distributed by absolute PCA loading"
Radiomics,Gradient Boosting,3,original__shape__Maximum2DDiameterRow,0.011479450377022679,0.011479450377022679,"native tree importance in PCA space, distributed by absolute PCA loading"
Radiomics,Gradient Boosting,3,original__shape__Maximum2DDiameterSlice,0.01393552419746217,0.01393552419746217,"native tree importance in PCA space, distributed by absolute PCA loading"
Radiomics,Gradient Boosting,3,original__shape__Maximum3DDiameter,0.015099811620535046,0.015099811620535046,"native tree importance in PCA space, distributed by absolute PCA loading"
Radiomics,Gradient Boosting,3,original__shape__MeshVolume,0.012102652877786805,0.012102652877786805,"native tree importance in PCA space, distributed by absolute PCA loading"
Radiomics,Gradient Boosting,3,original__shape__MinorAxisLength,0.01607856460738832,0.01607856460738832,"native tree importance in PCA space, distributed by absolute PCA loading"
Radiomics,Gradient Boosting,3,original__shape__Sphericity,0.01049268008319074,0.01049268008319074,"native tree importance in PCA space, distributed by absolute PCA loading"
Radiomics,Gradient Boosting,3,original__shape__SurfaceArea,0.010252673914001083,0.010252673914001083,"native tree importance in PCA space, distributed by absolute PCA loading"
Radiomics,Gradient Boosting,3,original__shape__SurfaceVolumeRatio,0.011817748693633903,0.011817748693633903,"native tree importance in PCA space, distributed by absolute PCA loading"
Radiomics,Gradient Boosting,3,original__shape__VoxelVolume,0.010849014509406191,0.010849014509406191,"native tree importance in PCA space, distributed by absolute PCA loading"
Radiomics,Gradient Boosting,3,original__firstorder__10Percentile,0.011841138871970499,0.011841138871970499,"native tree importance in PCA space, distributed by absolute PCA loading"
Radiomics,Gradient Boosting,3,original__firstorder__90Percentile,0.008117055108940376,0.008117055108940376,"native tree importance in PCA space, distributed by absolute PCA loading"
Radiomics,Gradient Boosting,3,original__firstorder__Energy,0.010097393998775054,0.010097393998775054,"native tree importance in PCA space, distributed by absolute PCA loading"
Radiomics,Gradient Boosting,3,original__firstorder__Entropy,0.004443592236105151,0.004443592236105151,"native tree importance in PCA space, distributed by absolute PCA loading"
Radiomics,Gradient Boosting,3,original__firstorder__InterquartileRange,0.012794456164386667,0.012794456164386667,"native tree importance in PCA space, distributed by absolute PCA loading"
Radiomics,Gradient Boosting,3,original__firstorder__Kurtosis,0.015108125083965297,0.015108125083965297,"native tree importance in PCA space, distributed by absolute PCA loading"
Radiomics,Gradient Boosting,3,original__firstorder__Maximum,0.013113052415225455,0.013113052415225455,"native tree importance in PCA space, distributed by absolute PCA loading"
Radiomics,Gradient Boosting,3,original__firstorder__MeanAbsoluteDeviation,0.006149299530172519,0.006149299530172519,"native tree importance in PCA space, distributed by absolute PCA loading"
Radiomics,Gradient Boosting,3,original__firstorder__Mean,0.013035155480948826,0.013035155480948826,"native tree importance in PCA space, distributed by absolute PCA loading"
Radiomics,Gradient Boosting,3,original__firstorder__Median,0.009850407166115039,0.009850407166115039,"native tree importance in PCA space, distributed by absolute PCA loading"
Radiomics,Gradient Boosting,3,original__firstorder__Minimum,0.005160947099264126,0.005160947099264126,"native tree importance in PCA space, distributed by absolute PCA loading"
Radiomics,Gradient Boosting,3,original__firstorder__Range,0.008180954182292827,0.008180954182292827,"native tree importance in PCA space, distributed by absolute PCA loading"
Radiomics,Gradient Boosting,3,original__firstorder__RobustMeanAbsoluteDeviation,0.013151131315692746,0.013151131315692746,"native tree importance in PCA space, distributed by absolute PCA loading"
Radiomics,Gradient Boosting,3,original__firstorder__RootMeanSquared,0.011770283570942482,0.011770283570942482,"native tree importance in PCA space, distributed by absolute PCA loading"
Radiomics,Gradient Boosting,3,original__firstorder__Skewness,0.012812707603788496,0.012812707603788496,"native tree importance in PCA space, distributed by absolute PCA loading"
Radiomics,Gradient Boosting,3,original__firstorder__TotalEnergy,0.01104753891073617,0.01104753891073617,"native tree importance in PCA space, distributed by absolute PCA loading"
Radiomics,Gradient Boosting,3,original__firstorder__Uniformity,0.0058508731557649855,0.0058508731557649855,"native tree importance in PCA space, distributed by absolute PCA loading"
Radiomics,Gradient Boosting,3,original__firstorder__Variance,0.008741080421711973,0.008741080421711973,"native tree importance in PCA space, distributed by absolute PCA loading"
Radiomics,Gradient Boosting,3,original__glcm__Autocorrelation,0.005008555527281344,0.005008555527281344,"native tree importance in PCA space, distributed by absolute PCA loading"
Radiomics,Gradient Boosting,3,original__glcm__ClusterProminence,0.007798406882644843,0.007798406882644843,"native tree importance in PCA space, distributed by absolute PCA loading"
Radiomics,Gradient Boosting,3,original__glcm__ClusterShade,0.013374328488004697,0.013374328488004697,"native tree importance in PCA space, distributed by absolute PCA loading"
Radiomics,Gradient Boosting,3,original__glcm__ClusterTendency,0.007785340772154408,0.007785340772154408,"native tree importance in PCA space, distributed by absolute PCA loading"
Radiomics,Gradient Boosting,3,original__glcm__Contrast,0.007634195629632186,0.007634195629632186,"native tree importance in PCA space, distributed by absolute PCA loading"
Radiomics,Gradient Boosting,3,original__glcm__Correlation,0.018353999455396737,0.018353999455396737,"native tree importance in PCA space, distributed by absolute PCA loading"
Radiomics,Gradient Boosting,3,original__glcm__DifferenceAverage,0.00543798891672224,0.00543798891672224,"native tree importance in PCA space, distributed by absolute PCA loading"
Radiomics,Gradient Boosting,3,original__glcm__DifferenceEntropy,0.0046912903206224234,0.0046912903206224234,"native tree importance in PCA space, distributed by absolute PCA loading"
Radiomics,Gradient Boosting,3,original__glcm__DifferenceVariance,0.008512140051670667,0.008512140051670667,"native tree importance in PCA space, distributed by absolute PCA loading"
Radiomics,Gradient Boosting,3,original__glcm__Id,0.006351197728953745,0.006351197728953745,"native tree importance in PCA space, distributed by absolute PCA loading"
Radiomics,Gradient Boosting,3,original__glcm__Idm,0.006380419023169853,0.006380419023169853,"native tree importance in PCA space, distributed by absolute PCA loading"
Radiomics,Gradient Boosting,3,original__glcm__Idmn,0.010345548726714244,0.010345548726714244,"native tree importance in PCA space, distributed by absolute PCA loading"
Radiomics,Gradient Boosting,3,original__glcm__Idn,0.009629510158213351,0.009629510158213351,"native tree importance in PCA space, distributed by absolute PCA loading"
Radiomics,Gradient Boosting,3,original__glcm__Imc1,0.008132929049591767,0.008132929049591767,"native tree importance in PCA space, distributed by absolute PCA loading"
Radiomics,Gradient Boosting,3,original__glcm__Imc2,0.007977547639359529,0.007977547639359529,"native tree importance in PCA space, distributed by absolute PCA loading"
Radiomics,Gradient Boosting,3,original__glcm__InverseVariance,0.006915678257819406,0.006915678257819406,"native tree importance in PCA space, distributed by absolute PCA loading"
Radiomics,Gradient Boosting,3,original__glcm__JointAverage,0.0064857576187612965,0.0064857576187612965,"native tree importance in PCA space, distributed by absolute PCA loading"
Radiomics,Gradient Boosting,3,original__glcm__JointEnergy,0.0070796153195248025,0.0070796153195248025,"native tree importance in PCA space, distributed by absolute PCA loading"
Radiomics,Gradient Boosting,3,original__glcm__JointEntropy,0.0055481125840313615,0.0055481125840313615,"native tree importance in PCA space, distributed by absolute PCA loading"
Radiomics,Gradient Boosting,3,original__glcm__MCC,0.016770379719296576,0.016770379719296576,"native tree importance in PCA space, distributed by absolute PCA loading"
Radiomics,Gradient Boosting,3,original__glcm__MaximumProbability,0.007910580764040966,0.007910580764040966,"native tree importance in PCA space, distributed by absolute PCA loading"
Radiomics,Gradient Boosting,3,original__glcm__SumAverage,0.004929218800407031,0.004929218800407031,"native tree importance in PCA space, distributed by absolute PCA loading"
Radiomics,Gradient Boosting,3,original__glcm__SumEntropy,0.0057818353399584676,0.0057818353399584676,"native tree importance in PCA space, distributed by absolute PCA loading"
Radiomics,Gradient Boosting,3,original__glcm__SumSquares,0.00775717451676153,0.00775717451676153,"native tree importance in PCA space, distributed by absolute PCA loading"
Radiomics,Gradient Boosting,3,original__gldm__DependenceEntropy,0.010117426859460148,0.010117426859460148,"native tree importance in PCA space, distributed by absolute PCA loading"
Radiomics,Gradient Boosting,3,original__gldm__DependenceNonUniformity,0.011939204803310673,0.011939204803310673,"native tree importance in PCA space, distributed by absolute PCA loading"
Radiomics,Gradient Boosting,3,original__gldm__DependenceNonUniformityNormalized,0.010737125311745404,0.010737125311745404,"native tree importance in PCA space, distributed by absolute PCA loading"
Radiomics,Gradient Boosting,3,original__gldm__DependenceVariance,0.01694256327300702,0.01694256327300702,"native tree importance in PCA space, distributed by absolute PCA loading"
Radiomics,Gradient Boosting,3,original__gldm__GrayLevelNonUniformity,0.007865165113415005,0.007865165113415005,"native tree importance in PCA space, distributed by absolute PCA loading"
Radiomics,Gradient Boosting,3,original__gldm__GrayLevelVariance,0.0073023173468642006,0.0073023173468642006,"native tree importance in PCA space, distributed by absolute PCA loading"
Radiomics,Gradient Boosting,3,original__gldm__HighGrayLevelEmphasis,0.006508190094880845,0.006508190094880845,"native tree importance in PCA space, distributed by absolute PCA loading"
Radiomics,Gradient Boosting,3,original__gldm__LargeDependenceEmphasis,0.010509777658003877,0.010509777658003877,"native tree importance in PCA space, distributed by absolute PCA loading"
Radiomics,Gradient Boosting,3,original__gldm__LargeDependenceHighGrayLevelEmphasis,0.008816396555803678,0.008816396555803678,"native tree importance in PCA space, distributed by absolute PCA loading"
Radiomics,Gradient Boosting,3,original__gldm__LargeDependenceLowGrayLevelEmphasis,0.009707753676487291,0.009707753676487291,"native tree importance in PCA space, distributed by absolute PCA loading"
Radiomics,Gradient Boosting,3,original__gldm__LowGrayLevelEmphasis,0.006356165493203151,0.006356165493203151,"native tree importance in PCA space, distributed by absolute PCA loading"
Radiomics,Gradient Boosting,3,original__gldm__SmallDependenceEmphasis,0.0068926187495760155,0.0068926187495760155,"native tree importance in PCA space, distributed by absolute PCA loading"
Radiomics,Gradient Boosting,3,original__gldm__SmallDependenceHighGrayLevelEmphasis,0.004966801008231495,0.004966801008231495,"native tree importance in PCA space, distributed by absolute PCA loading"
Radiomics,Gradient Boosting,3,original__gldm__SmallDependenceLowGrayLevelEmphasis,0.008757571488618686,0.008757571488618686,"native tree importance in PCA space, distributed by absolute PCA loading"
Radiomics,Gradient Boosting,3,original__glrlm__GrayLevelNonUniformity,0.008605826068802136,0.008605826068802136,"native tree importance in PCA space, distributed by absolute PCA loading"
Radiomics,Gradient Boosting,3,original__glrlm__GrayLevelNonUniformityNormalized,0.004185222992955949,0.004185222992955949,"native tree importance in PCA space, distributed by absolute PCA loading"
Radiomics,Gradient Boosting,3,original__glrlm__GrayLevelVariance,0.007102696362854276,0.007102696362854276,"native tree importance in PCA space, distributed by absolute PCA loading"
Radiomics,Gradient Boosting,3,original__glrlm__HighGrayLevelRunEmphasis,0.00647561652930325,0.00647561652930325,"native tree importance in PCA space, distributed by absolute PCA loading"
Radiomics,Gradient Boosting,3,original__glrlm__LongRunEmphasis,0.00989923751296667,0.00989923751296667,"native tree importance in PCA space, distributed by absolute PCA loading"
Radiomics,Gradient Boosting,3,original__glrlm__LongRunHighGrayLevelEmphasis,0.007548040981022143,0.007548040981022143,"native tree importance in PCA space, distributed by absolute PCA loading"
Radiomics,Gradient Boosting,3,original__glrlm__LongRunLowGrayLevelEmphasis,0.007453168843768413,0.007453168843768413,"native tree importance in PCA space, distributed by absolute PCA loading"
Radiomics,Gradient Boosting,3,original__glrlm__LowGrayLevelRunEmphasis,0.007982636616619056,0.007982636616619056,"native tree importance in PCA space, distributed by absolute PCA loading"
Radiomics,Gradient Boosting,3,original__glrlm__RunEntropy,0.006244795624525012,0.006244795624525012,"native tree importance in PCA space, distributed by absolute PCA loading"
Radiomics,Gradient Boosting,3,original__glrlm__RunLengthNonUniformity,0.011350121627313085,0.011350121627313085,"native tree importance in PCA space, distributed by absolute PCA loading"
Radiomics,Gradient Boosting,3,original__glrlm__RunLengthNonUniformityNormalized,0.007466178730239661,0.007466178730239661,"native tree importance in PCA space, distributed by absolute PCA loading"
Radiomics,Gradient Boosting,3,original__glrlm__RunPercentage,0.009798780294939937,0.009798780294939937,"native tree importance in PCA space, distributed by absolute PCA loading"
Radiomics,Gradient Boosting,3,original__glrlm__RunVariance,0.012057011897696137,0.012057011897696137,"native tree importance in PCA space, distributed by absolute PCA loading"
Radiomics,Gradient Boosting,3,original__glrlm__ShortRunEmphasis,0.006181629523630574,0.006181629523630574,"native tree importance in PCA space, distributed by absolute PCA loading"
Radiomics,Gradient Boosting,3,original__glrlm__ShortRunHighGrayLevelEmphasis,0.004863060456432288,0.004863060456432288,"native tree importance in PCA space, distributed by absolute PCA loading"
Radiomics,Gradient Boosting,3,original__glrlm__ShortRunLowGrayLevelEmphasis,0.008188837086377746,0.008188837086377746,"native tree importance in PCA space, distributed by absolute PCA loading"
Radiomics,Gradient Boosting,3,original__glszm__GrayLevelNonUniformity,0.015655664586594755,0.015655664586594755,"native tree importance in PCA space, distributed by absolute PCA loading"
Radiomics,Gradient Boosting,3,original__glszm__GrayLevelNonUniformityNormalized,0.007770848756511466,0.007770848756511466,"native tree importance in PCA space, distributed by absolute PCA loading"
Radiomics,Gradient Boosting,3,original__glszm__GrayLevelVariance,0.006770098471724977,0.006770098471724977,"native tree importance in PCA space, distributed by absolute PCA loading"
Radiomics,Gradient Boosting,3,original__glszm__HighGrayLevelZoneEmphasis,0.006449910223265312,0.006449910223265312,"native tree importance in PCA space, distributed by absolute PCA loading"
Radiomics,Gradient Boosting,3,original__glszm__LargeAreaEmphasis,0.00760072189726969,0.00760072189726969,"native tree importance in PCA space, distributed by absolute PCA loading"
Radiomics,Gradient Boosting,3,original__glszm__LargeAreaHighGrayLevelEmphasis,0.007332057350110683,0.007332057350110683,"native tree importance in PCA space, distributed by absolute PCA loading"
Radiomics,Gradient Boosting,3,original__glszm__LargeAreaLowGrayLevelEmphasis,0.01207478568742943,0.01207478568742943,"native tree importance in PCA space, distributed by absolute PCA loading"
Radiomics,Gradient Boosting,3,original__glszm__LowGrayLevelZoneEmphasis,0.005951891949253442,0.005951891949253442,"native tree importance in PCA space, distributed by absolute PCA loading"
Radiomics,Gradient Boosting,3,original__glszm__SizeZoneNonUniformity,0.010302507170497133,0.010302507170497133,"native tree importance in PCA space, distributed by absolute PCA loading"
Radiomics,Gradient Boosting,3,original__glszm__SizeZoneNonUniformityNormalized,0.00986099786707655,0.00986099786707655,"native tree importance in PCA space, distributed by absolute PCA loading"
Radiomics,Gradient Boosting,3,original__glszm__SmallAreaEmphasis,0.009685216179539843,0.009685216179539843,"native tree importance in PCA space, distributed by absolute PCA loading"
Radiomics,Gradient Boosting,3,original__glszm__SmallAreaHighGrayLevelEmphasis,0.006026328112528405,0.006026328112528405,"native tree importance in PCA space, distributed by absolute PCA loading"
Radiomics,Gradient Boosting,3,original__glszm__SmallAreaLowGrayLevelEmphasis,0.005833067042508352,0.005833067042508352,"native tree importance in PCA space, distributed by absolute PCA loading"
Radiomics,Gradient Boosting,3,original__glszm__ZoneEntropy,0.01186525684672294,0.01186525684672294,"native tree importance in PCA space, distributed by absolute PCA loading"
Radiomics,Gradient Boosting,3,original__glszm__ZonePercentage,0.0075407640373824966,0.0075407640373824966,"native tree importance in PCA space, distributed by absolute PCA loading"
Radiomics,Gradient Boosting,3,original__glszm__ZoneVariance,0.007581983213892121,0.007581983213892121,"native tree importance in PCA space, distributed by absolute PCA loading"
Radiomics,Gradient Boosting,3,original__ngtdm__Busyness,0.012656045012030916,0.012656045012030916,"native tree importance in PCA space, distributed by absolute PCA loading"
Radiomics,Gradient Boosting,3,original__ngtdm__Coarseness,0.011066246242553193,0.011066246242553193,"native tree importance in PCA space, distributed by absolute PCA loading"
Radiomics,Gradient Boosting,3,original__ngtdm__Complexity,0.012667820559110305,0.012667820559110305,"native tree importance in PCA space, distributed by absolute PCA loading"
Radiomics,Gradient Boosting,3,original__ngtdm__Contrast,0.011226313137065251,0.011226313137065251,"native tree importance in PCA space, distributed by absolute PCA loading"
Radiomics,Gradient Boosting,3,original__ngtdm__Strength,0.009208858469592365,0.009208858469592365,"native tree importance in PCA space, distributed by absolute PCA loading"
Radiomics,Gradient Boosting,4,original__shape__Elongation,0.01641613779699995,0.016416137796999953,"native tree importance in PCA space, distributed by absolute PCA loading"
Radiomics,Gradient Boosting,4,original__shape__Flatness,0.007505314361571916,0.007505314361571918,"native tree importance in PCA space, distributed by absolute PCA loading"
Radiomics,Gradient Boosting,4,original__shape__LeastAxisLength,0.013804202985122506,0.01380420298512251,"native tree importance in PCA space, distributed by absolute PCA loading"
Radiomics,Gradient Boosting,4,original__shape__MajorAxisLength,0.018769781122666068,0.01876978112266607,"native tree importance in PCA space, distributed by absolute PCA loading"
Radiomics,Gradient Boosting,4,original__shape__Maximum2DDiameterColumn,0.012937926734134936,0.01293792673413494,"native tree importance in PCA space, distributed by absolute PCA loading"
Radiomics,Gradient Boosting,4,original__shape__Maximum2DDiameterRow,0.012815270247941726,0.01281527024794173,"native tree importance in PCA space, distributed by absolute PCA loading"
Radiomics,Gradient Boosting,4,original__shape__Maximum2DDiameterSlice,0.021892432966195606,0.02189243296619561,"native tree importance in PCA space, distributed by absolute PCA loading"
Radiomics,Gradient Boosting,4,original__shape__Maximum3DDiameter,0.0209279257954996,0.020927925795499604,"native tree importance in PCA space, distributed by absolute PCA loading"
Radiomics,Gradient Boosting,4,original__shape__MeshVolume,0.013493800599956814,0.013493800599956817,"native tree importance in PCA space, distributed by absolute PCA loading"
Radiomics,Gradient Boosting,4,original__shape__MinorAxisLength,0.013189200898285576,0.01318920089828558,"native tree importance in PCA space, distributed by absolute PCA loading"
Radiomics,Gradient Boosting,4,original__shape__Sphericity,0.011208973837095623,0.011208973837095624,"native tree importance in PCA space, distributed by absolute PCA loading"
Radiomics,Gradient Boosting,4,original__shape__SurfaceArea,0.008557936486431873,0.008557936486431874,"native tree importance in PCA space, distributed by absolute PCA loading"
Radiomics,Gradient Boosting,4,original__shape__SurfaceVolumeRatio,0.011619368858440596,0.011619368858440598,"native tree importance in PCA space, distributed by absolute PCA loading"
Radiomics,Gradient Boosting,4,original__shape__VoxelVolume,0.010521678514073303,0.010521678514073304,"native tree importance in PCA space, distributed by absolute PCA loading"
Radiomics,Gradient Boosting,4,original__firstorder__10Percentile,0.012079795609741,0.012079795609741003,"native tree importance in PCA space, distributed by absolute PCA loading"
Radiomics,Gradient Boosting,4,original__firstorder__90Percentile,0.003716395540296391,0.0037163955402963918,"native tree importance in PCA space, distributed by absolute PCA loading"
Radiomics,Gradient Boosting,4,original__firstorder__Energy,0.005007581053108781,0.005007581053108782,"native tree importance in PCA space, distributed by absolute PCA loading"
Radiomics,Gradient Boosting,4,original__firstorder__Entropy,0.006483451838345482,0.006483451838345484,"native tree importance in PCA space, distributed by absolute PCA loading"
Radiomics,Gradient Boosting,4,original__firstorder__InterquartileRange,0.012714954275896223,0.012714954275896227,"native tree importance in PCA space, distributed by absolute PCA loading"
Radiomics,Gradient Boosting,4,original__firstorder__Kurtosis,0.017514978034927676,0.01751497803492768,"native tree importance in PCA space, distributed by absolute PCA loading"
Radiomics,Gradient Boosting,4,original__firstorder__Maximum,0.020673686061833285,0.02067368606183329,"native tree importance in PCA space, distributed by absolute PCA loading"
Radiomics,Gradient Boosting,4,original__firstorder__MeanAbsoluteDeviation,0.004260011438945199,0.0042600114389452,"native tree importance in PCA space, distributed by absolute PCA loading"
Radiomics,Gradient Boosting,4,original__firstorder__Mean,0.008704280531336303,0.008704280531336305,"native tree importance in PCA space, distributed by absolute PCA loading"
Radiomics,Gradient Boosting,4,original__firstorder__Median,0.009916070015556227,0.009916070015556229,"native tree importance in PCA space, distributed by absolute PCA loading"
Radiomics,Gradient Boosting,4,original__firstorder__Minimum,0.003700695645546782,0.003700695645546783,"native tree importance in PCA space, distributed by absolute PCA loading"
Radiomics,Gradient Boosting,4,original__firstorder__Range,0.011873079246111428,0.011873079246111432,"native tree importance in PCA space, distributed by absolute PCA loading"
Radiomics,Gradient Boosting,4,original__firstorder__RobustMeanAbsoluteDeviation,0.012062317334715586,0.01206231733471559,"native tree importance in PCA space, distributed by absolute PCA loading"
Radiomics,Gradient Boosting,4,original__firstorder__RootMeanSquared,0.009055712018753468,0.00905571201875347,"native tree importance in PCA space, distributed by absolute PCA loading"
Radiomics,Gradient Boosting,4,original__firstorder__Skewness,0.010945823920984435,0.010945823920984437,"native tree importance in PCA space, distributed by absolute PCA loading"
Radiomics,Gradient Boosting,4,original__firstorder__TotalEnergy,0.00816541987609129,0.008165419876091292,"native tree importance in PCA space, distributed by absolute PCA loading"
Radiomics,Gradient Boosting,4,original__firstorder__Uniformity,0.004975787891008972,0.004975787891008973,"native tree importance in PCA space, distributed by absolute PCA loading"
Radiomics,Gradient Boosting,4,original__firstorder__Variance,0.009970559888049495,0.009970559888049497,"native tree importance in PCA space, distributed by absolute PCA loading"
Radiomics,Gradient Boosting,4,original__glcm__Autocorrelation,0.004705145755962033,0.004705145755962034,"native tree importance in PCA space, distributed by absolute PCA loading"
Radiomics,Gradient Boosting,4,original__glcm__ClusterProminence,0.00622788332094977,0.006227883320949772,"native tree importance in PCA space, distributed by absolute PCA loading"
Radiomics,Gradient Boosting,4,original__glcm__ClusterShade,0.013700981021071555,0.013700981021071559,"native tree importance in PCA space, distributed by absolute PCA loading"
Radiomics,Gradient Boosting,4,original__glcm__ClusterTendency,0.0062028968515259915,0.006202896851525993,"native tree importance in PCA space, distributed by absolute PCA loading"
Radiomics,Gradient Boosting,4,original__glcm__Contrast,0.006185147164852979,0.0061851471648529804,"native tree importance in PCA space, distributed by absolute PCA loading"
Radiomics,Gradient Boosting,4,original__glcm__Correlation,0.011109719150283477,0.011109719150283479,"native tree importance in PCA space, distributed by absolute PCA loading"
Radiomics,Gradient Boosting,4,original__glcm__DifferenceAverage,0.006253998541815534,0.006253998541815535,"native tree importance in PCA space, distributed by absolute PCA loading"
Radiomics,Gradient Boosting,4,original__glcm__DifferenceEntropy,0.005006860641132808,0.005006860641132809,"native tree importance in PCA space, distributed by absolute PCA loading"
Radiomics,Gradient Boosting,4,original__glcm__DifferenceVariance,0.005933997261565582,0.005933997261565583,"native tree importance in PCA space, distributed by absolute PCA loading"
Radiomics,Gradient Boosting,4,original__glcm__Id,0.006287330646091237,0.0062873306460912385,"native tree importance in PCA space, distributed by absolute PCA loading"
Radiomics,Gradient Boosting,4,original__glcm__Idm,0.007615181875480664,0.007615181875480666,"native tree importance in PCA space, distributed by absolute PCA loading"
Radiomics,Gradient Boosting,4,original__glcm__Idmn,0.009319993898668371,0.009319993898668373,"native tree importance in PCA space, distributed by absolute PCA loading"
Radiomics,Gradient Boosting,4,original__glcm__Idn,0.006774729108462576,0.006774729108462578,"native tree importance in PCA space, distributed by absolute PCA loading"
Radiomics,Gradient Boosting,4,original__glcm__Imc1,0.017473030513898258,0.01747303051389826,"native tree importance in PCA space, distributed by absolute PCA loading"
Radiomics,Gradient Boosting,4,original__glcm__Imc2,0.011450137805271002,0.011450137805271004,"native tree importance in PCA space, distributed by absolute PCA loading"
Radiomics,Gradient Boosting,4,original__glcm__InverseVariance,0.006730183137830064,0.006730183137830066,"native tree importance in PCA space, distributed by absolute PCA loading"
Radiomics,Gradient Boosting,4,original__glcm__JointAverage,0.007431495954491807,0.007431495954491809,"native tree importance in PCA space, distributed by absolute PCA loading"
Radiomics,Gradient Boosting,4,original__glcm__JointEnergy,0.007041144407845652,0.007041144407845654,"native tree importance in PCA space, distributed by absolute PCA loading"
Radiomics,Gradient Boosting,4,original__glcm__JointEntropy,0.005651909502938089,0.00565190950293809,"native tree importance in PCA space, distributed by absolute PCA loading"
Radiomics,Gradient Boosting,4,original__glcm__MCC,0.008916229275728686,0.008916229275728688,"native tree importance in PCA space, distributed by absolute PCA loading"
Radiomics,Gradient Boosting,4,original__glcm__MaximumProbability,0.007014895178754869,0.0070148951787548704,"native tree importance in PCA space, distributed by absolute PCA loading"
Radiomics,Gradient Boosting,4,original__glcm__SumAverage,0.0039440849616079006,0.003944084961607901,"native tree importance in PCA space, distributed by absolute PCA loading"
Radiomics,Gradient Boosting,4,original__glcm__SumEntropy,0.005459051941487099,0.0054590519414871,"native tree importance in PCA space, distributed by absolute PCA loading"
Radiomics,Gradient Boosting,4,original__glcm__SumSquares,0.006180339599147764,0.006180339599147766,"native tree importance in PCA space, distributed by absolute PCA loading"
Radiomics,Gradient Boosting,4,original__gldm__DependenceEntropy,0.00985369197424072,0.009853691974240722,"native tree importance in PCA space, distributed by absolute PCA loading"
Radiomics,Gradient Boosting,4,original__gldm__DependenceNonUniformity,0.008768661273442512,0.008768661273442514,"native tree importance in PCA space, distributed by absolute PCA loading"
Radiomics,Gradient Boosting,4,original__gldm__DependenceNonUniformityNormalized,0.012048760422903513,0.012048760422903516,"native tree importance in PCA space, distributed by absolute PCA loading"
Radiomics,Gradient Boosting,4,original__gldm__DependenceVariance,0.013231828378463168,0.013231828378463172,"native tree importance in PCA space, distributed by absolute PCA loading"
Radiomics,Gradient Boosting,4,original__gldm__GrayLevelNonUniformity,0.005545783364750139,0.00554578336475014,"native tree importance in PCA space, distributed by absolute PCA loading"
Radiomics,Gradient Boosting,4,original__gldm__GrayLevelVariance,0.005884930802452065,0.005884930802452067,"native tree importance in PCA space, distributed by absolute PCA loading"
Radiomics,Gradient Boosting,4,original__gldm__HighGrayLevelEmphasis,0.007531682559234339,0.007531682559234341,"native tree importance in PCA space, distributed by absolute PCA loading"
Radiomics,Gradient Boosting,4,original__gldm__LargeDependenceEmphasis,0.010248506516510464,0.010248506516510466,"native tree importance in PCA space, distributed by absolute PCA loading"
Radiomics,Gradient Boosting,4,original__gldm__LargeDependenceHighGrayLevelEmphasis,0.007494129721637066,0.007494129721637067,"native tree importance in PCA space, distributed by absolute PCA loading"
Radiomics,Gradient Boosting,4,original__gldm__LargeDependenceLowGrayLevelEmphasis,0.007405303875784128,0.0074053038757841295,"native tree importance in PCA space, distributed by absolute PCA loading"
Radiomics,Gradient Boosting,4,original__gldm__LowGrayLevelEmphasis,0.008710440005710876,0.008710440005710878,"native tree importance in PCA space, distributed by absolute PCA loading"
Radiomics,Gradient Boosting,4,original__gldm__SmallDependenceEmphasis,0.00594094926503278,0.005940949265032781,"native tree importance in PCA space, distributed by absolute PCA loading"
Radiomics,Gradient Boosting,4,original__gldm__SmallDependenceHighGrayLevelEmphasis,0.006807717158712149,0.006807717158712151,"native tree importance in PCA space, distributed by absolute PCA loading"
Radiomics,Gradient Boosting,4,original__gldm__SmallDependenceLowGrayLevelEmphasis,0.010072385129293026,0.010072385129293027,"native tree importance in PCA space, distributed by absolute PCA loading"
Radiomics,Gradient Boosting,4,original__glrlm__GrayLevelNonUniformity,0.007199443118621765,0.007199443118621767,"native tree importance in PCA space, distributed by absolute PCA loading"
Radiomics,Gradient Boosting,4,original__glrlm__GrayLevelNonUniformityNormalized,0.008261829048804577,0.008261829048804578,"native tree importance in PCA space, distributed by absolute PCA loading"
Radiomics,Gradient Boosting,4,original__glrlm__GrayLevelVariance,0.005729826189909545,0.005729826189909546,"native tree importance in PCA space, distributed by absolute PCA loading"
Radiomics,Gradient Boosting,4,original__glrlm__HighGrayLevelRunEmphasis,0.007531338705980664,0.007531338705980666,"native tree importance in PCA space, distributed by absolute PCA loading"
Radiomics,Gradient Boosting,4,original__glrlm__LongRunEmphasis,0.010686043586640078,0.01068604358664008,"native tree importance in PCA space, distributed by absolute PCA loading"
Radiomics,Gradient Boosting,4,original__glrlm__LongRunHighGrayLevelEmphasis,0.010727974063858867,0.010727974063858869,"native tree importance in PCA space, distributed by absolute PCA loading"
Radiomics,Gradient Boosting,4,original__glrlm__LongRunLowGrayLevelEmphasis,0.007977982183052991,0.007977982183052993,"native tree importance in PCA space, distributed by absolute PCA loading"
Radiomics,Gradient Boosting,4,original__glrlm__LowGrayLevelRunEmphasis,0.0056488846080705955,0.005648884608070596,"native tree importance in PCA space, distributed by absolute PCA loading"
Radiomics,Gradient Boosting,4,original__glrlm__RunEntropy,0.010063759475074931,0.010063759475074933,"native tree importance in PCA space, distributed by absolute PCA loading"
Radiomics,Gradient Boosting,4,original__glrlm__RunLengthNonUniformity,0.00963576402858608,0.009635764028586081,"native tree importance in PCA space, distributed by absolute PCA loading"
Radiomics,Gradient Boosting,4,original__glrlm__RunLengthNonUniformityNormalized,0.006562291059456467,0.006562291059456469,"native tree importance in PCA space, distributed by absolute PCA loading"
Radiomics,Gradient Boosting,4,original__glrlm__RunPercentage,0.011058008701248944,0.011058008701248945,"native tree importance in PCA space, distributed by absolute PCA loading"
Radiomics,Gradient Boosting,4,original__glrlm__RunVariance,0.011038809187502559,0.01103880918750256,"native tree importance in PCA space, distributed by absolute PCA loading"
Radiomics,Gradient Boosting,4,original__glrlm__ShortRunEmphasis,0.005308791809823601,0.005308791809823602,"native tree importance in PCA space, distributed by absolute PCA loading"
Radiomics,Gradient Boosting,4,original__glrlm__ShortRunHighGrayLevelEmphasis,0.004523594916869691,0.004523594916869692,"native tree importance in PCA space, distributed by absolute PCA loading"
Radiomics,Gradient Boosting,4,original__glrlm__ShortRunLowGrayLevelEmphasis,0.0062546035292188155,0.006254603529218817,"native tree importance in PCA space, distributed by absolute PCA loading"
Radiomics,Gradient Boosting,4,original__glszm__GrayLevelNonUniformity,0.02144026341567639,0.021440263415676394,"native tree importance in PCA space, distributed by absolute PCA loading"
Radiomics,Gradient Boosting,4,original__glszm__GrayLevelNonUniformityNormalized,0.010021458743140515,0.010021458743140517,"native tree importance in PCA space, distributed by absolute PCA loading"
Radiomics,Gradient Boosting,4,original__glszm__GrayLevelVariance,0.004487977422580535,0.004487977422580536,"native tree importance in PCA space, distributed by absolute PCA loading"
Radiomics,Gradient Boosting,4,original__glszm__HighGrayLevelZoneEmphasis,0.007261335171192257,0.007261335171192259,"native tree importance in PCA space, distributed by absolute PCA loading"
Radiomics,Gradient Boosting,4,original__glszm__LargeAreaEmphasis,0.007543768527151119,0.007543768527151121,"native tree importance in PCA space, distributed by absolute PCA loading"
Radiomics,Gradient Boosting,4,original__glszm__LargeAreaHighGrayLevelEmphasis,0.00825436643820364,0.008254366438203641,"native tree importance in PCA space, distributed by absolute PCA loading"
Radiomics,Gradient Boosting,4,original__glszm__LargeAreaLowGrayLevelEmphasis,0.01699882270666045,0.016998822706660453,"native tree importance in PCA space, distributed by absolute PCA loading"
Radiomics,Gradient Boosting,4,original__glszm__LowGrayLevelZoneEmphasis,0.008230741525964373,0.008230741525964374,"native tree importance in PCA space, distributed by absolute PCA loading"
Radiomics,Gradient Boosting,4,original__glszm__SizeZoneNonUniformity,0.008834297715031528,0.00883429771503153,"native tree importance in PCA space, distributed by absolute PCA loading"
Radiomics,Gradient Boosting,4,original__glszm__SizeZoneNonUniformityNormalized,0.010741353562477216,0.010741353562477218,"native tree importance in PCA space, distributed by absolute PCA loading"
Radiomics,Gradient Boosting,4,original__glszm__SmallAreaEmphasis,0.008978176753560585,0.008978176753560586,"native tree importance in PCA space, distributed by absolute PCA loading"
Radiomics,Gradient Boosting,4,original__glszm__SmallAreaHighGrayLevelEmphasis,0.004934961148265201,0.004934961148265202,"native tree importance in PCA space, distributed by absolute PCA loading"
Radiomics,Gradient Boosting,4,original__glszm__SmallAreaLowGrayLevelEmphasis,0.006959788608570441,0.006959788608570443,"native tree importance in PCA space, distributed by absolute PCA loading"
Radiomics,Gradient Boosting,4,original__glszm__ZoneEntropy,0.01245614211333813,0.012456142113338134,"native tree importance in PCA space, distributed by absolute PCA loading"
Radiomics,Gradient Boosting,4,original__glszm__ZonePercentage,0.005047319836901201,0.005047319836901202,"native tree importance in PCA space, distributed by absolute PCA loading"
Radiomics,Gradient Boosting,4,original__glszm__ZoneVariance,0.007503801632475217,0.007503801632475219,"native tree importance in PCA space, distributed by absolute PCA loading"
Radiomics,Gradient Boosting,4,original__ngtdm__Busyness,0.013743357713717288,0.013743357713717291,"native tree importance in PCA space, distributed by absolute PCA loading"
Radiomics,Gradient Boosting,4,original__ngtdm__Coarseness,0.008623560565938673,0.008623560565938675,"native tree importance in PCA space, distributed by absolute PCA loading"
Radiomics,Gradient Boosting,4,original__ngtdm__Complexity,0.008913232963514027,0.008913232963514029,"native tree importance in PCA space, distributed by absolute PCA loading"
Radiomics,Gradient Boosting,4,original__ngtdm__Contrast,0.009841249855614074,0.009841249855614076,"native tree importance in PCA space, distributed by absolute PCA loading"
Radiomics,Gradient Boosting,4,original__ngtdm__Strength,0.01333338997661205,0.013333389976612053,"native tree importance in PCA space, distributed by absolute PCA loading"
Radiomics,Gradient Boosting,5,original__shape__Elongation,0.005478102562565327,0.005478102562565328,"native tree importance in PCA space, distributed by absolute PCA loading"
Radiomics,Gradient Boosting,5,original__shape__Flatness,0.011808977844694757,0.011808977844694759,"native tree importance in PCA space, distributed by absolute PCA loading"
Radiomics,Gradient Boosting,5,original__shape__LeastAxisLength,0.008804063483933687,0.008804063483933689,"native tree importance in PCA space, distributed by absolute PCA loading"
Radiomics,Gradient Boosting,5,original__shape__MajorAxisLength,0.00966546076107376,0.009665460761073762,"native tree importance in PCA space, distributed by absolute PCA loading"
Radiomics,Gradient Boosting,5,original__shape__Maximum2DDiameterColumn,0.02336836937405835,0.023368369374058354,"native tree importance in PCA space, distributed by absolute PCA loading"
Radiomics,Gradient Boosting,5,original__shape__Maximum2DDiameterRow,0.010659914320101268,0.01065991432010127,"native tree importance in PCA space, distributed by absolute PCA loading"
Radiomics,Gradient Boosting,5,original__shape__Maximum2DDiameterSlice,0.014795981905211355,0.014795981905211357,"native tree importance in PCA space, distributed by absolute PCA loading"
Radiomics,Gradient Boosting,5,original__shape__Maximum3DDiameter,0.019750795996445553,0.019750795996445556,"native tree importance in PCA space, distributed by absolute PCA loading"
Radiomics,Gradient Boosting,5,original__shape__MeshVolume,0.013765982278005953,0.013765982278005955,"native tree importance in PCA space, distributed by absolute PCA loading"
Radiomics,Gradient Boosting,5,original__shape__MinorAxisLength,0.014241610564573685,0.014241610564573686,"native tree importance in PCA space, distributed by absolute PCA loading"
Radiomics,Gradient Boosting,5,original__shape__Sphericity,0.012626647412295525,0.012626647412295527,"native tree importance in PCA space, distributed by absolute PCA loading"
Radiomics,Gradient Boosting,5,original__shape__SurfaceArea,0.008268562972988065,0.008268562972988067,"native tree importance in PCA space, distributed by absolute PCA loading"
Radiomics,Gradient Boosting,5,original__shape__SurfaceVolumeRatio,0.01733757120187405,0.017337571201874052,"native tree importance in PCA space, distributed by absolute PCA loading"
Radiomics,Gradient Boosting,5,original__shape__VoxelVolume,0.009612671329181997,0.009612671329181999,"native tree importance in PCA space, distributed by absolute PCA loading"
Radiomics,Gradient Boosting,5,original__firstorder__10Percentile,0.010434359964413508,0.01043435996441351,"native tree importance in PCA space, distributed by absolute PCA loading"
Radiomics,Gradient Boosting,5,original__firstorder__90Percentile,0.004086847544296201,0.004086847544296202,"native tree importance in PCA space, distributed by absolute PCA loading"
Radiomics,Gradient Boosting,5,original__firstorder__Energy,0.00860440028151507,0.008604400281515072,"native tree importance in PCA space, distributed by absolute PCA loading"
Radiomics,Gradient Boosting,5,original__firstorder__Entropy,0.00385442432962478,0.0038544243296247806,"native tree importance in PCA space, distributed by absolute PCA loading"
Radiomics,Gradient Boosting,5,original__firstorder__InterquartileRange,0.01297625634389172,0.012976256343891721,"native tree importance in PCA space, distributed by absolute PCA loading"
Radiomics,Gradient Boosting,5,original__firstorder__Kurtosis,0.008685157318520426,0.008685157318520428,"native tree importance in PCA space, distributed by absolute PCA loading"
Radiomics,Gradient Boosting,5,original__firstorder__Maximum,0.011907575805764025,0.011907575805764027,"native tree importance in PCA space, distributed by absolute PCA loading"
Radiomics,Gradient Boosting,5,original__firstorder__MeanAbsoluteDeviation,0.016936620310492742,0.016936620310492746,"native tree importance in PCA space, distributed by absolute PCA loading"
Radiomics,Gradient Boosting,5,original__firstorder__Mean,0.00972844460597825,0.009728444605978251,"native tree importance in PCA space, distributed by absolute PCA loading"
Radiomics,Gradient Boosting,5,original__firstorder__Median,0.006613631361764442,0.006613631361764443,"native tree importance in PCA space, distributed by absolute PCA loading"
Radiomics,Gradient Boosting,5,original__firstorder__Minimum,0.005828924335562001,0.005828924335562002,"native tree importance in PCA space, distributed by absolute PCA loading"
Radiomics,Gradient Boosting,5,original__firstorder__Range,0.00754761315666495,0.007547613156664951,"native tree importance in PCA space, distributed by absolute PCA loading"
Radiomics,Gradient Boosting,5,original__firstorder__RobustMeanAbsoluteDeviation,0.02041556313942121,0.020415563139421212,"native tree importance in PCA space, distributed by absolute PCA loading"
Radiomics,Gradient Boosting,5,original__firstorder__RootMeanSquared,0.011008513745658949,0.01100851374565895,"native tree importance in PCA space, distributed by absolute PCA loading"
Radiomics,Gradient Boosting,5,original__firstorder__Skewness,0.005992800241580614,0.005992800241580615,"native tree importance in PCA space, distributed by absolute PCA loading"
Radiomics,Gradient Boosting,5,original__firstorder__TotalEnergy,0.00920213826865379,0.009202138268653792,"native tree importance in PCA space, distributed by absolute PCA loading"
Radiomics,Gradient Boosting,5,original__firstorder__Uniformity,0.006408533467786163,0.006408533467786164,"native tree importance in PCA space, distributed by absolute PCA loading"
Radiomics,Gradient Boosting,5,original__firstorder__Variance,0.013628630699070075,0.013628630699070077,"native tree importance in PCA space, distributed by absolute PCA loading"
Radiomics,Gradient Boosting,5,original__glcm__Autocorrelation,0.006459598365672785,0.006459598365672786,"native tree importance in PCA space, distributed by absolute PCA loading"
Radiomics,Gradient Boosting,5,original__glcm__ClusterProminence,0.00698334579604243,0.006983345796042431,"native tree importance in PCA space, distributed by absolute PCA loading"
Radiomics,Gradient Boosting,5,original__glcm__ClusterShade,0.01587842998582384,0.015878429985823842,"native tree importance in PCA space, distributed by absolute PCA loading"
Radiomics,Gradient Boosting,5,original__glcm__ClusterTendency,0.002913053537682663,0.0029130535376826632,"native tree importance in PCA space, distributed by absolute PCA loading"
Radiomics,Gradient Boosting,5,original__glcm__Contrast,0.001915769719596126,0.0019157697195961263,"native tree importance in PCA space, distributed by absolute PCA loading"
Radiomics,Gradient Boosting,5,original__glcm__Correlation,0.013370757893505027,0.013370757893505029,"native tree importance in PCA space, distributed by absolute PCA loading"
Radiomics,Gradient Boosting,5,original__glcm__DifferenceAverage,0.002869423206392731,0.0028694232063927313,"native tree importance in PCA space, distributed by absolute PCA loading"
Radiomics,Gradient Boosting,5,original__glcm__DifferenceEntropy,0.004430934879956205,0.004430934879956206,"native tree importance in PCA space, distributed by absolute PCA loading"
Radiomics,Gradient Boosting,5,original__glcm__DifferenceVariance,0.0028090869129173417,0.002809086912917342,"native tree importance in PCA space, distributed by absolute PCA loading"
Radiomics,Gradient Boosting,5,original__glcm__Id,0.003163598553579729,0.0031635985535797295,"native tree importance in PCA space, distributed by absolute PCA loading"
Radiomics,Gradient Boosting,5,original__glcm__Idm,0.009798954977830766,0.009798954977830768,"native tree importance in PCA space, distributed by absolute PCA loading"
Radiomics,Gradient Boosting,5,original__glcm__Idmn,0.008755559567642731,0.008755559567642733,"native tree importance in PCA space, distributed by absolute PCA loading"
Radiomics,Gradient Boosting,5,original__glcm__Idn,0.0078084899931524995,0.0078084899931525,"native tree importance in PCA space, distributed by absolute PCA loading"
Radiomics,Gradient Boosting,5,original__glcm__Imc1,0.024634796978760733,0.024634796978760736,"native tree importance in PCA space, distributed by absolute PCA loading"
Radiomics,Gradient Boosting,5,original__glcm__Imc2,0.011910513788984577,0.011910513788984578,"native tree importance in PCA space, distributed by absolute PCA loading"
Radiomics,Gradient Boosting,5,original__glcm__InverseVariance,0.0035960156309319353,0.0035960156309319358,"native tree importance in PCA space, distributed by absolute PCA loading"
Radiomics,Gradient Boosting,5,original__glcm__JointAverage,0.007846234868915754,0.007846234868915756,"native tree importance in PCA space, distributed by absolute PCA loading"
Radiomics,Gradient Boosting,5,original__glcm__JointEnergy,0.010109864977507991,0.010109864977507993,"native tree importance in PCA space, distributed by absolute PCA loading"
Radiomics,Gradient Boosting,5,original__glcm__JointEntropy,0.0024299140411529947,0.002429914041152995,"native tree importance in PCA space, distributed by absolute PCA loading"
Radiomics,Gradient Boosting,5,original__glcm__MCC,0.016868561651694147,0.01686856165169415,"native tree importance in PCA space, distributed by absolute PCA loading"
Radiomics,Gradient Boosting,5,original__glcm__MaximumProbability,0.004548187152848887,0.004548187152848888,"native tree importance in PCA space, distributed by absolute PCA loading"
Radiomics,Gradient Boosting,5,original__glcm__SumAverage,0.006016962244830732,0.006016962244830733,"native tree importance in PCA space, distributed by absolute PCA loading"
Radiomics,Gradient Boosting,5,original__glcm__SumEntropy,0.0027435376987151082,0.0027435376987151087,"native tree importance in PCA space, distributed by absolute PCA loading"
Radiomics,Gradient Boosting,5,original__glcm__SumSquares,0.002371679573802533,0.0023716795738025335,"native tree importance in PCA space, distributed by absolute PCA loading"
Radiomics,Gradient Boosting,5,original__gldm__DependenceEntropy,0.006390800026956607,0.006390800026956608,"native tree importance in PCA space, distributed by absolute PCA loading"
Radiomics,Gradient Boosting,5,original__gldm__DependenceNonUniformity,0.007999900254867123,0.007999900254867125,"native tree importance in PCA space, distributed by absolute PCA loading"
Radiomics,Gradient Boosting,5,original__gldm__DependenceNonUniformityNormalized,0.011861487422141761,0.011861487422141763,"native tree importance in PCA space, distributed by absolute PCA loading"
Radiomics,Gradient Boosting,5,original__gldm__DependenceVariance,0.013958723772423638,0.01395872377242364,"native tree importance in PCA space, distributed by absolute PCA loading"
Radiomics,Gradient Boosting,5,original__gldm__GrayLevelNonUniformity,0.008186186630327342,0.008186186630327344,"native tree importance in PCA space, distributed by absolute PCA loading"
Radiomics,Gradient Boosting,5,original__gldm__GrayLevelVariance,0.0057802783751680535,0.005780278375168054,"native tree importance in PCA space, distributed by absolute PCA loading"
Radiomics,Gradient Boosting,5,original__gldm__HighGrayLevelEmphasis,0.008005945733791032,0.008005945733791034,"native tree importance in PCA space, distributed by absolute PCA loading"
Radiomics,Gradient Boosting,5,original__gldm__LargeDependenceEmphasis,0.008383788070439659,0.00838378807043966,"native tree importance in PCA space, distributed by absolute PCA loading"
Radiomics,Gradient Boosting,5,original__gldm__LargeDependenceHighGrayLevelEmphasis,0.010369197191898993,0.010369197191898995,"native tree importance in PCA space, distributed by absolute PCA loading"
Radiomics,Gradient Boosting,5,original__gldm__LargeDependenceLowGrayLevelEmphasis,0.0037720531755119956,0.003772053175511996,"native tree importance in PCA space, distributed by absolute PCA loading"
Radiomics,Gradient Boosting,5,original__gldm__LowGrayLevelEmphasis,0.008718862275300429,0.00871886227530043,"native tree importance in PCA space, distributed by absolute PCA loading"
Radiomics,Gradient Boosting,5,original__gldm__SmallDependenceEmphasis,0.00970334778967899,0.009703347789678992,"native tree importance in PCA space, distributed by absolute PCA loading"
Radiomics,Gradient Boosting,5,original__gldm__SmallDependenceHighGrayLevelEmphasis,0.003918109698082104,0.003918109698082105,"native tree importance in PCA space, distributed by absolute PCA loading"
Radiomics,Gradient Boosting,5,original__gldm__SmallDependenceLowGrayLevelEmphasis,0.009309258373598488,0.00930925837359849,"native tree importance in PCA space, distributed by absolute PCA loading"
Radiomics,Gradient Boosting,5,original__glrlm__GrayLevelNonUniformity,0.010541144803722924,0.010541144803722926,"native tree importance in PCA space, distributed by absolute PCA loading"
Radiomics,Gradient Boosting,5,original__glrlm__GrayLevelNonUniformityNormalized,0.005942830379462266,0.005942830379462267,"native tree importance in PCA space, distributed by absolute PCA loading"
Radiomics,Gradient Boosting,5,original__glrlm__GrayLevelVariance,0.006426529393556026,0.006426529393556027,"native tree importance in PCA space, distributed by absolute PCA loading"
Radiomics,Gradient Boosting,5,original__glrlm__HighGrayLevelRunEmphasis,0.007823906897465472,0.007823906897465474,"native tree importance in PCA space, distributed by absolute PCA loading"
Radiomics,Gradient Boosting,5,original__glrlm__LongRunEmphasis,0.010923404293331997,0.010923404293331999,"native tree importance in PCA space, distributed by absolute PCA loading"
Radiomics,Gradient Boosting,5,original__glrlm__LongRunHighGrayLevelEmphasis,0.010161378881863574,0.010161378881863576,"native tree importance in PCA space, distributed by absolute PCA loading"
Radiomics,Gradient Boosting,5,original__glrlm__LongRunLowGrayLevelEmphasis,0.005274413498180853,0.005274413498180854,"native tree importance in PCA space, distributed by absolute PCA loading"
Radiomics,Gradient Boosting,5,original__glrlm__LowGrayLevelRunEmphasis,0.004565697444615654,0.004565697444615655,"native tree importance in PCA space, distributed by absolute PCA loading"
Radiomics,Gradient Boosting,5,original__glrlm__RunEntropy,0.01276182637982382,0.012761826379823822,"native tree importance in PCA space, distributed by absolute PCA loading"
Radiomics,Gradient Boosting,5,original__glrlm__RunLengthNonUniformity,0.006947994566969045,0.006947994566969046,"native tree importance in PCA space, distributed by absolute PCA loading"
Radiomics,Gradient Boosting,5,original__glrlm__RunLengthNonUniformityNormalized,0.0051145242686107375,0.005114524268610738,"native tree importance in PCA space, distributed by absolute PCA loading"
Radiomics,Gradient Boosting,5,original__glrlm__RunPercentage,0.012653186425961806,0.012653186425961808,"native tree importance in PCA space, distributed by absolute PCA loading"
Radiomics,Gradient Boosting,5,original__glrlm__RunVariance,0.022831905078102444,0.022831905078102448,"native tree importance in PCA space, distributed by absolute PCA loading"
Radiomics,Gradient Boosting,5,original__glrlm__ShortRunEmphasis,0.004359123519008761,0.004359123519008762,"native tree importance in PCA space, distributed by absolute PCA loading"
Radiomics,Gradient Boosting,5,original__glrlm__ShortRunHighGrayLevelEmphasis,0.006129137258076457,0.0061291372580764576,"native tree importance in PCA space, distributed by absolute PCA loading"
Radiomics,Gradient Boosting,5,original__glrlm__ShortRunLowGrayLevelEmphasis,0.00510135755892255,0.0051013575589225505,"native tree importance in PCA space, distributed by absolute PCA loading"
Radiomics,Gradient Boosting,5,original__glszm__GrayLevelNonUniformity,0.019166043130048407,0.01916604313004841,"native tree importance in PCA space, distributed by absolute PCA loading"
Radiomics,Gradient Boosting,5,original__glszm__GrayLevelNonUniformityNormalized,0.010259258748889895,0.010259258748889897,"native tree importance in PCA space, distributed by absolute PCA loading"
Radiomics,Gradient Boosting,5,original__glszm__GrayLevelVariance,0.009129131033983922,0.009129131033983924,"native tree importance in PCA space, distributed by absolute PCA loading"
Radiomics,Gradient Boosting,5,original__glszm__HighGrayLevelZoneEmphasis,0.008161285268495966,0.008161285268495968,"native tree importance in PCA space, distributed by absolute PCA loading"
Radiomics,Gradient Boosting,5,original__glszm__LargeAreaEmphasis,0.011121861229355523,0.011121861229355524,"native tree importance in PCA space, distributed by absolute PCA loading"
Radiomics,Gradient Boosting,5,original__glszm__LargeAreaHighGrayLevelEmphasis,0.008816369332917576,0.008816369332917578,"native tree importance in PCA space, distributed by absolute PCA loading"
Radiomics,Gradient Boosting,5,original__glszm__LargeAreaLowGrayLevelEmphasis,0.017437042247346747,0.01743704224734675,"native tree importance in PCA space, distributed by absolute PCA loading"
Radiomics,Gradient Boosting,5,original__glszm__LowGrayLevelZoneEmphasis,0.00974863177755755,0.009748631777557552,"native tree importance in PCA space, distributed by absolute PCA loading"
Radiomics,Gradient Boosting,5,original__glszm__SizeZoneNonUniformity,0.011219820443662827,0.011219820443662829,"native tree importance in PCA space, distributed by absolute PCA loading"
Radiomics,Gradient Boosting,5,original__glszm__SizeZoneNonUniformityNormalized,0.006543055295152249,0.00654305529515225,"native tree importance in PCA space, distributed by absolute PCA loading"
Radiomics,Gradient Boosting,5,original__glszm__SmallAreaEmphasis,0.008413480727898964,0.008413480727898966,"native tree importance in PCA space, distributed by absolute PCA loading"
Radiomics,Gradient Boosting,5,original__glszm__SmallAreaHighGrayLevelEmphasis,0.007237667849500529,0.0072376678495005295,"native tree importance in PCA space, distributed by absolute PCA loading"
Radiomics,Gradient Boosting,5,original__glszm__SmallAreaLowGrayLevelEmphasis,0.007010342265854279,0.00701034226585428,"native tree importance in PCA space, distributed by absolute PCA loading"
Radiomics,Gradient Boosting,5,original__glszm__ZoneEntropy,0.014773440951616642,0.014773440951616644,"native tree importance in PCA space, distributed by absolute PCA loading"
Radiomics,Gradient Boosting,5,original__glszm__ZonePercentage,0.010007756100015319,0.01000775610001532,"native tree importance in PCA space, distributed by absolute PCA loading"
Radiomics,Gradient Boosting,5,original__glszm__ZoneVariance,0.011115899737185334,0.011115899737185336,"native tree importance in PCA space, distributed by absolute PCA loading"
Radiomics,Gradient Boosting,5,original__ngtdm__Busyness,0.009810696883664745,0.009810696883664746,"native tree importance in PCA space, distributed by absolute PCA loading"
Radiomics,Gradient Boosting,5,original__ngtdm__Coarseness,0.006932510207731217,0.006932510207731218,"native tree importance in PCA space, distributed by absolute PCA loading"
Radiomics,Gradient Boosting,5,original__ngtdm__Complexity,0.0058946273543163535,0.005894627354316354,"native tree importance in PCA space, distributed by absolute PCA loading"
Radiomics,Gradient Boosting,5,original__ngtdm__Contrast,0.010196006575480098,0.0101960065754801,"native tree importance in PCA space, distributed by absolute PCA loading"
Radiomics,Gradient Boosting,5,original__ngtdm__Strength,0.008810354475862656,0.008810354475862658,"native tree importance in PCA space, distributed by absolute PCA loading"
Radiomics,XGBoost,1,original__shape__Elongation,0.010876955491182456,0.01087695555196218,"native tree importance in PCA space, distributed by absolute PCA loading"
Radiomics,XGBoost,1,original__shape__Flatness,0.01099505457448911,0.010995054635928763,"native tree importance in PCA space, distributed by absolute PCA loading"
Radiomics,XGBoost,1,original__shape__LeastAxisLength,0.012677939774169462,0.012677939845012969,"native tree importance in PCA space, distributed by absolute PCA loading"
Radiomics,XGBoost,1,original__shape__MajorAxisLength,0.0152088872206134,0.015208887305599677,"native tree importance in PCA space, distributed by absolute PCA loading"
Radiomics,XGBoost,1,original__shape__Maximum2DDiameterColumn,0.015562769351614918,0.015562769438578665,"native tree importance in PCA space, distributed by absolute PCA loading"
Radiomics,XGBoost,1,original__shape__Maximum2DDiameterRow,0.013623289035765448,0.013623289111891505,"native tree importance in PCA space, distributed by absolute PCA loading"
Radiomics,XGBoost,1,original__shape__Maximum2DDiameterSlice,0.012401459317751218,0.012401459387049769,"native tree importance in PCA space, distributed by absolute PCA loading"
Radiomics,XGBoost,1,original__shape__Maximum3DDiameter,0.013967663769669987,0.013967663847720389,"native tree importance in PCA space, distributed by absolute PCA loading"
Radiomics,XGBoost,1,original__shape__MeshVolume,0.010698982360417001,0.010698982420202221,"native tree importance in PCA space, distributed by absolute PCA loading"
Radiomics,XGBoost,1,original__shape__MinorAxisLength,0.013497381171774073,0.013497381247196566,"native tree importance in PCA space, distributed by absolute PCA loading"
Radiomics,XGBoost,1,original__shape__Sphericity,0.012689377658830648,0.012689377729738069,"native tree importance in PCA space, distributed by absolute PCA loading"
Radiomics,XGBoost,1,original__shape__SurfaceArea,0.00794555061888951,0.007945550663288732,"native tree importance in PCA space, distributed by absolute PCA loading"
Radiomics,XGBoost,1,original__shape__SurfaceVolumeRatio,0.01340561391163687,0.013405613986546574,"native tree importance in PCA space, distributed by absolute PCA loading"
Radiomics,XGBoost,1,original__shape__VoxelVolume,0.00953437367215632,0.009534373725433783,"native tree importance in PCA space, distributed by absolute PCA loading"
Radiomics,XGBoost,1,original__firstorder__10Percentile,0.011928633029133107,0.011928633095789535,"native tree importance in PCA space, distributed by absolute PCA loading"
Radiomics,XGBoost,1,original__firstorder__90Percentile,0.008027941373678653,0.008027941418538269,"native tree importance in PCA space, distributed by absolute PCA loading"
Radiomics,XGBoost,1,original__firstorder__Energy,0.009044691472144777,0.009044691522685928,"native tree importance in PCA space, distributed by absolute PCA loading"
Radiomics,XGBoost,1,original__firstorder__Entropy,0.005254545288294645,0.005254545317656704,"native tree importance in PCA space, distributed by absolute PCA loading"
Radiomics,XGBoost,1,original__firstorder__InterquartileRange,0.010985556823242836,0.010985556884629415,"native tree importance in PCA space, distributed by absolute PCA loading"
Radiomics,XGBoost,1,original__firstorder__Kurtosis,0.017622302983946125,0.017622303082418415,"native tree importance in PCA space, distributed by absolute PCA loading"
Radiomics,XGBoost,1,original__firstorder__Maximum,0.011210473791237465,0.011210473853880866,"native tree importance in PCA space, distributed by absolute PCA loading"
Radiomics,XGBoost,1,original__firstorder__MeanAbsoluteDeviation,0.006695387819139292,0.006695387856552685,"native tree importance in PCA space, distributed by absolute PCA loading"
Radiomics,XGBoost,1,original__firstorder__Mean,0.008807678717901724,0.008807678767118462,"native tree importance in PCA space, distributed by absolute PCA loading"
Radiomics,XGBoost,1,original__firstorder__Median,0.008843672084119812,0.00884367213353768,"native tree importance in PCA space, distributed by absolute PCA loading"
Radiomics,XGBoost,1,original__firstorder__Minimum,0.006015186025863142,0.006015186059475612,"native tree importance in PCA space, distributed by absolute PCA loading"
Radiomics,XGBoost,1,original__firstorder__Range,0.008150222428120715,0.00815022247366363,"native tree importance in PCA space, distributed by absolute PCA loading"
Radiomics,XGBoost,1,original__firstorder__RobustMeanAbsoluteDeviation,0.009129381211147645,0.009129381262162036,"native tree importance in PCA space, distributed by absolute PCA loading"
Radiomics,XGBoost,1,original__firstorder__RootMeanSquared,0.008496783763268961,0.008496783810748438,"native tree importance in PCA space, distributed by absolute PCA loading"
Radiomics,XGBoost,1,original__firstorder__Skewness,0.016258131036820306,0.01625813112766969,"native tree importance in PCA space, distributed by absolute PCA loading"
Radiomics,XGBoost,1,original__firstorder__TotalEnergy,0.010078988879826285,0.010078988936147023,"native tree importance in PCA space, distributed by absolute PCA loading"
Radiomics,XGBoost,1,original__firstorder__Uniformity,0.007749681068964042,0.007749681112268758,"native tree importance in PCA space, distributed by absolute PCA loading"
Radiomics,XGBoost,1,original__firstorder__Variance,0.007087489959417306,0.007087489999021741,"native tree importance in PCA space, distributed by absolute PCA loading"
Radiomics,XGBoost,1,original__glcm__Autocorrelation,0.005910148288077641,0.005910148321103167,"native tree importance in PCA space, distributed by absolute PCA loading"
Radiomics,XGBoost,1,original__glcm__ClusterProminence,0.008264102693036152,0.008264102739215422,"native tree importance in PCA space, distributed by absolute PCA loading"
Radiomics,XGBoost,1,original__glcm__ClusterShade,0.017191855866464892,0.01719185596253187,"native tree importance in PCA space, distributed by absolute PCA loading"
Radiomics,XGBoost,1,original__glcm__ClusterTendency,0.008241511057983741,0.00824151110403677,"native tree importance in PCA space, distributed by absolute PCA loading"
Radiomics,XGBoost,1,original__glcm__Contrast,0.007315772582482702,0.007315772623362765,"native tree importance in PCA space, distributed by absolute PCA loading"
Radiomics,XGBoost,1,original__glcm__Correlation,0.01281164100287125,0.012811641074461871,"native tree importance in PCA space, distributed by absolute PCA loading"
Radiomics,XGBoost,1,original__glcm__DifferenceAverage,0.00505122818663023,0.005051228214856166,"native tree importance in PCA space, distributed by absolute PCA loading"
Radiomics,XGBoost,1,original__glcm__DifferenceEntropy,0.004804459913631032,0.004804459940478042,"native tree importance in PCA space, distributed by absolute PCA loading"
Radiomics,XGBoost,1,original__glcm__DifferenceVariance,0.008172850619614216,0.008172850665283577,"native tree importance in PCA space, distributed by absolute PCA loading"
Radiomics,XGBoost,1,original__glcm__Id,0.005300138024326083,0.005300138053942911,"native tree importance in PCA space, distributed by absolute PCA loading"
Radiomics,XGBoost,1,original__glcm__Idm,0.008902987311366278,0.008902987361115595,"native tree importance in PCA space, distributed by absolute PCA loading"
Radiomics,XGBoost,1,original__glcm__Idmn,0.012003573776597555,0.012003573843672748,"native tree importance in PCA space, distributed by absolute PCA loading"
Radiomics,XGBoost,1,original__glcm__Idn,0.011399867950370806,0.01139986801407253,"native tree importance in PCA space, distributed by absolute PCA loading"
Radiomics,XGBoost,1,original__glcm__Imc1,0.007949146344185963,0.007949146388605279,"native tree importance in PCA space, distributed by absolute PCA loading"
Radiomics,XGBoost,1,original__glcm__Imc2,0.009502095919627652,0.009502095972724748,"native tree importance in PCA space, distributed by absolute PCA loading"
Radiomics,XGBoost,1,original__glcm__InverseVariance,0.0054998038812539025,0.00549980391198645,"native tree importance in PCA space, distributed by absolute PCA loading"
Radiomics,XGBoost,1,original__glcm__JointAverage,0.006836326778104916,0.006836326816305867,"native tree importance in PCA space, distributed by absolute PCA loading"
Radiomics,XGBoost,1,original__glcm__JointEnergy,0.009074007105123483,0.009074007155828448,"native tree importance in PCA space, distributed by absolute PCA loading"
Radiomics,XGBoost,1,original__glcm__JointEntropy,0.0043721211569386405,0.00437212118136977,"native tree importance in PCA space, distributed by absolute PCA loading"
Radiomics,XGBoost,1,original__glcm__MCC,0.01323869533102855,0.013238695405005522,"native tree importance in PCA space, distributed by absolute PCA loading"
Radiomics,XGBoost,1,original__glcm__MaximumProbability,0.0067357556461916665,0.006735755683830633,"native tree importance in PCA space, distributed by absolute PCA loading"
Radiomics,XGBoost,1,original__glcm__SumAverage,0.005924595807805687,0.0059245958409119455,"native tree importance in PCA space, distributed by absolute PCA loading"
Radiomics,XGBoost,1,original__glcm__SumEntropy,0.00422471724133425,0.004224717264941696,"native tree importance in PCA space, distributed by absolute PCA loading"
Radiomics,XGBoost,1,original__glcm__SumSquares,0.008206355163335354,0.008206355209191935,"native tree importance in PCA space, distributed by absolute PCA loading"
Radiomics,XGBoost,1,original__gldm__DependenceEntropy,0.00886837010249948,0.008868370152055358,"native tree importance in PCA space, distributed by absolute PCA loading"
Radiomics,XGBoost,1,original__gldm__DependenceNonUniformity,0.010273443693044322,0.01027344375045166,"native tree importance in PCA space, distributed by absolute PCA loading"
Radiomics,XGBoost,1,original__gldm__DependenceNonUniformityNormalized,0.010099165180788443,0.010099165237221925,"native tree importance in PCA space, distributed by absolute PCA loading"
Radiomics,XGBoost,1,original__gldm__DependenceVariance,0.012869617733098766,0.012869617805013356,"native tree importance in PCA space, distributed by absolute PCA loading"
Radiomics,XGBoost,1,original__gldm__GrayLevelNonUniformity,0.007574565651006259,0.007574565693332441,"native tree importance in PCA space, distributed by absolute PCA loading"
Radiomics,XGBoost,1,original__gldm__GrayLevelVariance,0.007877907573385296,0.007877907617406534,"native tree importance in PCA space, distributed by absolute PCA loading"
Radiomics,XGBoost,1,original__gldm__HighGrayLevelEmphasis,0.006863913715242699,0.006863913753597805,"native tree importance in PCA space, distributed by absolute PCA loading"
Radiomics,XGBoost,1,original__gldm__LargeDependenceEmphasis,0.009784058076702637,0.00978405813137532,"native tree importance in PCA space, distributed by absolute PCA loading"
Radiomics,XGBoost,1,original__gldm__LargeDependenceHighGrayLevelEmphasis,0.008393068848108379,0.008393068895008304,"native tree importance in PCA space, distributed by absolute PCA loading"
Radiomics,XGBoost,1,original__gldm__LargeDependenceLowGrayLevelEmphasis,0.007481719131759101,0.007481719173566464,"native tree importance in PCA space, distributed by absolute PCA loading"
Radiomics,XGBoost,1,original__gldm__LowGrayLevelEmphasis,0.007965469608147051,0.00796546965265758,"native tree importance in PCA space, distributed by absolute PCA loading"
Radiomics,XGBoost,1,original__gldm__SmallDependenceEmphasis,0.008390758486926591,0.008390758533813606,"native tree importance in PCA space, distributed by absolute PCA loading"
Radiomics,XGBoost,1,original__gldm__SmallDependenceHighGrayLevelEmphasis,0.0054724902652983284,0.00547249029587825,"native tree importance in PCA space, distributed by absolute PCA loading"
Radiomics,XGBoost,1,original__gldm__SmallDependenceLowGrayLevelEmphasis,0.011328084251829731,0.011328084315130332,"native tree importance in PCA space, distributed by absolute PCA loading"
Radiomics,XGBoost,1,original__glrlm__GrayLevelNonUniformity,0.00882163154902775,0.008821631598322456,"native tree importance in PCA space, distributed by absolute PCA loading"
Radiomics,XGBoost,1,original__glrlm__GrayLevelNonUniformityNormalized,0.005212999393116044,0.005212999422245948,"native tree importance in PCA space, distributed by absolute PCA loading"
Radiomics,XGBoost,1,original__glrlm__GrayLevelVariance,0.00770061990038339,0.007700619943413955,"native tree importance in PCA space, distributed by absolute PCA loading"
Radiomics,XGBoost,1,original__glrlm__HighGrayLevelRunEmphasis,0.006839926886279938,0.006839926924501007,"native tree importance in PCA space, distributed by absolute PCA loading"
Radiomics,XGBoost,1,original__glrlm__LongRunEmphasis,0.009950564822523766,0.009950564878126879,"native tree importance in PCA space, distributed by absolute PCA loading"
Radiomics,XGBoost,1,original__glrlm__LongRunHighGrayLevelEmphasis,0.009482073158682752,0.009482073211667963,"native tree importance in PCA space, distributed by absolute PCA loading"
Radiomics,XGBoost,1,original__glrlm__LongRunLowGrayLevelEmphasis,0.009056247502771095,0.00905624755337682,"native tree importance in PCA space, distributed by absolute PCA loading"
Radiomics,XGBoost,1,original__glrlm__LowGrayLevelRunEmphasis,0.00916981613084323,0.009169816182083568,"native tree importance in PCA space, distributed by absolute PCA loading"
Radiomics,XGBoost,1,original__glrlm__RunEntropy,0.009052831476129756,0.009052831526716392,"native tree importance in PCA space, distributed by absolute PCA loading"
Radiomics,XGBoost,1,original__glrlm__RunLengthNonUniformity,0.010987553491199975,0.010987553552597713,"native tree importance in PCA space, distributed by absolute PCA loading"
Radiomics,XGBoost,1,original__glrlm__RunLengthNonUniformityNormalized,0.0077752155117554785,0.00777521555520288,"native tree importance in PCA space, distributed by absolute PCA loading"
Radiomics,XGBoost,1,original__glrlm__RunPercentage,0.010828061329603234,0.01082806139010974,"native tree importance in PCA space, distributed by absolute PCA loading"
Radiomics,XGBoost,1,original__glrlm__RunVariance,0.009572062435451825,0.00957206248893989,"native tree importance in PCA space, distributed by absolute PCA loading"
Radiomics,XGBoost,1,original__glrlm__ShortRunEmphasis,0.007185423608006297,0.007185423648157979,"native tree importance in PCA space, distributed by absolute PCA loading"
Radiomics,XGBoost,1,original__glrlm__ShortRunHighGrayLevelEmphasis,0.005632156628206653,0.00563215665967878,"native tree importance in PCA space, distributed by absolute PCA loading"
Radiomics,XGBoost,1,original__glrlm__ShortRunLowGrayLevelEmphasis,0.009574701690947339,0.009574701744450152,"native tree importance in PCA space, distributed by absolute PCA loading"
Radiomics,XGBoost,1,original__glszm__GrayLevelNonUniformity,0.014398520136666638,0.014398520217124636,"native tree importance in PCA space, distributed by absolute PCA loading"
Radiomics,XGBoost,1,original__glszm__GrayLevelNonUniformityNormalized,0.0065545026693532675,0.006554502705979404,"native tree importance in PCA space, distributed by absolute PCA loading"
Radiomics,XGBoost,1,original__glszm__GrayLevelVariance,0.0076149307120095535,0.0076149307545612934,"native tree importance in PCA space, distributed by absolute PCA loading"
Radiomics,XGBoost,1,original__glszm__HighGrayLevelZoneEmphasis,0.006669742777245978,0.0066697428145160685,"native tree importance in PCA space, distributed by absolute PCA loading"
Radiomics,XGBoost,1,original__glszm__LargeAreaEmphasis,0.008036778528929735,0.008036778573838733,"native tree importance in PCA space, distributed by absolute PCA loading"
Radiomics,XGBoost,1,original__glszm__LargeAreaHighGrayLevelEmphasis,0.007855785297012537,0.007855785340910157,"native tree importance in PCA space, distributed by absolute PCA loading"
Radiomics,XGBoost,1,original__glszm__LargeAreaLowGrayLevelEmphasis,0.01720830098684001,0.01720830108299888,"native tree importance in PCA space, distributed by absolute PCA loading"
Radiomics,XGBoost,1,original__glszm__LowGrayLevelZoneEmphasis,0.007129255367288219,0.007129255407126036,"native tree importance in PCA space, distributed by absolute PCA loading"
Radiomics,XGBoost,1,original__glszm__SizeZoneNonUniformity,0.00926080110917905,0.009260801160927807,"native tree importance in PCA space, distributed by absolute PCA loading"
Radiomics,XGBoost,1,original__glszm__SizeZoneNonUniformityNormalized,0.009816558851685232,0.009816558906539527,"native tree importance in PCA space, distributed by absolute PCA loading"
Radiomics,XGBoost,1,original__glszm__SmallAreaEmphasis,0.009214712503418295,0.009214712554909512,"native tree importance in PCA space, distributed by absolute PCA loading"
Radiomics,XGBoost,1,original__glszm__SmallAreaHighGrayLevelEmphasis,0.006411003613005649,0.006411003648829922,"native tree importance in PCA space, distributed by absolute PCA loading"
Radiomics,XGBoost,1,original__glszm__SmallAreaLowGrayLevelEmphasis,0.006435830481512422,0.006435830517475426,"native tree importance in PCA space, distributed by absolute PCA loading"
Radiomics,XGBoost,1,original__glszm__ZoneEntropy,0.009842170196344011,0.00984217025134142,"native tree importance in PCA space, distributed by absolute PCA loading"
Radiomics,XGBoost,1,original__glszm__ZonePercentage,0.008797932768496592,0.00879793281765887,"native tree importance in PCA space, distributed by absolute PCA loading"
Radiomics,XGBoost,1,original__glszm__ZoneVariance,0.008069184114600458,0.008069184159690537,"native tree importance in PCA space, distributed by absolute PCA loading"
Radiomics,XGBoost,1,original__ngtdm__Busyness,0.014407784214257379,0.014407784294767145,"native tree importance in PCA space, distributed by absolute PCA loading"
Radiomics,XGBoost,1,original__ngtdm__Coarseness,0.008982989446886944,0.008982989497083307,"native tree importance in PCA space, distributed by absolute PCA loading"
Radiomics,XGBoost,1,original__ngtdm__Complexity,0.010280428880131766,0.010280428937578136,"native tree importance in PCA space, distributed by absolute PCA loading"
Radiomics,XGBoost,1,original__ngtdm__Contrast,0.013049332130243625,0.013049332203162449,"native tree importance in PCA space, distributed by absolute PCA loading"
Radiomics,XGBoost,1,original__ngtdm__Strength,0.00847312846058179,0.008473128507929082,"native tree importance in PCA space, distributed by absolute PCA loading"
Radiomics,XGBoost,2,original__shape__Elongation,0.013567471725794252,0.013567471220366563,"native tree importance in PCA space, distributed by absolute PCA loading"
Radiomics,XGBoost,2,original__shape__Flatness,0.013506918791034658,0.01350691828786274,"native tree importance in PCA space, distributed by absolute PCA loading"
Radiomics,XGBoost,2,original__shape__LeastAxisLength,0.010828834345410755,0.010828833942005255,"native tree importance in PCA space, distributed by absolute PCA loading"
Radiomics,XGBoost,2,original__shape__MajorAxisLength,0.016011329222901,0.01601132862643253,"native tree importance in PCA space, distributed by absolute PCA loading"
Radiomics,XGBoost,2,original__shape__Maximum2DDiameterColumn,0.012517653315477132,0.012517652849158225,"native tree importance in PCA space, distributed by absolute PCA loading"
Radiomics,XGBoost,2,original__shape__Maximum2DDiameterRow,0.010243001068688083,0.010243000687106572,"native tree importance in PCA space, distributed by absolute PCA loading"
Radiomics,XGBoost,2,original__shape__Maximum2DDiameterSlice,0.018898323475849056,0.01889832277183167,"native tree importance in PCA space, distributed by absolute PCA loading"
Radiomics,XGBoost,2,original__shape__Maximum3DDiameter,0.019695980166591923,0.01969597943285951,"native tree importance in PCA space, distributed by absolute PCA loading"
Radiomics,XGBoost,2,original__shape__MeshVolume,0.008982699995492595,0.008982699660860956,"native tree importance in PCA space, distributed by absolute PCA loading"
Radiomics,XGBoost,2,original__shape__MinorAxisLength,0.01619814803013206,0.016198147426704043,"native tree importance in PCA space, distributed by absolute PCA loading"
Radiomics,XGBoost,2,original__shape__Sphericity,0.010218538566703687,0.010218538186033474,"native tree importance in PCA space, distributed by absolute PCA loading"
Radiomics,XGBoost,2,original__shape__SurfaceArea,0.00739718961527285,0.007397189339706073,"native tree importance in PCA space, distributed by absolute PCA loading"
Radiomics,XGBoost,2,original__shape__SurfaceVolumeRatio,0.015220583486297203,0.015220582919286305,"native tree importance in PCA space, distributed by absolute PCA loading"
Radiomics,XGBoost,2,original__shape__VoxelVolume,0.0073479313819884914,0.007347931108256727,"native tree importance in PCA space, distributed by absolute PCA loading"
Radiomics,XGBoost,2,original__firstorder__10Percentile,0.010840937297330993,0.010840936893474623,"native tree importance in PCA space, distributed by absolute PCA loading"
Radiomics,XGBoost,2,original__firstorder__90Percentile,0.008113567474314068,0.008113567172060137,"native tree importance in PCA space, distributed by absolute PCA loading"
Radiomics,XGBoost,2,original__firstorder__Energy,0.007285330288806783,0.00728533001740709,"native tree importance in PCA space, distributed by absolute PCA loading"
Radiomics,XGBoost,2,original__firstorder__Entropy,0.005874335000033138,0.005874334781197114,"native tree importance in PCA space, distributed by absolute PCA loading"
Radiomics,XGBoost,2,original__firstorder__InterquartileRange,0.008957876854700756,0.008957876520993852,"native tree importance in PCA space, distributed by absolute PCA loading"
Radiomics,XGBoost,2,original__firstorder__Kurtosis,0.02205253561217277,0.02205253479065183,"native tree importance in PCA space, distributed by absolute PCA loading"
Radiomics,XGBoost,2,original__firstorder__Maximum,0.015875516993855483,0.015875516402446412,"native tree importance in PCA space, distributed by absolute PCA loading"
Radiomics,XGBoost,2,original__firstorder__MeanAbsoluteDeviation,0.0066281143584122765,0.006628114111495785,"native tree importance in PCA space, distributed by absolute PCA loading"
Radiomics,XGBoost,2,original__firstorder__Mean,0.011224075608442866,0.011224075190313482,"native tree importance in PCA space, distributed by absolute PCA loading"
Radiomics,XGBoost,2,original__firstorder__Median,0.008575029559965846,0.008575029240521113,"native tree importance in PCA space, distributed by absolute PCA loading"
Radiomics,XGBoost,2,original__firstorder__Minimum,0.006830570651476881,0.006830570397018305,"native tree importance in PCA space, distributed by absolute PCA loading"
Radiomics,XGBoost,2,original__firstorder__Range,0.010115627207370081,0.010115626830533617,"native tree importance in PCA space, distributed by absolute PCA loading"
Radiomics,XGBoost,2,original__firstorder__RobustMeanAbsoluteDeviation,0.007824980887248999,0.007824980595745755,"native tree importance in PCA space, distributed by absolute PCA loading"
Radiomics,XGBoost,2,original__firstorder__RootMeanSquared,0.009348796820019805,0.009348796471749996,"native tree importance in PCA space, distributed by absolute PCA loading"
Radiomics,XGBoost,2,original__firstorder__Skewness,0.011517559403454444,0.011517558974391936,"native tree importance in PCA space, distributed by absolute PCA loading"
Radiomics,XGBoost,2,original__firstorder__TotalEnergy,0.008307430908718258,0.008307430599242351,"native tree importance in PCA space, distributed by absolute PCA loading"
Radiomics,XGBoost,2,original__firstorder__Uniformity,0.008615921346846361,0.008615921025878291,"native tree importance in PCA space, distributed by absolute PCA loading"
Radiomics,XGBoost,2,original__firstorder__Variance,0.006699466960853452,0.0066994667112788685,"native tree importance in PCA space, distributed by absolute PCA loading"
Radiomics,XGBoost,2,original__glcm__Autocorrelation,0.005988360694879466,0.0059883604717956545,"native tree importance in PCA space, distributed by absolute PCA loading"
Radiomics,XGBoost,2,original__glcm__ClusterProminence,0.006807221287479809,0.006807221033891064,"native tree importance in PCA space, distributed by absolute PCA loading"
Radiomics,XGBoost,2,original__glcm__ClusterShade,0.01893048439634062,0.018930483691125148,"native tree importance in PCA space, distributed by absolute PCA loading"
Radiomics,XGBoost,2,original__glcm__ClusterTendency,0.0068152950174661725,0.006815294763576658,"native tree importance in PCA space, distributed by absolute PCA loading"
Radiomics,XGBoost,2,original__glcm__Contrast,0.0072717929231963865,0.0072717926523010006,"native tree importance in PCA space, distributed by absolute PCA loading"
Radiomics,XGBoost,2,original__glcm__Correlation,0.010652253590000833,0.01065225319317348,"native tree importance in PCA space, distributed by absolute PCA loading"
Radiomics,XGBoost,2,original__glcm__DifferenceAverage,0.005864236948090085,0.005864236729630243,"native tree importance in PCA space, distributed by absolute PCA loading"
Radiomics,XGBoost,2,original__glcm__DifferenceEntropy,0.00518794925485526,0.0051879490615890965,"native tree importance in PCA space, distributed by absolute PCA loading"
Radiomics,XGBoost,2,original__glcm__DifferenceVariance,0.007587414573646345,0.0075874142909931365,"native tree importance in PCA space, distributed by absolute PCA loading"
Radiomics,XGBoost,2,original__glcm__Id,0.005940284489394789,0.005940284268101955,"native tree importance in PCA space, distributed by absolute PCA loading"
Radiomics,XGBoost,2,original__glcm__Idm,0.009014548372203455,0.009014548036385371,"native tree importance in PCA space, distributed by absolute PCA loading"
Radiomics,XGBoost,2,original__glcm__Idmn,0.009440070502564027,0.00944007015089401,"native tree importance in PCA space, distributed by absolute PCA loading"
Radiomics,XGBoost,2,original__glcm__Idn,0.011738158442428471,0.011738158005148009,"native tree importance in PCA space, distributed by absolute PCA loading"
Radiomics,XGBoost,2,original__glcm__Imc1,0.012616515098495505,0.012616514628493709,"native tree importance in PCA space, distributed by absolute PCA loading"
Radiomics,XGBoost,2,original__glcm__Imc2,0.012020700253414325,0.01202069980560836,"native tree importance in PCA space, distributed by absolute PCA loading"
Radiomics,XGBoost,2,original__glcm__InverseVariance,0.006030426954631413,0.006030426729980511,"native tree importance in PCA space, distributed by absolute PCA loading"
Radiomics,XGBoost,2,original__glcm__JointAverage,0.008154952060915339,0.008154951757119713,"native tree importance in PCA space, distributed by absolute PCA loading"
Radiomics,XGBoost,2,original__glcm__JointEnergy,0.008886616400910518,0.008886616069858272,"native tree importance in PCA space, distributed by absolute PCA loading"
Radiomics,XGBoost,2,original__glcm__JointEntropy,0.004893344194132083,0.004893344011840813,"native tree importance in PCA space, distributed by absolute PCA loading"
Radiomics,XGBoost,2,original__glcm__MCC,0.010724537785228139,0.010724537385707987,"native tree importance in PCA space, distributed by absolute PCA loading"
Radiomics,XGBoost,2,original__glcm__MaximumProbability,0.006531695261209798,0.006531695017885197,"native tree importance in PCA space, distributed by absolute PCA loading"
Radiomics,XGBoost,2,original__glcm__SumAverage,0.006524724710328224,0.006524724467263297,"native tree importance in PCA space, distributed by absolute PCA loading"
Radiomics,XGBoost,2,original__glcm__SumEntropy,0.0046624244173730876,0.00466242424368425,"native tree importance in PCA space, distributed by absolute PCA loading"
Radiomics,XGBoost,2,original__glcm__SumSquares,0.006823968721138029,0.006823968466925394,"native tree importance in PCA space, distributed by absolute PCA loading"
Radiomics,XGBoost,2,original__gldm__DependenceEntropy,0.007807415381352274,0.007807415090503397,"native tree importance in PCA space, distributed by absolute PCA loading"
Radiomics,XGBoost,2,original__gldm__DependenceNonUniformity,0.007953465832366622,0.007953465536076941,"native tree importance in PCA space, distributed by absolute PCA loading"
Radiomics,XGBoost,2,original__gldm__DependenceNonUniformityNormalized,0.011026780901221587,0.011026780490442003,"native tree importance in PCA space, distributed by absolute PCA loading"
Radiomics,XGBoost,2,original__gldm__DependenceVariance,0.011374834490551558,0.011374834066805967,"native tree importance in PCA space, distributed by absolute PCA loading"
Radiomics,XGBoost,2,original__gldm__GrayLevelNonUniformity,0.007560668967907976,0.00756066868625112,"native tree importance in PCA space, distributed by absolute PCA loading"
Radiomics,XGBoost,2,original__gldm__GrayLevelVariance,0.00676062400424238,0.006760623752389519,"native tree importance in PCA space, distributed by absolute PCA loading"
Radiomics,XGBoost,2,original__gldm__HighGrayLevelEmphasis,0.00826857187241935,0.008268571564391055,"native tree importance in PCA space, distributed by absolute PCA loading"
Radiomics,XGBoost,2,original__gldm__LargeDependenceEmphasis,0.009338460631592823,0.009338460283708067,"native tree importance in PCA space, distributed by absolute PCA loading"
Radiomics,XGBoost,2,original__gldm__LargeDependenceHighGrayLevelEmphasis,0.008225531589919451,0.008225531283494533,"native tree importance in PCA space, distributed by absolute PCA loading"
Radiomics,XGBoost,2,original__gldm__LargeDependenceLowGrayLevelEmphasis,0.008786536026467947,0.008786535699143986,"native tree importance in PCA space, distributed by absolute PCA loading"
Radiomics,XGBoost,2,original__gldm__LowGrayLevelEmphasis,0.009155670602933173,0.009155670261857877,"native tree importance in PCA space, distributed by absolute PCA loading"
Radiomics,XGBoost,2,original__gldm__SmallDependenceEmphasis,0.008812149942765343,0.008812149614487189,"native tree importance in PCA space, distributed by absolute PCA loading"
Radiomics,XGBoost,2,original__gldm__SmallDependenceHighGrayLevelEmphasis,0.005474159697273956,0.005474159493345623,"native tree importance in PCA space, distributed by absolute PCA loading"
Radiomics,XGBoost,2,original__gldm__SmallDependenceLowGrayLevelEmphasis,0.011107297820617493,0.01110729740683842,"native tree importance in PCA space, distributed by absolute PCA loading"
Radiomics,XGBoost,2,original__glrlm__GrayLevelNonUniformity,0.00745497502931151,0.007454974751592058,"native tree importance in PCA space, distributed by absolute PCA loading"
Radiomics,XGBoost,2,original__glrlm__GrayLevelNonUniformityNormalized,0.005633768401063644,0.0056337681911894245,"native tree importance in PCA space, distributed by absolute PCA loading"
Radiomics,XGBoost,2,original__glrlm__GrayLevelVariance,0.00671861470309536,0.006718614452807468,"native tree importance in PCA space, distributed by absolute PCA loading"
Radiomics,XGBoost,2,original__glrlm__HighGrayLevelRunEmphasis,0.008200338798823264,0.00820033849333685,"native tree importance in PCA space, distributed by absolute PCA loading"
Radiomics,XGBoost,2,original__glrlm__LongRunEmphasis,0.008969483980449548,0.008969483646310243,"native tree importance in PCA space, distributed by absolute PCA loading"
Radiomics,XGBoost,2,original__glrlm__LongRunHighGrayLevelEmphasis,0.009613749054080599,0.009613748695940552,"native tree importance in PCA space, distributed by absolute PCA loading"
Radiomics,XGBoost,2,original__glrlm__LongRunLowGrayLevelEmphasis,0.00961207666084778,0.009612076302770034,"native tree importance in PCA space, distributed by absolute PCA loading"
Radiomics,XGBoost,2,original__glrlm__LowGrayLevelRunEmphasis,0.01026643999839598,0.0102664396159413,"native tree importance in PCA space, distributed by absolute PCA loading"
Radiomics,XGBoost,2,original__glrlm__RunEntropy,0.008343319949362995,0.008343319638550117,"native tree importance in PCA space, distributed by absolute PCA loading"
Radiomics,XGBoost,2,original__glrlm__RunLengthNonUniformity,0.009042774093035234,0.00904277375616566,"native tree importance in PCA space, distributed by absolute PCA loading"
Radiomics,XGBoost,2,original__glrlm__RunLengthNonUniformityNormalized,0.006344641048191148,0.006344640811834859,"native tree importance in PCA space, distributed by absolute PCA loading"
Radiomics,XGBoost,2,original__glrlm__RunPercentage,0.010660712261983618,0.010660711864841153,"native tree importance in PCA space, distributed by absolute PCA loading"
Radiomics,XGBoost,2,original__glrlm__RunVariance,0.007475243035665508,0.007475242757191015,"native tree importance in PCA space, distributed by absolute PCA loading"
Radiomics,XGBoost,2,original__glrlm__ShortRunEmphasis,0.005506766769880758,0.005506766564737717,"native tree importance in PCA space, distributed by absolute PCA loading"
Radiomics,XGBoost,2,original__glrlm__ShortRunHighGrayLevelEmphasis,0.005924521048008608,0.005924520827303008,"native tree importance in PCA space, distributed by absolute PCA loading"
Radiomics,XGBoost,2,original__glrlm__ShortRunLowGrayLevelEmphasis,0.010674202341621156,0.010674201943976147,"native tree importance in PCA space, distributed by absolute PCA loading"
Radiomics,XGBoost,2,original__glszm__GrayLevelNonUniformity,0.013153882532559252,0.01315388204253896,"native tree importance in PCA space, distributed by absolute PCA loading"
Radiomics,XGBoost,2,original__glszm__GrayLevelNonUniformityNormalized,0.005967657070801623,0.005967656848489081,"native tree importance in PCA space, distributed by absolute PCA loading"
Radiomics,XGBoost,2,original__glszm__GrayLevelVariance,0.006638813750253081,0.006638813502938006,"native tree importance in PCA space, distributed by absolute PCA loading"
Radiomics,XGBoost,2,original__glszm__HighGrayLevelZoneEmphasis,0.00818201776683311,0.008182017462029208,"native tree importance in PCA space, distributed by absolute PCA loading"
Radiomics,XGBoost,2,original__glszm__LargeAreaEmphasis,0.00940726126975569,0.009407260919307912,"native tree importance in PCA space, distributed by absolute PCA loading"
Radiomics,XGBoost,2,original__glszm__LargeAreaHighGrayLevelEmphasis,0.009534600754667649,0.009534600399476106,"native tree importance in PCA space, distributed by absolute PCA loading"
Radiomics,XGBoost,2,original__glszm__LargeAreaLowGrayLevelEmphasis,0.012917379031628682,0.012917378550418832,"native tree importance in PCA space, distributed by absolute PCA loading"
Radiomics,XGBoost,2,original__glszm__LowGrayLevelZoneEmphasis,0.008063613002742873,0.008063612702349891,"native tree importance in PCA space, distributed by absolute PCA loading"
Radiomics,XGBoost,2,original__glszm__SizeZoneNonUniformity,0.012475562444759825,0.012475561980008924,"native tree importance in PCA space, distributed by absolute PCA loading"
Radiomics,XGBoost,2,original__glszm__SizeZoneNonUniformityNormalized,0.007936398314088024,0.007936398018434158,"native tree importance in PCA space, distributed by absolute PCA loading"
Radiomics,XGBoost,2,original__glszm__SmallAreaEmphasis,0.008947312275926331,0.008947311942612987,"native tree importance in PCA space, distributed by absolute PCA loading"
Radiomics,XGBoost,2,original__glszm__SmallAreaHighGrayLevelEmphasis,0.0065430857302043975,0.0065430854864554685,"native tree importance in PCA space, distributed by absolute PCA loading"
Radiomics,XGBoost,2,original__glszm__SmallAreaLowGrayLevelEmphasis,0.006874361861028304,0.006874361604938378,"native tree importance in PCA space, distributed by absolute PCA loading"
Radiomics,XGBoost,2,original__glszm__ZoneEntropy,0.009485305807016287,0.009485305453661122,"native tree importance in PCA space, distributed by absolute PCA loading"
Radiomics,XGBoost,2,original__glszm__ZonePercentage,0.009486254065685054,0.009486253712294565,"native tree importance in PCA space, distributed by absolute PCA loading"
Radiomics,XGBoost,2,original__glszm__ZoneVariance,0.0094047427494113,0.009404742399057343,"native tree importance in PCA space, distributed by absolute PCA loading"
Radiomics,XGBoost,2,original__ngtdm__Busyness,0.011300899067503454,0.011300898646512172,"native tree importance in PCA space, distributed by absolute PCA loading"
Radiomics,XGBoost,2,original__ngtdm__Coarseness,0.008222849533203423,0.008222849226878418,"native tree importance in PCA space, distributed by absolute PCA loading"
Radiomics,XGBoost,2,original__ngtdm__Complexity,0.009276807672894943,0.00927680732730694,"native tree importance in PCA space, distributed by absolute PCA loading"
Radiomics,XGBoost,2,original__ngtdm__Contrast,0.010613785429745481,0.010613785034351177,"native tree importance in PCA space, distributed by absolute PCA loading"
Radiomics,XGBoost,2,original__ngtdm__Strength,0.009043399414766416,0.009043399077873548,"native tree importance in PCA space, distributed by absolute PCA loading"
Radiomics,XGBoost,3,original__shape__Elongation,0.012350196657134752,0.012350195299896902,"native tree importance in PCA space, distributed by absolute PCA loading"
Radiomics,XGBoost,3,original__shape__Flatness,0.013460936259689565,0.013460934780385818,"native tree importance in PCA space, distributed by absolute PCA loading"
Radiomics,XGBoost,3,original__shape__LeastAxisLength,0.009816223379846223,0.00981622230108203,"native tree importance in PCA space, distributed by absolute PCA loading"
Radiomics,XGBoost,3,original__shape__MajorAxisLength,0.017425968605884627,0.01742596669083948,"native tree importance in PCA space, distributed by absolute PCA loading"
Radiomics,XGBoost,3,original__shape__Maximum2DDiameterColumn,0.014009941324847501,0.014009939785210264,"native tree importance in PCA space, distributed by absolute PCA loading"
Radiomics,XGBoost,3,original__shape__Maximum2DDiameterRow,0.012849146155276173,0.012849144743205742,"native tree importance in PCA space, distributed by absolute PCA loading"
Radiomics,XGBoost,3,original__shape__Maximum2DDiameterSlice,0.013328493003708704,0.013328491538959947,"native tree importance in PCA space, distributed by absolute PCA loading"
Radiomics,XGBoost,3,original__shape__Maximum3DDiameter,0.01410870581812865,0.014108704267637587,"native tree importance in PCA space, distributed by absolute PCA loading"
Radiomics,XGBoost,3,original__shape__MeshVolume,0.010766775154479876,0.010766773971253796,"native tree importance in PCA space, distributed by absolute PCA loading"
Radiomics,XGBoost,3,original__shape__MinorAxisLength,0.015044552819547473,0.015044551166210517,"native tree importance in PCA space, distributed by absolute PCA loading"
Radiomics,XGBoost,3,original__shape__Sphericity,0.012504316020611753,0.012504314646436794,"native tree importance in PCA space, distributed by absolute PCA loading"
Radiomics,XGBoost,3,original__shape__SurfaceArea,0.009038072230241428,0.009038071236992974,"native tree importance in PCA space, distributed by absolute PCA loading"
Radiomics,XGBoost,3,original__shape__SurfaceVolumeRatio,0.011260105882169743,0.011260104644728564,"native tree importance in PCA space, distributed by absolute PCA loading"
Radiomics,XGBoost,3,original__shape__VoxelVolume,0.009866908316524144,0.009866907232189878,"native tree importance in PCA space, distributed by absolute PCA loading"
Radiomics,XGBoost,3,original__firstorder__10Percentile,0.01224717408278489,0.012247172736868813,"native tree importance in PCA space, distributed by absolute PCA loading"
Radiomics,XGBoost,3,original__firstorder__90Percentile,0.0072142796299931285,0.007214278837172281,"native tree importance in PCA space, distributed by absolute PCA loading"
Radiomics,XGBoost,3,original__firstorder__Energy,0.00908554968602684,0.0090855486875608,"native tree importance in PCA space, distributed by absolute PCA loading"
Radiomics,XGBoost,3,original__firstorder__Entropy,0.005242457117394055,0.005242456541268717,"native tree importance in PCA space, distributed by absolute PCA loading"
Radiomics,XGBoost,3,original__firstorder__InterquartileRange,0.011104935438553626,0.011104934218165066,"native tree importance in PCA space, distributed by absolute PCA loading"
Radiomics,XGBoost,3,original__firstorder__Kurtosis,0.012774025509581222,0.012774024105766254,"native tree importance in PCA space, distributed by absolute PCA loading"
Radiomics,XGBoost,3,original__firstorder__Maximum,0.012283438932069922,0.012283437582168481,"native tree importance in PCA space, distributed by absolute PCA loading"
Radiomics,XGBoost,3,original__firstorder__MeanAbsoluteDeviation,0.006934579916772938,0.0069345791546899845,"native tree importance in PCA space, distributed by absolute PCA loading"
Radiomics,XGBoost,3,original__firstorder__Mean,0.012329349984108872,0.012329348629161989,"native tree importance in PCA space, distributed by absolute PCA loading"
Radiomics,XGBoost,3,original__firstorder__Median,0.009913388998792228,0.009913387909349917,"native tree importance in PCA space, distributed by absolute PCA loading"
Radiomics,XGBoost,3,original__firstorder__Minimum,0.0055874701934201625,0.005587469579379249,"native tree importance in PCA space, distributed by absolute PCA loading"
Radiomics,XGBoost,3,original__firstorder__Range,0.007305918578830361,0.007305917775938755,"native tree importance in PCA space, distributed by absolute PCA loading"
Radiomics,XGBoost,3,original__firstorder__RobustMeanAbsoluteDeviation,0.011679796022575796,0.011679794739012329,"native tree importance in PCA space, distributed by absolute PCA loading"
Radiomics,XGBoost,3,original__firstorder__RootMeanSquared,0.01087617475542259,0.010876173560173926,"native tree importance in PCA space, distributed by absolute PCA loading"
Radiomics,XGBoost,3,original__firstorder__Skewness,0.014252867875624705,0.0142528663092908,"native tree importance in PCA space, distributed by absolute PCA loading"
Radiomics,XGBoost,3,original__firstorder__TotalEnergy,0.010146589406291883,0.010146588291221769,"native tree importance in PCA space, distributed by absolute PCA loading"
Radiomics,XGBoost,3,original__firstorder__Uniformity,0.0062564005568627465,0.006256399869309028,"native tree importance in PCA space, distributed by absolute PCA loading"
Radiomics,XGBoost,3,original__firstorder__Variance,0.009544151410568273,0.009544150361703715,"native tree importance in PCA space, distributed by absolute PCA loading"
Radiomics,XGBoost,3,original__glcm__Autocorrelation,0.005642620479262468,0.005642619859160756,"native tree importance in PCA space, distributed by absolute PCA loading"
Radiomics,XGBoost,3,original__glcm__ClusterProminence,0.007829770372573297,0.007829769512112447,"native tree importance in PCA space, distributed by absolute PCA loading"
Radiomics,XGBoost,3,original__glcm__ClusterShade,0.012420921954920578,0.012420920589910296,"native tree importance in PCA space, distributed by absolute PCA loading"
Radiomics,XGBoost,3,original__glcm__ClusterTendency,0.007819300763645877,0.007819299904335596,"native tree importance in PCA space, distributed by absolute PCA loading"
Radiomics,XGBoost,3,original__glcm__Contrast,0.00741067336548447,0.007410672551080727,"native tree importance in PCA space, distributed by absolute PCA loading"
Radiomics,XGBoost,3,original__glcm__Correlation,0.015756628186303197,0.015756626454711972,"native tree importance in PCA space, distributed by absolute PCA loading"
Radiomics,XGBoost,3,original__glcm__DifferenceAverage,0.005620870573284123,0.00562086995557264,"native tree importance in PCA space, distributed by absolute PCA loading"
Radiomics,XGBoost,3,original__glcm__DifferenceEntropy,0.004476406872030374,0.004476406380090932,"native tree importance in PCA space, distributed by absolute PCA loading"
Radiomics,XGBoost,3,original__glcm__DifferenceVariance,0.007866188398795153,0.007866187534332105,"native tree importance in PCA space, distributed by absolute PCA loading"
Radiomics,XGBoost,3,original__glcm__Id,0.006184362210914514,0.006184361531277525,"native tree importance in PCA space, distributed by absolute PCA loading"
Radiomics,XGBoost,3,original__glcm__Idm,0.00631962753498551,0.006319626840483396,"native tree importance in PCA space, distributed by absolute PCA loading"
Radiomics,XGBoost,3,original__glcm__Idmn,0.011690346023544074,0.011690344738821202,"native tree importance in PCA space, distributed by absolute PCA loading"
Radiomics,XGBoost,3,original__glcm__Idn,0.01007167836537455,0.010071677258536863,"native tree importance in PCA space, distributed by absolute PCA loading"
Radiomics,XGBoost,3,original__glcm__Imc1,0.010444981304660098,0.010444980156797892,"native tree importance in PCA space, distributed by absolute PCA loading"
Radiomics,XGBoost,3,original__glcm__Imc2,0.008853394140031657,0.008853393167078597,"native tree importance in PCA space, distributed by absolute PCA loading"
Radiomics,XGBoost,3,original__glcm__InverseVariance,0.00650565534159397,0.006505654626648134,"native tree importance in PCA space, distributed by absolute PCA loading"
Radiomics,XGBoost,3,original__glcm__JointAverage,0.007406574003894574,0.007406573189941334,"native tree importance in PCA space, distributed by absolute PCA loading"
Radiomics,XGBoost,3,original__glcm__JointEnergy,0.006674207070361347,0.0066742063368923415,"native tree importance in PCA space, distributed by absolute PCA loading"
Radiomics,XGBoost,3,original__glcm__JointEntropy,0.005116715371886018,0.0051167148095792,"native tree importance in PCA space, distributed by absolute PCA loading"
Radiomics,XGBoost,3,original__glcm__MCC,0.013817475004918832,0.013817473486432884,"native tree importance in PCA space, distributed by absolute PCA loading"
Radiomics,XGBoost,3,original__glcm__MaximumProbability,0.007183818984958276,0.007183818195484934,"native tree importance in PCA space, distributed by absolute PCA loading"
Radiomics,XGBoost,3,original__glcm__SumAverage,0.005293380913392335,0.005293380331670672,"native tree importance in PCA space, distributed by absolute PCA loading"
Radiomics,XGBoost,3,original__glcm__SumEntropy,0.0051041521320359376,0.005104151571109771,"native tree importance in PCA space, distributed by absolute PCA loading"
Radiomics,XGBoost,3,original__glcm__SumSquares,0.0078004731136078085,0.007800472256366612,"native tree importance in PCA space, distributed by absolute PCA loading"
Radiomics,XGBoost,3,original__gldm__DependenceEntropy,0.009512908963840605,0.00951290791840947,"native tree importance in PCA space, distributed by absolute PCA loading"
Radiomics,XGBoost,3,original__gldm__DependenceNonUniformity,0.011257625259542756,0.011257624022374188,"native tree importance in PCA space, distributed by absolute PCA loading"
Radiomics,XGBoost,3,original__gldm__DependenceNonUniformityNormalized,0.009643179249733763,0.009643178189986437,"native tree importance in PCA space, distributed by absolute PCA loading"
Radiomics,XGBoost,3,original__gldm__DependenceVariance,0.01486855182178453,0.01486855018778939,"native tree importance in PCA space, distributed by absolute PCA loading"
Radiomics,XGBoost,3,original__gldm__GrayLevelNonUniformity,0.007181681979395871,0.007181681190157377,"native tree importance in PCA space, distributed by absolute PCA loading"
Radiomics,XGBoost,3,original__gldm__GrayLevelVariance,0.007463760101462891,0.007463759281225124,"native tree importance in PCA space, distributed by absolute PCA loading"
Radiomics,XGBoost,3,original__gldm__HighGrayLevelEmphasis,0.007435589041171347,0.007435588224029469,"native tree importance in PCA space, distributed by absolute PCA loading"
Radiomics,XGBoost,3,original__gldm__LargeDependenceEmphasis,0.009511533204619983,0.009511532159340039,"native tree importance in PCA space, distributed by absolute PCA loading"
Radiomics,XGBoost,3,original__gldm__LargeDependenceHighGrayLevelEmphasis,0.008600151574983164,0.008600150629860462,"native tree importance in PCA space, distributed by absolute PCA loading"
Radiomics,XGBoost,3,original__gldm__LargeDependenceLowGrayLevelEmphasis,0.010441908373813131,0.010441907226288629,"native tree importance in PCA space, distributed by absolute PCA loading"
Radiomics,XGBoost,3,original__gldm__LowGrayLevelEmphasis,0.0067909158598021754,0.006790915113507334,"native tree importance in PCA space, distributed by absolute PCA loading"
Radiomics,XGBoost,3,original__gldm__SmallDependenceEmphasis,0.008124891608790432,0.008124890715896923,"native tree importance in PCA space, distributed by absolute PCA loading"
Radiomics,XGBoost,3,original__gldm__SmallDependenceHighGrayLevelEmphasis,0.005521644805387114,0.005521644198580151,"native tree importance in PCA space, distributed by absolute PCA loading"
Radiomics,XGBoost,3,original__gldm__SmallDependenceLowGrayLevelEmphasis,0.010288079504607198,0.010288078373987881,"native tree importance in PCA space, distributed by absolute PCA loading"
Radiomics,XGBoost,3,original__glrlm__GrayLevelNonUniformity,0.008006011862618468,0.008006010982789375,"native tree importance in PCA space, distributed by absolute PCA loading"
Radiomics,XGBoost,3,original__glrlm__GrayLevelNonUniformityNormalized,0.005131173856235925,0.005131173292340177,"native tree importance in PCA space, distributed by absolute PCA loading"
Radiomics,XGBoost,3,original__glrlm__GrayLevelVariance,0.007360901319606462,0.0073609005106724705,"native tree importance in PCA space, distributed by absolute PCA loading"
Radiomics,XGBoost,3,original__glrlm__HighGrayLevelRunEmphasis,0.007405604331019733,0.007405603517173056,"native tree importance in PCA space, distributed by absolute PCA loading"
Radiomics,XGBoost,3,original__glrlm__LongRunEmphasis,0.008558508584804626,0.008558507644258324,"native tree importance in PCA space, distributed by absolute PCA loading"
Radiomics,XGBoost,3,original__glrlm__LongRunHighGrayLevelEmphasis,0.008312818297350073,0.008312817383804164,"native tree importance in PCA space, distributed by absolute PCA loading"
Radiomics,XGBoost,3,original__glrlm__LongRunLowGrayLevelEmphasis,0.008966428023776498,0.00896642703840146,"native tree importance in PCA space, distributed by absolute PCA loading"
Radiomics,XGBoost,3,original__glrlm__LowGrayLevelRunEmphasis,0.008300453021268939,0.008300452109081924,"native tree importance in PCA space, distributed by absolute PCA loading"
Radiomics,XGBoost,3,original__glrlm__RunEntropy,0.006864742113546571,0.006864741359138516,"native tree importance in PCA space, distributed by absolute PCA loading"
Radiomics,XGBoost,3,original__glrlm__RunLengthNonUniformity,0.01055826251223295,0.010558261351921587,"native tree importance in PCA space, distributed by absolute PCA loading"
Radiomics,XGBoost,3,original__glrlm__RunLengthNonUniformityNormalized,0.007217947883398136,0.007217947090174161,"native tree importance in PCA space, distributed by absolute PCA loading"
Radiomics,XGBoost,3,original__glrlm__RunPercentage,0.009350744695811363,0.00935074366820144,"native tree importance in PCA space, distributed by absolute PCA loading"
Radiomics,XGBoost,3,original__glrlm__RunVariance,0.010910459368553537,0.01091045816953713,"native tree importance in PCA space, distributed by absolute PCA loading"
Radiomics,XGBoost,3,original__glrlm__ShortRunEmphasis,0.006534025667915622,0.006534024949851999,"native tree importance in PCA space, distributed by absolute PCA loading"
Radiomics,XGBoost,3,original__glrlm__ShortRunHighGrayLevelEmphasis,0.005538272805359825,0.00553827219672551,"native tree importance in PCA space, distributed by absolute PCA loading"
Radiomics,XGBoost,3,original__glrlm__ShortRunLowGrayLevelEmphasis,0.008749883243933262,0.008749882282355641,"native tree importance in PCA space, distributed by absolute PCA loading"
Radiomics,XGBoost,3,original__glszm__GrayLevelNonUniformity,0.014439539681311994,0.014439538094463595,"native tree importance in PCA space, distributed by absolute PCA loading"
Radiomics,XGBoost,3,original__glszm__GrayLevelNonUniformityNormalized,0.006867701260223561,0.006867700505490308,"native tree importance in PCA space, distributed by absolute PCA loading"
Radiomics,XGBoost,3,original__glszm__GrayLevelVariance,0.007913005653848209,0.00791300478424013,"native tree importance in PCA space, distributed by absolute PCA loading"
Radiomics,XGBoost,3,original__glszm__HighGrayLevelZoneEmphasis,0.0073039228255516765,0.0073039220228793954,"native tree importance in PCA space, distributed by absolute PCA loading"
Radiomics,XGBoost,3,original__glszm__LargeAreaEmphasis,0.007384895492281629,0.007384894680710772,"native tree importance in PCA space, distributed by absolute PCA loading"
Radiomics,XGBoost,3,original__glszm__LargeAreaHighGrayLevelEmphasis,0.00731198167508736,0.007311980871529443,"native tree importance in PCA space, distributed by absolute PCA loading"
Radiomics,XGBoost,3,original__glszm__LargeAreaLowGrayLevelEmphasis,0.01516531549174531,0.015165313825137014,"native tree importance in PCA space, distributed by absolute PCA loading"
Radiomics,XGBoost,3,original__glszm__LowGrayLevelZoneEmphasis,0.006121901840869026,0.0061219011680961844,"native tree importance in PCA space, distributed by absolute PCA loading"
Radiomics,XGBoost,3,original__glszm__SizeZoneNonUniformity,0.011566026711956723,0.011566025440896053,"native tree importance in PCA space, distributed by absolute PCA loading"
Radiomics,XGBoost,3,original__glszm__SizeZoneNonUniformityNormalized,0.009930332576008562,0.00993033148470422,"native tree importance in PCA space, distributed by absolute PCA loading"
Radiomics,XGBoost,3,original__glszm__SmallAreaEmphasis,0.009658491859806424,0.009658490798376303,"native tree importance in PCA space, distributed by absolute PCA loading"
Radiomics,XGBoost,3,original__glszm__SmallAreaHighGrayLevelEmphasis,0.006375586146661875,0.00637558544601013,"native tree importance in PCA space, distributed by absolute PCA loading"
Radiomics,XGBoost,3,original__glszm__SmallAreaLowGrayLevelEmphasis,0.006424341487199695,0.00642434078118993,"native tree importance in PCA space, distributed by absolute PCA loading"
Radiomics,XGBoost,3,original__glszm__ZoneEntropy,0.011549970088008732,0.011549968818712621,"native tree importance in PCA space, distributed by absolute PCA loading"
Radiomics,XGBoost,3,original__glszm__ZonePercentage,0.008481308818784727,0.008481307886722375,"native tree importance in PCA space, distributed by absolute PCA loading"
Radiomics,XGBoost,3,original__glszm__ZoneVariance,0.0073683170373630156,0.007368316227614065,"native tree importance in PCA space, distributed by absolute PCA loading"
Radiomics,XGBoost,3,original__ngtdm__Busyness,0.014030776144477973,0.014030774602551073,"native tree importance in PCA space, distributed by absolute PCA loading"
Radiomics,XGBoost,3,original__ngtdm__Coarseness,0.010510020629349737,0.010510019474339967,"native tree importance in PCA space, distributed by absolute PCA loading"
Radiomics,XGBoost,3,original__ngtdm__Complexity,0.011252005599622583,0.011252004363071593,"native tree importance in PCA space, distributed by absolute PCA loading"
Radiomics,XGBoost,3,original__ngtdm__Contrast,0.012703434241310372,0.012703432845253106,"native tree importance in PCA space, distributed by absolute PCA loading"
Radiomics,XGBoost,3,original__ngtdm__Strength,0.009313463492003689,0.009313462468490822,"native tree importance in PCA space, distributed by absolute PCA loading"
Radiomics,XGBoost,4,original__shape__Elongation,0.01397080156055703,0.013970801794760845,"native tree importance in PCA space, distributed by absolute PCA loading"
Radiomics,XGBoost,4,original__shape__Flatness,0.009604463394597956,0.009604463555605323,"native tree importance in PCA space, distributed by absolute PCA loading"
Radiomics,XGBoost,4,original__shape__LeastAxisLength,0.011235172735681356,0.01123517292402562,"native tree importance in PCA space, distributed by absolute PCA loading"
Radiomics,XGBoost,4,original__shape__MajorAxisLength,0.016359988479557087,0.01635998875381277,"native tree importance in PCA space, distributed by absolute PCA loading"
Radiomics,XGBoost,4,original__shape__Maximum2DDiameterColumn,0.013433119495829867,0.013433119721020084,"native tree importance in PCA space, distributed by absolute PCA loading"
Radiomics,XGBoost,4,original__shape__Maximum2DDiameterRow,0.012367340576643203,0.012367340783966908,"native tree importance in PCA space, distributed by absolute PCA loading"
Radiomics,XGBoost,4,original__shape__Maximum2DDiameterSlice,0.0155966396687666,0.01559663993022565,"native tree importance in PCA space, distributed by absolute PCA loading"
Radiomics,XGBoost,4,original__shape__Maximum3DDiameter,0.01610013934264544,0.016100139612545063,"native tree importance in PCA space, distributed by absolute PCA loading"
Radiomics,XGBoost,4,original__shape__MeshVolume,0.012071423816503868,0.012071424018866883,"native tree importance in PCA space, distributed by absolute PCA loading"
Radiomics,XGBoost,4,original__shape__MinorAxisLength,0.014077520269352873,0.0140775205053457,"native tree importance in PCA space, distributed by absolute PCA loading"
Radiomics,XGBoost,4,original__shape__Sphericity,0.012654779742684235,0.012654779954826516,"native tree importance in PCA space, distributed by absolute PCA loading"
Radiomics,XGBoost,4,original__shape__SurfaceArea,0.009114287995018185,0.009114288147808345,"native tree importance in PCA space, distributed by absolute PCA loading"
Radiomics,XGBoost,4,original__shape__SurfaceVolumeRatio,0.011888975644119983,0.01188897584342447,"native tree importance in PCA space, distributed by absolute PCA loading"
Radiomics,XGBoost,4,original__shape__VoxelVolume,0.010323658791242897,0.010323658964306717,"native tree importance in PCA space, distributed by absolute PCA loading"
Radiomics,XGBoost,4,original__firstorder__10Percentile,0.011946056482095443,0.011946056682356824,"native tree importance in PCA space, distributed by absolute PCA loading"
Radiomics,XGBoost,4,original__firstorder__90Percentile,0.0059542043618844385,0.005954204461699569,"native tree importance in PCA space, distributed by absolute PCA loading"
Radiomics,XGBoost,4,original__firstorder__Energy,0.007153841097396963,0.007153841217322572,"native tree importance in PCA space, distributed by absolute PCA loading"
Radiomics,XGBoost,4,original__firstorder__Entropy,0.00580855274970971,0.005808552847083165,"native tree importance in PCA space, distributed by absolute PCA loading"
Radiomics,XGBoost,4,original__firstorder__InterquartileRange,0.011813026299242383,0.011813026497273673,"native tree importance in PCA space, distributed by absolute PCA loading"
Radiomics,XGBoost,4,original__firstorder__Kurtosis,0.015071062647162218,0.015071062899810597,"native tree importance in PCA space, distributed by absolute PCA loading"
Radiomics,XGBoost,4,original__firstorder__Maximum,0.015299020207964994,0.01529902046443481,"native tree importance in PCA space, distributed by absolute PCA loading"
Radiomics,XGBoost,4,original__firstorder__MeanAbsoluteDeviation,0.005538649753669959,0.005538649846518813,"native tree importance in PCA space, distributed by absolute PCA loading"
Radiomics,XGBoost,4,original__firstorder__Mean,0.009713907081463878,0.009713907244305937,"native tree importance in PCA space, distributed by absolute PCA loading"
Radiomics,XGBoost,4,original__firstorder__Median,0.009426969899521038,0.009426970057552938,"native tree importance in PCA space, distributed by absolute PCA loading"
Radiomics,XGBoost,4,original__firstorder__Minimum,0.004976106989146601,0.004976107072565096,"native tree importance in PCA space, distributed by absolute PCA loading"
Radiomics,XGBoost,4,original__firstorder__Range,0.008988840045473064,0.00898884019616024,"native tree importance in PCA space, distributed by absolute PCA loading"
Radiomics,XGBoost,4,original__firstorder__RobustMeanAbsoluteDeviation,0.01171735112441986,0.01171735132084727,"native tree importance in PCA space, distributed by absolute PCA loading"
Radiomics,XGBoost,4,original__firstorder__RootMeanSquared,0.009256397795382279,0.009256397950554742,"native tree importance in PCA space, distributed by absolute PCA loading"
Radiomics,XGBoost,4,original__firstorder__Skewness,0.013512857071492556,0.013512857298019479,"native tree importance in PCA space, distributed by absolute PCA loading"
Radiomics,XGBoost,4,original__firstorder__TotalEnergy,0.008626004548680346,0.008626004693285018,"native tree importance in PCA space, distributed by absolute PCA loading"
Radiomics,XGBoost,4,original__firstorder__Uniformity,0.006504043251754143,0.006504043360786666,"native tree importance in PCA space, distributed by absolute PCA loading"
Radiomics,XGBoost,4,original__firstorder__Variance,0.008855431778791122,0.008855431927241869,"native tree importance in PCA space, distributed by absolute PCA loading"
Radiomics,XGBoost,4,original__glcm__Autocorrelation,0.005379772600857571,0.0053797726910430384,"native tree importance in PCA space, distributed by absolute PCA loading"
Radiomics,XGBoost,4,original__glcm__ClusterProminence,0.0070373722162782254,0.007037372334251372,"native tree importance in PCA space, distributed by absolute PCA loading"
Radiomics,XGBoost,4,original__glcm__ClusterShade,0.015213074589145503,0.015213074844174545,"native tree importance in PCA space, distributed by absolute PCA loading"
Radiomics,XGBoost,4,original__glcm__ClusterTendency,0.007019776454506629,0.007019776572184804,"native tree importance in PCA space, distributed by absolute PCA loading"
Radiomics,XGBoost,4,original__glcm__Contrast,0.007082705992692564,0.007082706111425678,"native tree importance in PCA space, distributed by absolute PCA loading"
Radiomics,XGBoost,4,original__glcm__Correlation,0.013976559014058063,0.013976559248358396,"native tree importance in PCA space, distributed by absolute PCA loading"
Radiomics,XGBoost,4,original__glcm__DifferenceAverage,0.006135904361152083,0.006135904464013198,"native tree importance in PCA space, distributed by absolute PCA loading"
Radiomics,XGBoost,4,original__glcm__DifferenceEntropy,0.004443337645059254,0.004443337719546507,"native tree importance in PCA space, distributed by absolute PCA loading"
Radiomics,XGBoost,4,original__glcm__DifferenceVariance,0.007514365120797508,0.007514365246766871,"native tree importance in PCA space, distributed by absolute PCA loading"
Radiomics,XGBoost,4,original__glcm__Id,0.006136418496814863,0.006136418599684596,"native tree importance in PCA space, distributed by absolute PCA loading"
Radiomics,XGBoost,4,original__glcm__Idm,0.007669638687232878,0.007669638815805217,"native tree importance in PCA space, distributed by absolute PCA loading"
Radiomics,XGBoost,4,original__glcm__Idmn,0.009982741993998274,0.00998274216134703,"native tree importance in PCA space, distributed by absolute PCA loading"
Radiomics,XGBoost,4,original__glcm__Idn,0.009017202723567524,0.009017202874730167,"native tree importance in PCA space, distributed by absolute PCA loading"
Radiomics,XGBoost,4,original__glcm__Imc1,0.013275240988636802,0.013275241211180374,"native tree importance in PCA space, distributed by absolute PCA loading"
Radiomics,XGBoost,4,original__glcm__Imc2,0.010705642709150394,0.010705642888617719,"native tree importance in PCA space, distributed by absolute PCA loading"
Radiomics,XGBoost,4,original__glcm__InverseVariance,0.0064735297749328406,0.006473529883453842,"native tree importance in PCA space, distributed by absolute PCA loading"
Radiomics,XGBoost,4,original__glcm__JointAverage,0.007571350480705202,0.007571350607629858,"native tree importance in PCA space, distributed by absolute PCA loading"
Radiomics,XGBoost,4,original__glcm__JointEnergy,0.007562237856804553,0.007562237983576446,"native tree importance in PCA space, distributed by absolute PCA loading"
Radiomics,XGBoost,4,original__glcm__JointEntropy,0.0053066326519610775,0.005306632740920441,"native tree importance in PCA space, distributed by absolute PCA loading"
Radiomics,XGBoost,4,original__glcm__MCC,0.011198738062426994,0.011198738250160474,"native tree importance in PCA space, distributed by absolute PCA loading"
Radiomics,XGBoost,4,original__glcm__MaximumProbability,0.00720997833088663,0.007209978451753312,"native tree importance in PCA space, distributed by absolute PCA loading"
Radiomics,XGBoost,4,original__glcm__SumAverage,0.004953254059284106,0.004953254142319499,"native tree importance in PCA space, distributed by absolute PCA loading"
Radiomics,XGBoost,4,original__glcm__SumEntropy,0.005051220015472184,0.005051220100149859,"native tree importance in PCA space, distributed by absolute PCA loading"
Radiomics,XGBoost,4,original__glcm__SumSquares,0.006995043433262088,0.006995043550525644,"native tree importance in PCA space, distributed by absolute PCA loading"
Radiomics,XGBoost,4,original__gldm__DependenceEntropy,0.00983422950618218,0.0098342296710413,"native tree importance in PCA space, distributed by absolute PCA loading"
Radiomics,XGBoost,4,original__gldm__DependenceNonUniformity,0.009719816204813275,0.009719816367754394,"native tree importance in PCA space, distributed by absolute PCA loading"
Radiomics,XGBoost,4,original__gldm__DependenceNonUniformityNormalized,0.010286929553694146,0.010286929726142244,"native tree importance in PCA space, distributed by absolute PCA loading"
Radiomics,XGBoost,4,original__gldm__DependenceVariance,0.014680618576795063,0.014680618822898114,"native tree importance in PCA space, distributed by absolute PCA loading"
Radiomics,XGBoost,4,original__gldm__GrayLevelNonUniformity,0.006687547483622774,0.006687547595731527,"native tree importance in PCA space, distributed by absolute PCA loading"
Radiomics,XGBoost,4,original__gldm__GrayLevelVariance,0.006647421839948144,0.006647421951384238,"native tree importance in PCA space, distributed by absolute PCA loading"
Radiomics,XGBoost,4,original__gldm__HighGrayLevelEmphasis,0.00764914584760869,0.007649145975837492,"native tree importance in PCA space, distributed by absolute PCA loading"
Radiomics,XGBoost,4,original__gldm__LargeDependenceEmphasis,0.010293535100762797,0.010293535273321629,"native tree importance in PCA space, distributed by absolute PCA loading"
Radiomics,XGBoost,4,original__gldm__LargeDependenceHighGrayLevelEmphasis,0.008131720499571941,0.008131720635890531,"native tree importance in PCA space, distributed by absolute PCA loading"
Radiomics,XGBoost,4,original__gldm__LargeDependenceLowGrayLevelEmphasis,0.008323219085777822,0.008323219225306657,"native tree importance in PCA space, distributed by absolute PCA loading"
Radiomics,XGBoost,4,original__gldm__LowGrayLevelEmphasis,0.007412890490913872,0.0074128906151821345,"native tree importance in PCA space, distributed by absolute PCA loading"
Radiomics,XGBoost,4,original__gldm__SmallDependenceEmphasis,0.007343972110719927,0.007343972233832856,"native tree importance in PCA space, distributed by absolute PCA loading"
Radiomics,XGBoost,4,original__gldm__SmallDependenceHighGrayLevelEmphasis,0.006420488843522721,0.006420488951154554,"native tree importance in PCA space, distributed by absolute PCA loading"
Radiomics,XGBoost,4,original__gldm__SmallDependenceLowGrayLevelEmphasis,0.009739641872377273,0.009739642035650746,"native tree importance in PCA space, distributed by absolute PCA loading"
Radiomics,XGBoost,4,original__glrlm__GrayLevelNonUniformity,0.007709365889526186,0.007709366018764505,"native tree importance in PCA space, distributed by absolute PCA loading"
Radiomics,XGBoost,4,original__glrlm__GrayLevelNonUniformityNormalized,0.006379157612876232,0.006379157719815197,"native tree importance in PCA space, distributed by absolute PCA loading"
Radiomics,XGBoost,4,original__glrlm__GrayLevelVariance,0.0064745422788310535,0.006474542387369028,"native tree importance in PCA space, distributed by absolute PCA loading"
Radiomics,XGBoost,4,original__glrlm__HighGrayLevelRunEmphasis,0.00763464903258733,0.00763464916057311,"native tree importance in PCA space, distributed by absolute PCA loading"
Radiomics,XGBoost,4,original__glrlm__LongRunEmphasis,0.009993819915304174,0.009993820082838637,"native tree importance in PCA space, distributed by absolute PCA loading"
Radiomics,XGBoost,4,original__glrlm__LongRunHighGrayLevelEmphasis,0.00908518300737814,0.00908518315968039,"native tree importance in PCA space, distributed by absolute PCA loading"
Radiomics,XGBoost,4,original__glrlm__LongRunLowGrayLevelEmphasis,0.009149007157558744,0.009149007310930931,"native tree importance in PCA space, distributed by absolute PCA loading"
Radiomics,XGBoost,4,original__glrlm__LowGrayLevelRunEmphasis,0.007963182835375653,0.00796318296886891,"native tree importance in PCA space, distributed by absolute PCA loading"
Radiomics,XGBoost,4,original__glrlm__RunEntropy,0.008057405054011844,0.008057405189084623,"native tree importance in PCA space, distributed by absolute PCA loading"
Radiomics,XGBoost,4,original__glrlm__RunLengthNonUniformity,0.009796948820790947,0.009796948985025103,"native tree importance in PCA space, distributed by absolute PCA loading"
Radiomics,XGBoost,4,original__glrlm__RunLengthNonUniformityNormalized,0.0068484778208749274,0.006848477935681485,"native tree importance in PCA space, distributed by absolute PCA loading"
Radiomics,XGBoost,4,original__glrlm__RunPercentage,0.009987542579579591,0.009987542747008823,"native tree importance in PCA space, distributed by absolute PCA loading"
Radiomics,XGBoost,4,original__glrlm__RunVariance,0.01247630903307103,0.012476309242221461,"native tree importance in PCA space, distributed by absolute PCA loading"
Radiomics,XGBoost,4,original__glrlm__ShortRunEmphasis,0.005671350201961611,0.005671350297035029,"native tree importance in PCA space, distributed by absolute PCA loading"
Radiomics,XGBoost,4,original__glrlm__ShortRunHighGrayLevelEmphasis,0.005188652372969477,0.005188652459951042,"native tree importance in PCA space, distributed by absolute PCA loading"
Radiomics,XGBoost,4,original__glrlm__ShortRunLowGrayLevelEmphasis,0.008378221805954815,0.008378221946405705,"native tree importance in PCA space, distributed by absolute PCA loading"
Radiomics,XGBoost,4,original__glszm__GrayLevelNonUniformity,0.015652843873727618,0.015652844136128864,"native tree importance in PCA space, distributed by absolute PCA loading"
Radiomics,XGBoost,4,original__glszm__GrayLevelNonUniformityNormalized,0.008903559155792539,0.008903559305050083,"native tree importance in PCA space, distributed by absolute PCA loading"
Radiomics,XGBoost,4,original__glszm__GrayLevelVariance,0.00661367705032784,0.006613677161198243,"native tree importance in PCA space, distributed by absolute PCA loading"
Radiomics,XGBoost,4,original__glszm__HighGrayLevelZoneEmphasis,0.0075316439363400725,0.007531644062599095,"native tree importance in PCA space, distributed by absolute PCA loading"
Radiomics,XGBoost,4,original__glszm__LargeAreaEmphasis,0.007719665751820358,0.007719665881231342,"native tree importance in PCA space, distributed by absolute PCA loading"
Radiomics,XGBoost,4,original__glszm__LargeAreaHighGrayLevelEmphasis,0.00794383387276651,0.007943834005935404,"native tree importance in PCA space, distributed by absolute PCA loading"
Radiomics,XGBoost,4,original__glszm__LargeAreaLowGrayLevelEmphasis,0.017064884922645934,0.017064885208718364,"native tree importance in PCA space, distributed by absolute PCA loading"
Radiomics,XGBoost,4,original__glszm__LowGrayLevelZoneEmphasis,0.006394350604470207,0.006394350711663864,"native tree importance in PCA space, distributed by absolute PCA loading"
Radiomics,XGBoost,4,original__glszm__SizeZoneNonUniformity,0.011118544994195675,0.011118545180584813,"native tree importance in PCA space, distributed by absolute PCA loading"
Radiomics,XGBoost,4,original__glszm__SizeZoneNonUniformityNormalized,0.010926718211195292,0.010926718394368684,"native tree importance in PCA space, distributed by absolute PCA loading"
Radiomics,XGBoost,4,original__glszm__SmallAreaEmphasis,0.010160245877762528,0.010160246048086925,"native tree importance in PCA space, distributed by absolute PCA loading"
Radiomics,XGBoost,4,original__glszm__SmallAreaHighGrayLevelEmphasis,0.0059463388097417995,0.005946338909425073,"native tree importance in PCA space, distributed by absolute PCA loading"
Radiomics,XGBoost,4,original__glszm__SmallAreaLowGrayLevelEmphasis,0.006120598963246394,0.0061205990658509315,"native tree importance in PCA space, distributed by absolute PCA loading"
Radiomics,XGBoost,4,original__glszm__ZoneEntropy,0.012264630515982665,0.01226463072158456,"native tree importance in PCA space, distributed by absolute PCA loading"
Radiomics,XGBoost,4,original__glszm__ZonePercentage,0.007041667786448505,0.007041667904493662,"native tree importance in PCA space, distributed by absolute PCA loading"
Radiomics,XGBoost,4,original__glszm__ZoneVariance,0.007696502589685798,0.007696502718708479,"native tree importance in PCA space, distributed by absolute PCA loading"
Radiomics,XGBoost,4,original__ngtdm__Busyness,0.012011504232708985,0.012011504434067519,"native tree importance in PCA space, distributed by absolute PCA loading"
Radiomics,XGBoost,4,original__ngtdm__Coarseness,0.010244503680101602,0.01024450385183848,"native tree importance in PCA space, distributed by absolute PCA loading"
Radiomics,XGBoost,4,original__ngtdm__Complexity,0.01048407554206214,0.010484075717815155,"native tree importance in PCA space, distributed by absolute PCA loading"
Radiomics,XGBoost,4,original__ngtdm__Contrast,0.010708549430798426,0.010708549610314477,"native tree importance in PCA space, distributed by absolute PCA loading"
Radiomics,XGBoost,4,original__ngtdm__Strength,0.011614278041274963,0.011614278235974475,"native tree importance in PCA space, distributed by absolute PCA loading"
Radiomics,XGBoost,5,original__shape__Elongation,0.01052743517312974,0.010527435212347492,"native tree importance in PCA space, distributed by absolute PCA loading"
Radiomics,XGBoost,5,original__shape__Flatness,0.012793714457655276,0.012793714505315577,"native tree importance in PCA space, distributed by absolute PCA loading"
Radiomics,XGBoost,5,original__shape__LeastAxisLength,0.009900840556428574,0.00990084059331208,"native tree importance in PCA space, distributed by absolute PCA loading"
Radiomics,XGBoost,5,original__shape__MajorAxisLength,0.01466432936948375,0.014664329424112634,"native tree importance in PCA space, distributed by absolute PCA loading"
Radiomics,XGBoost,5,original__shape__Maximum2DDiameterColumn,0.018307612908363025,0.0183076129765642,"native tree importance in PCA space, distributed by absolute PCA loading"
Radiomics,XGBoost,5,original__shape__Maximum2DDiameterRow,0.012136532795786446,0.012136532840998554,"native tree importance in PCA space, distributed by absolute PCA loading"
Radiomics,XGBoost,5,original__shape__Maximum2DDiameterSlice,0.01397861345112026,0.013978613503194653,"native tree importance in PCA space, distributed by absolute PCA loading"
Radiomics,XGBoost,5,original__shape__Maximum3DDiameter,0.01718922718335309,0.017189227247387952,"native tree importance in PCA space, distributed by absolute PCA loading"
Radiomics,XGBoost,5,original__shape__MeshVolume,0.012233509447130425,0.0122335094927038,"native tree importance in PCA space, distributed by absolute PCA loading"
Radiomics,XGBoost,5,original__shape__MinorAxisLength,0.014781932226263034,0.014781932281330023,"native tree importance in PCA space, distributed by absolute PCA loading"
Radiomics,XGBoost,5,original__shape__Sphericity,0.014222112787400092,0.014222112840381591,"native tree importance in PCA space, distributed by absolute PCA loading"
Radiomics,XGBoost,5,original__shape__SurfaceArea,0.00851881560433698,0.008518815636072041,"native tree importance in PCA space, distributed by absolute PCA loading"
Radiomics,XGBoost,5,original__shape__SurfaceVolumeRatio,0.013828156713144149,0.013828156764658048,"native tree importance in PCA space, distributed by absolute PCA loading"
Radiomics,XGBoost,5,original__shape__VoxelVolume,0.009658067071025204,0.009658067107004308,"native tree importance in PCA space, distributed by absolute PCA loading"
Radiomics,XGBoost,5,original__firstorder__10Percentile,0.009670687769008608,0.009670687805034727,"native tree importance in PCA space, distributed by absolute PCA loading"
Radiomics,XGBoost,5,original__firstorder__90Percentile,0.0061134955374978674,0.006113495560272413,"native tree importance in PCA space, distributed by absolute PCA loading"
Radiomics,XGBoost,5,original__firstorder__Energy,0.007927423396107877,0.00792742342563983,"native tree importance in PCA space, distributed by absolute PCA loading"
Radiomics,XGBoost,5,original__firstorder__Entropy,0.0037524411088024562,0.003752441122781389,"native tree importance in PCA space, distributed by absolute PCA loading"
Radiomics,XGBoost,5,original__firstorder__InterquartileRange,0.013720401391015304,0.013720401442127782,"native tree importance in PCA space, distributed by absolute PCA loading"
Radiomics,XGBoost,5,original__firstorder__Kurtosis,0.01165077003726185,0.01165077008066435,"native tree importance in PCA space, distributed by absolute PCA loading"
Radiomics,XGBoost,5,original__firstorder__Maximum,0.01115918519273005,0.011159185234301254,"native tree importance in PCA space, distributed by absolute PCA loading"
Radiomics,XGBoost,5,original__firstorder__MeanAbsoluteDeviation,0.01478299890490266,0.014782998959973623,"native tree importance in PCA space, distributed by absolute PCA loading"
Radiomics,XGBoost,5,original__firstorder__Mean,0.009086122324178903,0.009086122358027346,"native tree importance in PCA space, distributed by absolute PCA loading"
Radiomics,XGBoost,5,original__firstorder__Median,0.006956812212359535,0.00695681223827568,"native tree importance in PCA space, distributed by absolute PCA loading"
Radiomics,XGBoost,5,original__firstorder__Minimum,0.0067293643157261065,0.0067293643407949424,"native tree importance in PCA space, distributed by absolute PCA loading"
Radiomics,XGBoost,5,original__firstorder__Range,0.007542859658835789,0.007542859686935131,"native tree importance in PCA space, distributed by absolute PCA loading"
Radiomics,XGBoost,5,original__firstorder__RobustMeanAbsoluteDeviation,0.017107728670738998,0.017107728734470255,"native tree importance in PCA space, distributed by absolute PCA loading"
Radiomics,XGBoost,5,original__firstorder__RootMeanSquared,0.01013013682737796,0.01013013686511566,"native tree importance in PCA space, distributed by absolute PCA loading"
Radiomics,XGBoost,5,original__firstorder__Skewness,0.009658550041860522,0.009658550077841424,"native tree importance in PCA space, distributed by absolute PCA loading"
Radiomics,XGBoost,5,original__firstorder__TotalEnergy,0.009729346307258987,0.009729346343503626,"native tree importance in PCA space, distributed by absolute PCA loading"
Radiomics,XGBoost,5,original__firstorder__Uniformity,0.005879974160877256,0.0058799741827818665,"native tree importance in PCA space, distributed by absolute PCA loading"
Radiomics,XGBoost,5,original__firstorder__Variance,0.009630968804092994,0.009630968839971148,"native tree importance in PCA space, distributed by absolute PCA loading"
Radiomics,XGBoost,5,original__glcm__Autocorrelation,0.00786021235477636,0.007860212384057933,"native tree importance in PCA space, distributed by absolute PCA loading"
Radiomics,XGBoost,5,original__glcm__ClusterProminence,0.011133120693089199,0.011133120734563306,"native tree importance in PCA space, distributed by absolute PCA loading"
Radiomics,XGBoost,5,original__glcm__ClusterShade,0.014703539162910494,0.014703539217685446,"native tree importance in PCA space, distributed by absolute PCA loading"
Radiomics,XGBoost,5,original__glcm__ClusterTendency,0.004313922509217802,0.004313922525288416,"native tree importance in PCA space, distributed by absolute PCA loading"
Radiomics,XGBoost,5,original__glcm__Contrast,0.003519896037289338,0.0035198960504019727,"native tree importance in PCA space, distributed by absolute PCA loading"
Radiomics,XGBoost,5,original__glcm__Correlation,0.013943805869810689,0.013943805921755413,"native tree importance in PCA space, distributed by absolute PCA loading"
Radiomics,XGBoost,5,original__glcm__DifferenceAverage,0.004337249740127728,0.004337249756285242,"native tree importance in PCA space, distributed by absolute PCA loading"
Radiomics,XGBoost,5,original__glcm__DifferenceEntropy,0.0049353257663154034,0.004935325784700925,"native tree importance in PCA space, distributed by absolute PCA loading"
Radiomics,XGBoost,5,original__glcm__DifferenceVariance,0.0037345950348049387,0.0037345950487173893,"native tree importance in PCA space, distributed by absolute PCA loading"
Radiomics,XGBoost,5,original__glcm__Id,0.004559268527409358,0.004559268544393957,"native tree importance in PCA space, distributed by absolute PCA loading"
Radiomics,XGBoost,5,original__glcm__Idm,0.007365344579570344,0.007365344607008391,"native tree importance in PCA space, distributed by absolute PCA loading"
Radiomics,XGBoost,5,original__glcm__Idmn,0.010776930020600045,0.010776930060747238,"native tree importance in PCA space, distributed by absolute PCA loading"
Radiomics,XGBoost,5,original__glcm__Idn,0.009703961576535199,0.009703961612685273,"native tree importance in PCA space, distributed by absolute PCA loading"
Radiomics,XGBoost,5,original__glcm__Imc1,0.016955656258093674,0.016955656321258415,"native tree importance in PCA space, distributed by absolute PCA loading"
Radiomics,XGBoost,5,original__glcm__Imc2,0.011107072368255921,0.01110707240963299,"native tree importance in PCA space, distributed by absolute PCA loading"
Radiomics,XGBoost,5,original__glcm__InverseVariance,0.004884336537517114,0.0048843365557126855,"native tree importance in PCA space, distributed by absolute PCA loading"
Radiomics,XGBoost,5,original__glcm__JointAverage,0.006822178960208858,0.006822178985623455,"native tree importance in PCA space, distributed by absolute PCA loading"
Radiomics,XGBoost,5,original__glcm__JointEnergy,0.007958254059187285,0.007958254088834093,"native tree importance in PCA space, distributed by absolute PCA loading"
Radiomics,XGBoost,5,original__glcm__JointEntropy,0.0038599979777871963,0.003859997992166809,"native tree importance in PCA space, distributed by absolute PCA loading"
Radiomics,XGBoost,5,original__glcm__MCC,0.015283957829447293,0.015283957886384474,"native tree importance in PCA space, distributed by absolute PCA loading"
Radiomics,XGBoost,5,original__glcm__MaximumProbability,0.0053131964424108806,0.00531319646220408,"native tree importance in PCA space, distributed by absolute PCA loading"
Radiomics,XGBoost,5,original__glcm__SumAverage,0.00655884543556077,0.006558845459994374,"native tree importance in PCA space, distributed by absolute PCA loading"
Radiomics,XGBoost,5,original__glcm__SumEntropy,0.004146744826692244,0.004146744842140072,"native tree importance in PCA space, distributed by absolute PCA loading"
Radiomics,XGBoost,5,original__glcm__SumSquares,0.003870478323905134,0.0038704783383237897,"native tree importance in PCA space, distributed by absolute PCA loading"
Radiomics,XGBoost,5,original__gldm__DependenceEntropy,0.00953901507491573,0.00953901511045133,"native tree importance in PCA space, distributed by absolute PCA loading"
Radiomics,XGBoost,5,original__gldm__DependenceNonUniformity,0.009883245691300004,0.009883245728117964,"native tree importance in PCA space, distributed by absolute PCA loading"
Radiomics,XGBoost,5,original__gldm__DependenceNonUniformityNormalized,0.010520550574538727,0.010520550613730832,"native tree importance in PCA space, distributed by absolute PCA loading"
Radiomics,XGBoost,5,original__gldm__DependenceVariance,0.014649246372142178,0.014649246426714873,"native tree importance in PCA space, distributed by absolute PCA loading"
Radiomics,XGBoost,5,original__gldm__GrayLevelNonUniformity,0.007507910271852889,0.007507910299822034,"native tree importance in PCA space, distributed by absolute PCA loading"
Radiomics,XGBoost,5,original__gldm__GrayLevelVariance,0.005741202302169687,0.005741202323557332,"native tree importance in PCA space, distributed by absolute PCA loading"
Radiomics,XGBoost,5,original__gldm__HighGrayLevelEmphasis,0.006944691664139396,0.0069446916900103885,"native tree importance in PCA space, distributed by absolute PCA loading"
Radiomics,XGBoost,5,original__gldm__LargeDependenceEmphasis,0.009270822940356563,0.00927082297489307,"native tree importance in PCA space, distributed by absolute PCA loading"
Radiomics,XGBoost,5,original__gldm__LargeDependenceHighGrayLevelEmphasis,0.010334035151132327,0.010334035189629609,"native tree importance in PCA space, distributed by absolute PCA loading"
Radiomics,XGBoost,5,original__gldm__LargeDependenceLowGrayLevelEmphasis,0.00715244622958623,0.007152446256231169,"native tree importance in PCA space, distributed by absolute PCA loading"
Radiomics,XGBoost,5,original__gldm__LowGrayLevelEmphasis,0.006427388540357415,0.006427388564301304,"native tree importance in PCA space, distributed by absolute PCA loading"
Radiomics,XGBoost,5,original__gldm__SmallDependenceEmphasis,0.009758975664003116,0.009758975700358134,"native tree importance in PCA space, distributed by absolute PCA loading"
Radiomics,XGBoost,5,original__gldm__SmallDependenceHighGrayLevelEmphasis,0.004609933034343046,0.004609933051516385,"native tree importance in PCA space, distributed by absolute PCA loading"
Radiomics,XGBoost,5,original__gldm__SmallDependenceLowGrayLevelEmphasis,0.009978134258060354,0.0099781342952318,"native tree importance in PCA space, distributed by absolute PCA loading"
Radiomics,XGBoost,5,original__glrlm__GrayLevelNonUniformity,0.008989555259062396,0.0089895552925511,"native tree importance in PCA space, distributed by absolute PCA loading"
Radiomics,XGBoost,5,original__glrlm__GrayLevelNonUniformityNormalized,0.005283818280696351,0.005283818300380108,"native tree importance in PCA space, distributed by absolute PCA loading"
Radiomics,XGBoost,5,original__glrlm__GrayLevelVariance,0.0061346795794980005,0.006134679602351463,"native tree importance in PCA space, distributed by absolute PCA loading"
Radiomics,XGBoost,5,original__glrlm__HighGrayLevelRunEmphasis,0.006842462787725906,0.006842462813216066,"native tree importance in PCA space, distributed by absolute PCA loading"
Radiomics,XGBoost,5,original__glrlm__LongRunEmphasis,0.009574645645700762,0.009574645681369096,"native tree importance in PCA space, distributed by absolute PCA loading"
Radiomics,XGBoost,5,original__glrlm__LongRunHighGrayLevelEmphasis,0.009188059022294155,0.009188059056522343,"native tree importance in PCA space, distributed by absolute PCA loading"
Radiomics,XGBoost,5,original__glrlm__LongRunLowGrayLevelEmphasis,0.007448525736135149,0.00744852576388307,"native tree importance in PCA space, distributed by absolute PCA loading"
Radiomics,XGBoost,5,original__glrlm__LowGrayLevelRunEmphasis,0.006263767886296235,0.006263767909630589,"native tree importance in PCA space, distributed by absolute PCA loading"
Radiomics,XGBoost,5,original__glrlm__RunEntropy,0.010285440153491901,0.010285440191808153,"native tree importance in PCA space, distributed by absolute PCA loading"
Radiomics,XGBoost,5,original__glrlm__RunLengthNonUniformity,0.007532594381284292,0.007532594409345394,"native tree importance in PCA space, distributed by absolute PCA loading"
Radiomics,XGBoost,5,original__glrlm__RunLengthNonUniformityNormalized,0.006619455847503801,0.006619455872163196,"native tree importance in PCA space, distributed by absolute PCA loading"
Radiomics,XGBoost,5,original__glrlm__RunPercentage,0.010322455105067364,0.010322455143521507,"native tree importance in PCA space, distributed by absolute PCA loading"
Radiomics,XGBoost,5,original__glrlm__RunVariance,0.016969446287813657,0.01696944635102977,"native tree importance in PCA space, distributed by absolute PCA loading"
Radiomics,XGBoost,5,original__glrlm__ShortRunEmphasis,0.005773848552783127,0.0057738485742923895,"native tree importance in PCA space, distributed by absolute PCA loading"
Radiomics,XGBoost,5,original__glrlm__ShortRunHighGrayLevelEmphasis,0.007629350119729996,0.00762935014815154,"native tree importance in PCA space, distributed by absolute PCA loading"
Radiomics,XGBoost,5,original__glrlm__ShortRunLowGrayLevelEmphasis,0.0067428070726728555,0.0067428070977917694,"native tree importance in PCA space, distributed by absolute PCA loading"
Radiomics,XGBoost,5,original__glszm__GrayLevelNonUniformity,0.015401334996089967,0.01540133505346441,"native tree importance in PCA space, distributed by absolute PCA loading"
Radiomics,XGBoost,5,original__glszm__GrayLevelNonUniformityNormalized,0.008301122256112379,0.008301122287036469,"native tree importance in PCA space, distributed by absolute PCA loading"
Radiomics,XGBoost,5,original__glszm__GrayLevelVariance,0.009955745110685569,0.00995574514777361,"native tree importance in PCA space, distributed by absolute PCA loading"
Radiomics,XGBoost,5,original__glszm__HighGrayLevelZoneEmphasis,0.006809980151437445,0.006809980176806598,"native tree importance in PCA space, distributed by absolute PCA loading"
Radiomics,XGBoost,5,original__glszm__LargeAreaEmphasis,0.009018664674454592,0.009018664708051736,"native tree importance in PCA space, distributed by absolute PCA loading"
Radiomics,XGBoost,5,original__glszm__LargeAreaHighGrayLevelEmphasis,0.007516355766416363,0.00751635579441697,"native tree importance in PCA space, distributed by absolute PCA loading"
Radiomics,XGBoost,5,original__glszm__LargeAreaLowGrayLevelEmphasis,0.015357984034336369,0.015357984091549318,"native tree importance in PCA space, distributed by absolute PCA loading"
Radiomics,XGBoost,5,original__glszm__LowGrayLevelZoneEmphasis,0.006912250180179418,0.006912250205929557,"native tree importance in PCA space, distributed by absolute PCA loading"
Radiomics,XGBoost,5,original__glszm__SizeZoneNonUniformity,0.011816898167008082,0.011816898211029459,"native tree importance in PCA space, distributed by absolute PCA loading"
Radiomics,XGBoost,5,original__glszm__SizeZoneNonUniformityNormalized,0.009008688393241067,0.009008688426801047,"native tree importance in PCA space, distributed by absolute PCA loading"
Radiomics,XGBoost,5,original__glszm__SmallAreaEmphasis,0.009634968727009157,0.009634968762902213,"native tree importance in PCA space, distributed by absolute PCA loading"
Radiomics,XGBoost,5,original__glszm__SmallAreaHighGrayLevelEmphasis,0.007915259643552571,0.007915259673039212,"native tree importance in PCA space, distributed by absolute PCA loading"
Radiomics,XGBoost,5,original__glszm__SmallAreaLowGrayLevelEmphasis,0.005733438369237481,0.005733438390596203,"native tree importance in PCA space, distributed by absolute PCA loading"
Radiomics,XGBoost,5,original__glszm__ZoneEntropy,0.012498713337560953,0.01249871338412229,"native tree importance in PCA space, distributed by absolute PCA loading"
Radiomics,XGBoost,5,original__glszm__ZonePercentage,0.010026718030582039,0.010026718067934474,"native tree importance in PCA space, distributed by absolute PCA loading"
Radiomics,XGBoost,5,original__glszm__ZoneVariance,0.009003835447475843,0.009003835481017743,"native tree importance in PCA space, distributed by absolute PCA loading"
Radiomics,XGBoost,5,original__ngtdm__Busyness,0.01315732962799146,0.013157329677006332,"native tree importance in PCA space, distributed by absolute PCA loading"
Radiomics,XGBoost,5,original__ngtdm__Coarseness,0.007437566394718518,0.007437566422425612,"native tree importance in PCA space, distributed by absolute PCA loading"
Radiomics,XGBoost,5,original__ngtdm__Complexity,0.00782152167047607,0.00782152169961351,"native tree importance in PCA space, distributed by absolute PCA loading"
Radiomics,XGBoost,5,original__ngtdm__Contrast,0.012305655585917171,0.01230565563175931,"native tree importance in PCA space, distributed by absolute PCA loading"
Radiomics,XGBoost,5,original__ngtdm__Strength,0.008829398926796551,0.008829398959688626,"native tree importance in PCA space, distributed by absolute PCA loading"
Radiomics,MLP,1,original__shape__Elongation,0.004847138400202126,0.010552302377034306,"mean absolute MLP SHAP in validation fold, back-projected via absolute PCA loadings"
Radiomics,MLP,1,original__shape__Flatness,0.0034326240202707204,0.007472880619017876,"mean absolute MLP SHAP in validation fold, back-projected via absolute PCA loadings"
Radiomics,MLP,1,original__shape__LeastAxisLength,0.00478764367239514,0.010422781347134999,"mean absolute MLP SHAP in validation fold, back-projected via absolute PCA loadings"
Radiomics,MLP,1,original__shape__MajorAxisLength,0.0052390112691507625,0.011405416248577466,"mean absolute MLP SHAP in validation fold, back-projected via absolute PCA loadings"
Radiomics,MLP,1,original__shape__Maximum2DDiameterColumn,0.008603484257972561,0.01872993091808464,"mean absolute MLP SHAP in validation fold, back-projected via absolute PCA loadings"
Radiomics,MLP,1,original__shape__Maximum2DDiameterRow,0.006891901300624163,0.015003785836573087,"mean absolute MLP SHAP in validation fold, back-projected via absolute PCA loadings"
Radiomics,MLP,1,original__shape__Maximum2DDiameterSlice,0.011242921552186218,0.024476030602921847,"mean absolute MLP SHAP in validation fold, back-projected via absolute PCA loadings"
Radiomics,MLP,1,original__shape__Maximum3DDiameter,0.010428787241041702,0.02270364642128651,"mean absolute MLP SHAP in validation fold, back-projected via absolute PCA loadings"
Radiomics,MLP,1,original__shape__MeshVolume,0.0051754927194620805,0.011267135290303673,"mean absolute MLP SHAP in validation fold, back-projected via absolute PCA loadings"
Radiomics,MLP,1,original__shape__MinorAxisLength,0.004206136174050862,0.009156829676189165,"mean absolute MLP SHAP in validation fold, back-projected via absolute PCA loadings"
Radiomics,MLP,1,original__shape__Sphericity,0.005839822417784254,0.012713392293084371,"mean absolute MLP SHAP in validation fold, back-projected via absolute PCA loadings"
Radiomics,MLP,1,original__shape__SurfaceArea,0.0035580904466502947,0.007746023153852032,"mean absolute MLP SHAP in validation fold, back-projected via absolute PCA loadings"
Radiomics,MLP,1,original__shape__SurfaceVolumeRatio,0.00793329881497868,0.01727092585999444,"mean absolute MLP SHAP in validation fold, back-projected via absolute PCA loadings"
Radiomics,MLP,1,original__shape__VoxelVolume,0.004565693486098834,0.00993959203313892,"mean absolute MLP SHAP in validation fold, back-projected via absolute PCA loadings"
Radiomics,MLP,1,original__firstorder__10Percentile,0.007676312042920608,0.01671146130549736,"mean absolute MLP SHAP in validation fold, back-projected via absolute PCA loadings"
Radiomics,MLP,1,original__firstorder__90Percentile,0.003344812097104199,0.007281712575307097,"mean absolute MLP SHAP in validation fold, back-projected via absolute PCA loadings"
Radiomics,MLP,1,original__firstorder__Energy,0.004537754632870875,0.009878768676554609,"mean absolute MLP SHAP in validation fold, back-projected via absolute PCA loadings"
Radiomics,MLP,1,original__firstorder__Entropy,0.0029597897317813343,0.006443512366161344,"mean absolute MLP SHAP in validation fold, back-projected via absolute PCA loadings"
Radiomics,MLP,1,original__firstorder__InterquartileRange,0.004115440580416404,0.00895938383303859,"mean absolute MLP SHAP in validation fold, back-projected via absolute PCA loadings"
Radiomics,MLP,1,original__firstorder__Kurtosis,0.007333311424969313,0.015964743151961502,"mean absolute MLP SHAP in validation fold, back-projected via absolute PCA loadings"
Radiomics,MLP,1,original__firstorder__Maximum,0.005622249937854304,0.01223973331997844,"mean absolute MLP SHAP in validation fold, back-projected via absolute PCA loadings"
Radiomics,MLP,1,original__firstorder__MeanAbsoluteDeviation,0.002529818431064093,0.005507457563512036,"mean absolute MLP SHAP in validation fold, back-projected via absolute PCA loadings"
Radiomics,MLP,1,original__firstorder__Mean,0.003243644740203359,0.007061469526200331,"mean absolute MLP SHAP in validation fold, back-projected via absolute PCA loadings"
Radiomics,MLP,1,original__firstorder__Median,0.004973166011470546,0.010826666620874394,"mean absolute MLP SHAP in validation fold, back-projected via absolute PCA loadings"
Radiomics,MLP,1,original__firstorder__Minimum,0.002905043903685535,0.006324329771349542,"mean absolute MLP SHAP in validation fold, back-projected via absolute PCA loadings"
Radiomics,MLP,1,original__firstorder__Range,0.004048935211513281,0.008814600518757178,"mean absolute MLP SHAP in validation fold, back-projected via absolute PCA loadings"
Radiomics,MLP,1,original__firstorder__RobustMeanAbsoluteDeviation,0.003617764708221909,0.0078759350317971,"mean absolute MLP SHAP in validation fold, back-projected via absolute PCA loadings"
Radiomics,MLP,1,original__firstorder__RootMeanSquared,0.003029404329274587,0.0065950645237340885,"mean absolute MLP SHAP in validation fold, back-projected via absolute PCA loadings"
Radiomics,MLP,1,original__firstorder__Skewness,0.00707620187139,0.015405011300013541,"mean absolute MLP SHAP in validation fold, back-projected via absolute PCA loadings"
Radiomics,MLP,1,original__firstorder__TotalEnergy,0.0046436258359399745,0.010109252078423009,"mean absolute MLP SHAP in validation fold, back-projected via absolute PCA loadings"
Radiomics,MLP,1,original__firstorder__Uniformity,0.0032841220642549776,0.007149589346089952,"mean absolute MLP SHAP in validation fold, back-projected via absolute PCA loadings"
Radiomics,MLP,1,original__firstorder__Variance,0.003833619830353241,0.008345855287894286,"mean absolute MLP SHAP in validation fold, back-projected via absolute PCA loadings"
Radiomics,MLP,1,original__glcm__Autocorrelation,0.002352023849070835,0.005120395747799688,"mean absolute MLP SHAP in validation fold, back-projected via absolute PCA loadings"
Radiomics,MLP,1,original__glcm__ClusterProminence,0.003102360035304748,0.00675389033116888,"mean absolute MLP SHAP in validation fold, back-projected via absolute PCA loadings"
Radiomics,MLP,1,original__glcm__ClusterShade,0.008789855628573734,0.01913566454783284,"mean absolute MLP SHAP in validation fold, back-projected via absolute PCA loadings"
Radiomics,MLP,1,original__glcm__ClusterTendency,0.003091462607470839,0.0067301664462411205,"mean absolute MLP SHAP in validation fold, back-projected via absolute PCA loadings"
Radiomics,MLP,1,original__glcm__Contrast,0.004322427006279402,0.009409996787180125,"mean absolute MLP SHAP in validation fold, back-projected via absolute PCA loadings"
Radiomics,MLP,1,original__glcm__Correlation,0.0037086057630963416,0.00807369754653029,"mean absolute MLP SHAP in validation fold, back-projected via absolute PCA loadings"
Radiomics,MLP,1,original__glcm__DifferenceAverage,0.0014310472256939368,0.003115414043203052,"mean absolute MLP SHAP in validation fold, back-projected via absolute PCA loadings"
Radiomics,MLP,1,original__glcm__DifferenceEntropy,0.0014975748228375709,0.003260245748740463,"mean absolute MLP SHAP in validation fold, back-projected via absolute PCA loadings"
Radiomics,MLP,1,original__glcm__DifferenceVariance,0.004852774068947049,0.010564571323324504,"mean absolute MLP SHAP in validation fold, back-projected via absolute PCA loadings"
Radiomics,MLP,1,original__glcm__Id,0.0011994465089402418,0.0026112153609824345,"mean absolute MLP SHAP in validation fold, back-projected via absolute PCA loadings"
Radiomics,MLP,1,original__glcm__Idm,0.004215471190874894,0.009177152165891085,"mean absolute MLP SHAP in validation fold, back-projected via absolute PCA loadings"
Radiomics,MLP,1,original__glcm__Idmn,0.00426004012878544,0.00927417949843759,"mean absolute MLP SHAP in validation fold, back-projected via absolute PCA loadings"
Radiomics,MLP,1,original__glcm__Idn,0.00448562560527094,0.009765282900734314,"mean absolute MLP SHAP in validation fold, back-projected via absolute PCA loadings"
Radiomics,MLP,1,original__glcm__Imc1,0.002745283239950012,0.005976528101064526,"mean absolute MLP SHAP in validation fold, back-projected via absolute PCA loadings"
Radiomics,MLP,1,original__glcm__Imc2,0.005380605909639548,0.011713670178637071,"mean absolute MLP SHAP in validation fold, back-projected via absolute PCA loadings"
Radiomics,MLP,1,original__glcm__InverseVariance,0.0011095693631039871,0.002415551292547867,"mean absolute MLP SHAP in validation fold, back-projected via absolute PCA loadings"
Radiomics,MLP,1,original__glcm__JointAverage,0.003545885557120195,0.007719452902671554,"mean absolute MLP SHAP in validation fold, back-projected via absolute PCA loadings"
Radiomics,MLP,1,original__glcm__JointEnergy,0.004113666034256786,0.008955520615999541,"mean absolute MLP SHAP in validation fold, back-projected via absolute PCA loadings"
Radiomics,MLP,1,original__glcm__JointEntropy,0.001224529288627011,0.0026658209971037977,"mean absolute MLP SHAP in validation fold, back-projected via absolute PCA loadings"
Radiomics,MLP,1,original__glcm__MCC,0.005526746918973354,0.01203182163065895,"mean absolute MLP SHAP in validation fold, back-projected via absolute PCA loadings"
Radiomics,MLP,1,original__glcm__MaximumProbability,0.001812403216794687,0.0039456324935821276,"mean absolute MLP SHAP in validation fold, back-projected via absolute PCA loadings"
Radiomics,MLP,1,original__glcm__SumAverage,0.002874529872509406,0.0062579002087648754,"mean absolute MLP SHAP in validation fold, back-projected via absolute PCA loadings"
Radiomics,MLP,1,original__glcm__SumEntropy,0.0012352412354064868,0.0026891410866351825,"mean absolute MLP SHAP in validation fold, back-projected via absolute PCA loadings"
Radiomics,MLP,1,original__glcm__SumSquares,0.0030782409702947485,0.006701382718218061,"mean absolute MLP SHAP in validation fold, back-projected via absolute PCA loadings"
Radiomics,MLP,1,original__gldm__DependenceEntropy,0.003936280429487521,0.00856934915062931,"mean absolute MLP SHAP in validation fold, back-projected via absolute PCA loadings"
Radiomics,MLP,1,original__gldm__DependenceNonUniformity,0.0049010770998670385,0.01066972783958443,"mean absolute MLP SHAP in validation fold, back-projected via absolute PCA loadings"
Radiomics,MLP,1,original__gldm__DependenceNonUniformityNormalized,0.005138613350141957,0.011186848278791059,"mean absolute MLP SHAP in validation fold, back-projected via absolute PCA loadings"
Radiomics,MLP,1,original__gldm__DependenceVariance,0.005552809780422271,0.012088560921372879,"mean absolute MLP SHAP in validation fold, back-projected via absolute PCA loadings"
Radiomics,MLP,1,original__gldm__GrayLevelNonUniformity,0.004031636925005157,0.008776941856105688,"mean absolute MLP SHAP in validation fold, back-projected via absolute PCA loadings"
Radiomics,MLP,1,original__gldm__GrayLevelVariance,0.0029688649713197584,0.006463269316313514,"mean absolute MLP SHAP in validation fold, back-projected via absolute PCA loadings"
Radiomics,MLP,1,original__gldm__HighGrayLevelEmphasis,0.0035633894108621548,0.00775755908867211,"mean absolute MLP SHAP in validation fold, back-projected via absolute PCA loadings"
Radiomics,MLP,1,original__gldm__LargeDependenceEmphasis,0.004528230115489331,0.009858033640930046,"mean absolute MLP SHAP in validation fold, back-projected via absolute PCA loadings"
Radiomics,MLP,1,original__gldm__LargeDependenceHighGrayLevelEmphasis,0.0034496027477933845,0.007509843596346717,"mean absolute MLP SHAP in validation fold, back-projected via absolute PCA loadings"
Radiomics,MLP,1,original__gldm__LargeDependenceLowGrayLevelEmphasis,0.0032928942725596448,0.0071686865921148065,"mean absolute MLP SHAP in validation fold, back-projected via absolute PCA loadings"
Radiomics,MLP,1,original__gldm__LowGrayLevelEmphasis,0.00448507851958909,0.00976409188594076,"mean absolute MLP SHAP in validation fold, back-projected via absolute PCA loadings"
Radiomics,MLP,1,original__gldm__SmallDependenceEmphasis,0.003901733897890221,0.00849414076634276,"mean absolute MLP SHAP in validation fold, back-projected via absolute PCA loadings"
Radiomics,MLP,1,original__gldm__SmallDependenceHighGrayLevelEmphasis,0.0027692860479304384,0.006028782620493307,"mean absolute MLP SHAP in validation fold, back-projected via absolute PCA loadings"
Radiomics,MLP,1,original__gldm__SmallDependenceLowGrayLevelEmphasis,0.004758089102214491,0.01035844054738468,"mean absolute MLP SHAP in validation fold, back-projected via absolute PCA loadings"
Radiomics,MLP,1,original__glrlm__GrayLevelNonUniformity,0.004486265517737885,0.009766676001010912,"mean absolute MLP SHAP in validation fold, back-projected via absolute PCA loadings"
Radiomics,MLP,1,original__glrlm__GrayLevelNonUniformityNormalized,0.0020240216860821746,0.004406329484696225,"mean absolute MLP SHAP in validation fold, back-projected via absolute PCA loadings"
Radiomics,MLP,1,original__glrlm__GrayLevelVariance,0.0028879311833545527,0.006287075089408003,"mean absolute MLP SHAP in validation fold, back-projected via absolute PCA loadings"
Radiomics,MLP,1,original__glrlm__HighGrayLevelRunEmphasis,0.003538223515038491,0.007702772507313268,"mean absolute MLP SHAP in validation fold, back-projected via absolute PCA loadings"
Radiomics,MLP,1,original__glrlm__LongRunEmphasis,0.005601255293807565,0.012194027624372524,"mean absolute MLP SHAP in validation fold, back-projected via absolute PCA loadings"
Radiomics,MLP,1,original__glrlm__LongRunHighGrayLevelEmphasis,0.0053548407055974195,0.011657578893138149,"mean absolute MLP SHAP in validation fold, back-projected via absolute PCA loadings"
Radiomics,MLP,1,original__glrlm__LongRunLowGrayLevelEmphasis,0.003579831440418607,0.007793353665440247,"mean absolute MLP SHAP in validation fold, back-projected via absolute PCA loadings"
Radiomics,MLP,1,original__glrlm__LowGrayLevelRunEmphasis,0.003847786139818929,0.00837669558348856,"mean absolute MLP SHAP in validation fold, back-projected via absolute PCA loadings"
Radiomics,MLP,1,original__glrlm__RunEntropy,0.004296608434130499,0.009353789318409038,"mean absolute MLP SHAP in validation fold, back-projected via absolute PCA loadings"
Radiomics,MLP,1,original__glrlm__RunLengthNonUniformity,0.005681806544458814,0.012369389061067795,"mean absolute MLP SHAP in validation fold, back-projected via absolute PCA loadings"
Radiomics,MLP,1,original__glrlm__RunLengthNonUniformityNormalized,0.003859599515038959,0.008402413501386244,"mean absolute MLP SHAP in validation fold, back-projected via absolute PCA loadings"
Radiomics,MLP,1,original__glrlm__RunPercentage,0.005181078055526492,0.011279294661496079,"mean absolute MLP SHAP in validation fold, back-projected via absolute PCA loadings"
Radiomics,MLP,1,original__glrlm__RunVariance,0.004663355752808809,0.010152204441546167,"mean absolute MLP SHAP in validation fold, back-projected via absolute PCA loadings"
Radiomics,MLP,1,original__glrlm__ShortRunEmphasis,0.003644711068672931,0.007934597714799485,"mean absolute MLP SHAP in validation fold, back-projected via absolute PCA loadings"
Radiomics,MLP,1,original__glrlm__ShortRunHighGrayLevelEmphasis,0.0022421825472912008,0.004881269373810153,"mean absolute MLP SHAP in validation fold, back-projected via absolute PCA loadings"
Radiomics,MLP,1,original__glrlm__ShortRunLowGrayLevelEmphasis,0.003978893430738021,0.008662118375945726,"mean absolute MLP SHAP in validation fold, back-projected via absolute PCA loadings"
Radiomics,MLP,1,original__glszm__GrayLevelNonUniformity,0.005730706955987987,0.012475846085029753,"mean absolute MLP SHAP in validation fold, back-projected via absolute PCA loadings"
Radiomics,MLP,1,original__glszm__GrayLevelNonUniformityNormalized,0.0027475593869365797,0.005981483311597783,"mean absolute MLP SHAP in validation fold, back-projected via absolute PCA loadings"
Radiomics,MLP,1,original__glszm__GrayLevelVariance,0.0031461657054662655,0.006849256016900834,"mean absolute MLP SHAP in validation fold, back-projected via absolute PCA loadings"
Radiomics,MLP,1,original__glszm__HighGrayLevelZoneEmphasis,0.0034964705880624176,0.007611875678256481,"mean absolute MLP SHAP in validation fold, back-projected via absolute PCA loadings"
Radiomics,MLP,1,original__glszm__LargeAreaEmphasis,0.0041315323152808295,0.008994415812330415,"mean absolute MLP SHAP in validation fold, back-projected via absolute PCA loadings"
Radiomics,MLP,1,original__glszm__LargeAreaHighGrayLevelEmphasis,0.004557326773207458,0.009921377557495321,"mean absolute MLP SHAP in validation fold, back-projected via absolute PCA loadings"
Radiomics,MLP,1,original__glszm__LargeAreaLowGrayLevelEmphasis,0.008558837655384725,0.018632734508220523,"mean absolute MLP SHAP in validation fold, back-projected via absolute PCA loadings"
Radiomics,MLP,1,original__glszm__LowGrayLevelZoneEmphasis,0.00431210627131052,0.00938752837238505,"mean absolute MLP SHAP in validation fold, back-projected via absolute PCA loadings"
Radiomics,MLP,1,original__glszm__SizeZoneNonUniformity,0.002947391266742619,0.006416520697820667,"mean absolute MLP SHAP in validation fold, back-projected via absolute PCA loadings"
Radiomics,MLP,1,original__glszm__SizeZoneNonUniformityNormalized,0.0054483010306837255,0.011861043603476418,"mean absolute MLP SHAP in validation fold, back-projected via absolute PCA loadings"
Radiomics,MLP,1,original__glszm__SmallAreaEmphasis,0.004857958927341092,0.010575858847846965,"mean absolute MLP SHAP in validation fold, back-projected via absolute PCA loadings"
Radiomics,MLP,1,original__glszm__SmallAreaHighGrayLevelEmphasis,0.0024802391928143864,0.005399522722284455,"mean absolute MLP SHAP in validation fold, back-projected via absolute PCA loadings"
Radiomics,MLP,1,original__glszm__SmallAreaLowGrayLevelEmphasis,0.003522739740525284,0.00766906406800104,"mean absolute MLP SHAP in validation fold, back-projected via absolute PCA loadings"
Radiomics,MLP,1,original__glszm__ZoneEntropy,0.004617558703425422,0.010052503489526864,"mean absolute MLP SHAP in validation fold, back-projected via absolute PCA loadings"
Radiomics,MLP,1,original__glszm__ZonePercentage,0.004054033791217117,0.008825700213110046,"mean absolute MLP SHAP in validation fold, back-projected via absolute PCA loadings"
Radiomics,MLP,1,original__glszm__ZoneVariance,0.00414724446635057,0.009028621431273465,"mean absolute MLP SHAP in validation fold, back-projected via absolute PCA loadings"
Radiomics,MLP,1,original__ngtdm__Busyness,0.005912421483775505,0.012871441689115234,"mean absolute MLP SHAP in validation fold, back-projected via absolute PCA loadings"
Radiomics,MLP,1,original__ngtdm__Coarseness,0.0033693423687863964,0.007335115392146524,"mean absolute MLP SHAP in validation fold, back-projected via absolute PCA loadings"
Radiomics,MLP,1,original__ngtdm__Complexity,0.005504333591890731,0.011983027438060416,"mean absolute MLP SHAP in validation fold, back-projected via absolute PCA loadings"
Radiomics,MLP,1,original__ngtdm__Contrast,0.004476393343195808,0.009745184109860762,"mean absolute MLP SHAP in validation fold, back-projected via absolute PCA loadings"
Radiomics,MLP,1,original__ngtdm__Strength,0.0036970329831523363,0.008048503408622667,"mean absolute MLP SHAP in validation fold, back-projected via absolute PCA loadings"
Radiomics,MLP,2,original__shape__Elongation,0.00909438125001806,0.016984230417801477,"mean absolute MLP SHAP in validation fold, back-projected via absolute PCA loadings"
Radiomics,MLP,2,original__shape__Flatness,0.009239037659562592,0.017254383793118937,"mean absolute MLP SHAP in validation fold, back-projected via absolute PCA loadings"
Radiomics,MLP,2,original__shape__LeastAxisLength,0.0061146882687802846,0.011419498659107317,"mean absolute MLP SHAP in validation fold, back-projected via absolute PCA loadings"
Radiomics,MLP,2,original__shape__MajorAxisLength,0.011580912296081864,0.0216279565896376,"mean absolute MLP SHAP in validation fold, back-projected via absolute PCA loadings"
Radiomics,MLP,2,original__shape__Maximum2DDiameterColumn,0.006761339985592929,0.012627154403514454,"mean absolute MLP SHAP in validation fold, back-projected via absolute PCA loadings"
Radiomics,MLP,2,original__shape__Maximum2DDiameterRow,0.0043986129982036895,0.008214638756218813,"mean absolute MLP SHAP in validation fold, back-projected via absolute PCA loadings"
Radiomics,MLP,2,original__shape__Maximum2DDiameterSlice,0.009128844141534271,0.017048591661769984,"mean absolute MLP SHAP in validation fold, back-projected via absolute PCA loadings"
Radiomics,MLP,2,original__shape__Maximum3DDiameter,0.009339716357636637,0.017442406502882774,"mean absolute MLP SHAP in validation fold, back-projected via absolute PCA loadings"
Radiomics,MLP,2,original__shape__MeshVolume,0.004535533812060975,0.008470345503892321,"mean absolute MLP SHAP in validation fold, back-projected via absolute PCA loadings"
Radiomics,MLP,2,original__shape__MinorAxisLength,0.010812188013114949,0.020192323973109303,"mean absolute MLP SHAP in validation fold, back-projected via absolute PCA loadings"
Radiomics,MLP,2,original__shape__Sphericity,0.005385094075458022,0.010056943522016413,"mean absolute MLP SHAP in validation fold, back-projected via absolute PCA loadings"
Radiomics,MLP,2,original__shape__SurfaceArea,0.0045035139285880075,0.008410546704622173,"mean absolute MLP SHAP in validation fold, back-projected via absolute PCA loadings"
Radiomics,MLP,2,original__shape__SurfaceVolumeRatio,0.00846366042591462,0.015806326444855856,"mean absolute MLP SHAP in validation fold, back-projected via absolute PCA loadings"
Radiomics,MLP,2,original__shape__VoxelVolume,0.00422588913025078,0.007892067941193842,"mean absolute MLP SHAP in validation fold, back-projected via absolute PCA loadings"
Radiomics,MLP,2,original__firstorder__10Percentile,0.006123693424671184,0.01143631625652209,"mean absolute MLP SHAP in validation fold, back-projected via absolute PCA loadings"
Radiomics,MLP,2,original__firstorder__90Percentile,0.004249460435540648,0.007936088580892741,"mean absolute MLP SHAP in validation fold, back-projected via absolute PCA loadings"
Radiomics,MLP,2,original__firstorder__Energy,0.004887043877951132,0.009126808850779515,"mean absolute MLP SHAP in validation fold, back-projected via absolute PCA loadings"
Radiomics,MLP,2,original__firstorder__Entropy,0.0029125795095588116,0.005439393856554654,"mean absolute MLP SHAP in validation fold, back-projected via absolute PCA loadings"
Radiomics,MLP,2,original__firstorder__InterquartileRange,0.004054173525479992,0.00757138011014944,"mean absolute MLP SHAP in validation fold, back-projected via absolute PCA loadings"
Radiomics,MLP,2,original__firstorder__Kurtosis,0.012370100400066355,0.023101806457217527,"mean absolute MLP SHAP in validation fold, back-projected via absolute PCA loadings"
Radiomics,MLP,2,original__firstorder__Maximum,0.007686585147870517,0.014355097910286557,"mean absolute MLP SHAP in validation fold, back-projected via absolute PCA loadings"
Radiomics,MLP,2,original__firstorder__MeanAbsoluteDeviation,0.0033371970128536375,0.00623238914860672,"mean absolute MLP SHAP in validation fold, back-projected via absolute PCA loadings"
Radiomics,MLP,2,original__firstorder__Mean,0.0048981629431789075,0.009147574283926353,"mean absolute MLP SHAP in validation fold, back-projected via absolute PCA loadings"
Radiomics,MLP,2,original__firstorder__Median,0.004285889181067408,0.008004121159563964,"mean absolute MLP SHAP in validation fold, back-projected via absolute PCA loadings"
Radiomics,MLP,2,original__firstorder__Minimum,0.0038754145363451473,0.007237538392142131,"mean absolute MLP SHAP in validation fold, back-projected via absolute PCA loadings"
Radiomics,MLP,2,original__firstorder__Range,0.005331287113774028,0.009956456220000022,"mean absolute MLP SHAP in validation fold, back-projected via absolute PCA loadings"
Radiomics,MLP,2,original__firstorder__RobustMeanAbsoluteDeviation,0.0033032039079818366,0.0061689052556527044,"mean absolute MLP SHAP in validation fold, back-projected via absolute PCA loadings"
Radiomics,MLP,2,original__firstorder__RootMeanSquared,0.004035611105082737,0.007536713823738976,"mean absolute MLP SHAP in validation fold, back-projected via absolute PCA loadings"
Radiomics,MLP,2,original__firstorder__Skewness,0.005562270008084857,0.010387828799584588,"mean absolute MLP SHAP in validation fold, back-projected via absolute PCA loadings"
Radiomics,MLP,2,original__firstorder__TotalEnergy,0.004109315877265002,0.0076743613226969345,"mean absolute MLP SHAP in validation fold, back-projected via absolute PCA loadings"
Radiomics,MLP,2,original__firstorder__Uniformity,0.004368304105899568,0.008158035322026904,"mean absolute MLP SHAP in validation fold, back-projected via absolute PCA loadings"
Radiomics,MLP,2,original__firstorder__Variance,0.003343862160224628,0.006244836658294889,"mean absolute MLP SHAP in validation fold, back-projected via absolute PCA loadings"
Radiomics,MLP,2,original__glcm__Autocorrelation,0.003687701446513873,0.006886974424953544,"mean absolute MLP SHAP in validation fold, back-projected via absolute PCA loadings"
Radiomics,MLP,2,original__glcm__ClusterProminence,0.0033643343504782784,0.00628306953933057,"mean absolute MLP SHAP in validation fold, back-projected via absolute PCA loadings"
Radiomics,MLP,2,original__glcm__ClusterShade,0.009158511943685235,0.017103997826727134,"mean absolute MLP SHAP in validation fold, back-projected via absolute PCA loadings"
Radiomics,MLP,2,original__glcm__ClusterTendency,0.0033593721538901907,0.006273802378881327,"mean absolute MLP SHAP in validation fold, back-projected via absolute PCA loadings"
Radiomics,MLP,2,original__glcm__Contrast,0.003630091573216511,0.006779384987528013,"mean absolute MLP SHAP in validation fold, back-projected via absolute PCA loadings"
Radiomics,MLP,2,original__glcm__Correlation,0.004380557423062848,0.008180919029709946,"mean absolute MLP SHAP in validation fold, back-projected via absolute PCA loadings"
Radiomics,MLP,2,original__glcm__DifferenceAverage,0.002820780588360553,0.00526795459236791,"mean absolute MLP SHAP in validation fold, back-projected via absolute PCA loadings"
Radiomics,MLP,2,original__glcm__DifferenceEntropy,0.0023036255300669457,0.0043021405990549795,"mean absolute MLP SHAP in validation fold, back-projected via absolute PCA loadings"
Radiomics,MLP,2,original__glcm__DifferenceVariance,0.003656003729154454,0.0068277772876717035,"mean absolute MLP SHAP in validation fold, back-projected via absolute PCA loadings"
Radiomics,MLP,2,original__glcm__Id,0.0030210098195270494,0.005641893105062685,"mean absolute MLP SHAP in validation fold, back-projected via absolute PCA loadings"
Radiomics,MLP,2,original__glcm__Idm,0.004623911274221549,0.008635395015212592,"mean absolute MLP SHAP in validation fold, back-projected via absolute PCA loadings"
Radiomics,MLP,2,original__glcm__Idmn,0.005856240053055935,0.010936833161999057,"mean absolute MLP SHAP in validation fold, back-projected via absolute PCA loadings"
Radiomics,MLP,2,original__glcm__Idn,0.005625402337232613,0.01050573171079758,"mean absolute MLP SHAP in validation fold, back-projected via absolute PCA loadings"
Radiomics,MLP,2,original__glcm__Imc1,0.0060578528174057185,0.011313355494937302,"mean absolute MLP SHAP in validation fold, back-projected via absolute PCA loadings"
Radiomics,MLP,2,original__glcm__Imc2,0.005823154018874967,0.010875043270780267,"mean absolute MLP SHAP in validation fold, back-projected via absolute PCA loadings"
Radiomics,MLP,2,original__glcm__InverseVariance,0.003180299698409478,0.005939375246154745,"mean absolute MLP SHAP in validation fold, back-projected via absolute PCA loadings"
Radiomics,MLP,2,original__glcm__JointAverage,0.004402061017715997,0.008221078112154324,"mean absolute MLP SHAP in validation fold, back-projected via absolute PCA loadings"
Radiomics,MLP,2,original__glcm__JointEnergy,0.004430479347382837,0.008274150822202597,"mean absolute MLP SHAP in validation fold, back-projected via absolute PCA loadings"
Radiomics,MLP,2,original__glcm__JointEntropy,0.0024833062240948627,0.004637703648932019,"mean absolute MLP SHAP in validation fold, back-projected via absolute PCA loadings"
Radiomics,MLP,2,original__glcm__MCC,0.0048041806401533365,0.00897205744051507,"mean absolute MLP SHAP in validation fold, back-projected via absolute PCA loadings"
Radiomics,MLP,2,original__glcm__MaximumProbability,0.003566616674096456,0.006660842309058318,"mean absolute MLP SHAP in validation fold, back-projected via absolute PCA loadings"
Radiomics,MLP,2,original__glcm__SumAverage,0.0037732380257693267,0.007046718439558417,"mean absolute MLP SHAP in validation fold, back-projected via absolute PCA loadings"
Radiomics,MLP,2,original__glcm__SumEntropy,0.0024281744935058004,0.0045347422720208716,"mean absolute MLP SHAP in validation fold, back-projected via absolute PCA loadings"
Radiomics,MLP,2,original__glcm__SumSquares,0.00335058128154934,0.006257384967151398,"mean absolute MLP SHAP in validation fold, back-projected via absolute PCA loadings"
Radiomics,MLP,2,original__gldm__DependenceEntropy,0.004287272068298376,0.00800670377345785,"mean absolute MLP SHAP in validation fold, back-projected via absolute PCA loadings"
Radiomics,MLP,2,original__gldm__DependenceNonUniformity,0.004701605495579803,0.008780493018188621,"mean absolute MLP SHAP in validation fold, back-projected via absolute PCA loadings"
Radiomics,MLP,2,original__gldm__DependenceNonUniformityNormalized,0.006005490532794825,0.011215566202561622,"mean absolute MLP SHAP in validation fold, back-projected via absolute PCA loadings"
Radiomics,MLP,2,original__gldm__DependenceVariance,0.005806242948408351,0.010843460966330898,"mean absolute MLP SHAP in validation fold, back-projected via absolute PCA loadings"
Radiomics,MLP,2,original__gldm__GrayLevelNonUniformity,0.004750777670078975,0.008872324613860578,"mean absolute MLP SHAP in validation fold, back-projected via absolute PCA loadings"
Radiomics,MLP,2,original__gldm__GrayLevelVariance,0.0032509223442643916,0.006071266713747691,"mean absolute MLP SHAP in validation fold, back-projected via absolute PCA loadings"
Radiomics,MLP,2,original__gldm__HighGrayLevelEmphasis,0.004439529098752808,0.008291051703996079,"mean absolute MLP SHAP in validation fold, back-projected via absolute PCA loadings"
Radiomics,MLP,2,original__gldm__LargeDependenceEmphasis,0.004856384593052494,0.009069551040176684,"mean absolute MLP SHAP in validation fold, back-projected via absolute PCA loadings"
Radiomics,MLP,2,original__gldm__LargeDependenceHighGrayLevelEmphasis,0.004673321902219759,0.008727671935207364,"mean absolute MLP SHAP in validation fold, back-projected via absolute PCA loadings"
Radiomics,MLP,2,original__gldm__LargeDependenceLowGrayLevelEmphasis,0.0042430636491957675,0.007924142249391114,"mean absolute MLP SHAP in validation fold, back-projected via absolute PCA loadings"
Radiomics,MLP,2,original__gldm__LowGrayLevelEmphasis,0.004697976315453449,0.008773715335375557,"mean absolute MLP SHAP in validation fold, back-projected via absolute PCA loadings"
Radiomics,MLP,2,original__gldm__SmallDependenceEmphasis,0.005067449300890914,0.009463725369627248,"mean absolute MLP SHAP in validation fold, back-projected via absolute PCA loadings"
Radiomics,MLP,2,original__gldm__SmallDependenceHighGrayLevelEmphasis,0.0033003271285504277,0.0061635327203057675,"mean absolute MLP SHAP in validation fold, back-projected via absolute PCA loadings"
Radiomics,MLP,2,original__gldm__SmallDependenceLowGrayLevelEmphasis,0.0059172116309862514,0.011050700757829544,"mean absolute MLP SHAP in validation fold, back-projected via absolute PCA loadings"
Radiomics,MLP,2,original__glrlm__GrayLevelNonUniformity,0.004598680956879888,0.008588276084142468,"mean absolute MLP SHAP in validation fold, back-projected via absolute PCA loadings"
Radiomics,MLP,2,original__glrlm__GrayLevelNonUniformityNormalized,0.0025845389977213673,0.0048267611236340255,"mean absolute MLP SHAP in validation fold, back-projected via absolute PCA loadings"
Radiomics,MLP,2,original__glrlm__GrayLevelVariance,0.003198500280786446,0.005973365781225836,"mean absolute MLP SHAP in validation fold, back-projected via absolute PCA loadings"
Radiomics,MLP,2,original__glrlm__HighGrayLevelRunEmphasis,0.0044154479457633325,0.008246078897176618,"mean absolute MLP SHAP in validation fold, back-projected via absolute PCA loadings"
Radiomics,MLP,2,original__glrlm__LongRunEmphasis,0.004995170618463055,0.009328741167524725,"mean absolute MLP SHAP in validation fold, back-projected via absolute PCA loadings"
Radiomics,MLP,2,original__glrlm__LongRunHighGrayLevelEmphasis,0.005267845443505363,0.009837975598140118,"mean absolute MLP SHAP in validation fold, back-projected via absolute PCA loadings"
Radiomics,MLP,2,original__glrlm__LongRunLowGrayLevelEmphasis,0.004774778994980577,0.008917148337570258,"mean absolute MLP SHAP in validation fold, back-projected via absolute PCA loadings"
Radiomics,MLP,2,original__glrlm__LowGrayLevelRunEmphasis,0.005015093102711687,0.009365947443979554,"mean absolute MLP SHAP in validation fold, back-projected via absolute PCA loadings"
Radiomics,MLP,2,original__glrlm__RunEntropy,0.004528385074302374,0.008456994863980643,"mean absolute MLP SHAP in validation fold, back-projected via absolute PCA loadings"
Radiomics,MLP,2,original__glrlm__RunLengthNonUniformity,0.005107716546973581,0.009538926547910486,"mean absolute MLP SHAP in validation fold, back-projected via absolute PCA loadings"
Radiomics,MLP,2,original__glrlm__RunLengthNonUniformityNormalized,0.00426498222078206,0.00796507632286092,"mean absolute MLP SHAP in validation fold, back-projected via absolute PCA loadings"
Radiomics,MLP,2,original__glrlm__RunPercentage,0.005632626709778547,0.010519223602611982,"mean absolute MLP SHAP in validation fold, back-projected via absolute PCA loadings"
Radiomics,MLP,2,original__glrlm__RunVariance,0.004173794536211178,0.0077947785748954295,"mean absolute MLP SHAP in validation fold, back-projected via absolute PCA loadings"
Radiomics,MLP,2,original__glrlm__ShortRunEmphasis,0.004004088603225618,0.007477843910529012,"mean absolute MLP SHAP in validation fold, back-projected via absolute PCA loadings"
Radiomics,MLP,2,original__glrlm__ShortRunHighGrayLevelEmphasis,0.0036169251739189058,0.006754796051426081,"mean absolute MLP SHAP in validation fold, back-projected via absolute PCA loadings"
Radiomics,MLP,2,original__glrlm__ShortRunLowGrayLevelEmphasis,0.005130586400765459,0.009581637190420874,"mean absolute MLP SHAP in validation fold, back-projected via absolute PCA loadings"
Radiomics,MLP,2,original__glszm__GrayLevelNonUniformity,0.007567866272053992,0.014133384229456845,"mean absolute MLP SHAP in validation fold, back-projected via absolute PCA loadings"
Radiomics,MLP,2,original__glszm__GrayLevelNonUniformityNormalized,0.0027003821848584774,0.005043104306152932,"mean absolute MLP SHAP in validation fold, back-projected via absolute PCA loadings"
Radiomics,MLP,2,original__glszm__GrayLevelVariance,0.0034274256841941783,0.006400895889440439,"mean absolute MLP SHAP in validation fold, back-projected via absolute PCA loadings"
Radiomics,MLP,2,original__glszm__HighGrayLevelZoneEmphasis,0.0044130127157745395,0.008241530978399855,"mean absolute MLP SHAP in validation fold, back-projected via absolute PCA loadings"
Radiomics,MLP,2,original__glszm__LargeAreaEmphasis,0.005633005907853934,0.010519931774757983,"mean absolute MLP SHAP in validation fold, back-projected via absolute PCA loadings"
Radiomics,MLP,2,original__glszm__LargeAreaHighGrayLevelEmphasis,0.00613247327455596,0.011452713083241493,"mean absolute MLP SHAP in validation fold, back-projected via absolute PCA loadings"
Radiomics,MLP,2,original__glszm__LargeAreaLowGrayLevelEmphasis,0.0079058129953516,0.014764517327974808,"mean absolute MLP SHAP in validation fold, back-projected via absolute PCA loadings"
Radiomics,MLP,2,original__glszm__LowGrayLevelZoneEmphasis,0.004417382114354355,0.008249691057708895,"mean absolute MLP SHAP in validation fold, back-projected via absolute PCA loadings"
Radiomics,MLP,2,original__glszm__SizeZoneNonUniformity,0.005998396289417711,0.011202317333744227,"mean absolute MLP SHAP in validation fold, back-projected via absolute PCA loadings"
Radiomics,MLP,2,original__glszm__SizeZoneNonUniformityNormalized,0.004297790457391693,0.008026347412653715,"mean absolute MLP SHAP in validation fold, back-projected via absolute PCA loadings"
Radiomics,MLP,2,original__glszm__SmallAreaEmphasis,0.0046108552244226286,0.008611012162544004,"mean absolute MLP SHAP in validation fold, back-projected via absolute PCA loadings"
Radiomics,MLP,2,original__glszm__SmallAreaHighGrayLevelEmphasis,0.00376095850176217,0.007023785789230165,"mean absolute MLP SHAP in validation fold, back-projected via absolute PCA loadings"
Radiomics,MLP,2,original__glszm__SmallAreaLowGrayLevelEmphasis,0.0038253825588718056,0.007144101069656471,"mean absolute MLP SHAP in validation fold, back-projected via absolute PCA loadings"
Radiomics,MLP,2,original__glszm__ZoneEntropy,0.005717610873658453,0.010677935952745497,"mean absolute MLP SHAP in validation fold, back-projected via absolute PCA loadings"
Radiomics,MLP,2,original__glszm__ZonePercentage,0.0051347091031571646,0.00958933655175616,"mean absolute MLP SHAP in validation fold, back-projected via absolute PCA loadings"
Radiomics,MLP,2,original__glszm__ZoneVariance,0.005640362068743578,0.010533669788164874,"mean absolute MLP SHAP in validation fold, back-projected via absolute PCA loadings"
Radiomics,MLP,2,original__ngtdm__Busyness,0.005538030973722843,0.010342561141082958,"mean absolute MLP SHAP in validation fold, back-projected via absolute PCA loadings"
Radiomics,MLP,2,original__ngtdm__Coarseness,0.00447271103566747,0.008353020698562525,"mean absolute MLP SHAP in validation fold, back-projected via absolute PCA loadings"
Radiomics,MLP,2,original__ngtdm__Complexity,0.004592872323966985,0.008577428159793028,"mean absolute MLP SHAP in validation fold, back-projected via absolute PCA loadings"
Radiomics,MLP,2,original__ngtdm__Contrast,0.005541761443899469,0.010349527988337841,"mean absolute MLP SHAP in validation fold, back-projected via absolute PCA loadings"
Radiomics,MLP,2,original__ngtdm__Strength,0.004719716596172377,0.00881431644136913,"mean absolute MLP SHAP in validation fold, back-projected via absolute PCA loadings"
Radiomics,MLP,3,original__shape__Elongation,0.00535758282666292,0.011689398510237177,"mean absolute MLP SHAP in validation fold, back-projected via absolute PCA loadings"
Radiomics,MLP,3,original__shape__Flatness,0.005479917725423097,0.011956313913989871,"mean absolute MLP SHAP in validation fold, back-projected via absolute PCA loadings"
Radiomics,MLP,3,original__shape__LeastAxisLength,0.004259413352599221,0.009293366376077172,"mean absolute MLP SHAP in validation fold, back-projected via absolute PCA loadings"
Radiomics,MLP,3,original__shape__MajorAxisLength,0.0072073408895045885,0.01572527809318497,"mean absolute MLP SHAP in validation fold, back-projected via absolute PCA loadings"
Radiomics,MLP,3,original__shape__Maximum2DDiameterColumn,0.006786120684000093,0.014806242214131106,"mean absolute MLP SHAP in validation fold, back-projected via absolute PCA loadings"
Radiomics,MLP,3,original__shape__Maximum2DDiameterRow,0.006063707614148585,0.013230051133990967,"mean absolute MLP SHAP in validation fold, back-projected via absolute PCA loadings"
Radiomics,MLP,3,original__shape__Maximum2DDiameterSlice,0.0059562882168981484,0.012995678995880328,"mean absolute MLP SHAP in validation fold, back-projected via absolute PCA loadings"
Radiomics,MLP,3,original__shape__Maximum3DDiameter,0.006671185053081936,0.014555470842731755,"mean absolute MLP SHAP in validation fold, back-projected via absolute PCA loadings"
Radiomics,MLP,3,original__shape__MeshVolume,0.004295930756521656,0.009373041576782285,"mean absolute MLP SHAP in validation fold, back-projected via absolute PCA loadings"
Radiomics,MLP,3,original__shape__MinorAxisLength,0.007056042862395702,0.015395169723439048,"mean absolute MLP SHAP in validation fold, back-projected via absolute PCA loadings"
Radiomics,MLP,3,original__shape__Sphericity,0.00556865815490772,0.012149931498220757,"mean absolute MLP SHAP in validation fold, back-projected via absolute PCA loadings"
Radiomics,MLP,3,original__shape__SurfaceArea,0.003981844408858491,0.008687754834001962,"mean absolute MLP SHAP in validation fold, back-projected via absolute PCA loadings"
Radiomics,MLP,3,original__shape__SurfaceVolumeRatio,0.00572696957668156,0.012495341986067441,"mean absolute MLP SHAP in validation fold, back-projected via absolute PCA loadings"
Radiomics,MLP,3,original__shape__VoxelVolume,0.004267022499414605,0.009309968331161333,"mean absolute MLP SHAP in validation fold, back-projected via absolute PCA loadings"
Radiomics,MLP,3,original__firstorder__10Percentile,0.00741432103980896,0.01617687605049058,"mean absolute MLP SHAP in validation fold, back-projected via absolute PCA loadings"
Radiomics,MLP,3,original__firstorder__90Percentile,0.003772297746764648,0.008230557153825238,"mean absolute MLP SHAP in validation fold, back-projected via absolute PCA loadings"
Radiomics,MLP,3,original__firstorder__Energy,0.0042792324461727715,0.009336608504176424,"mean absolute MLP SHAP in validation fold, back-projected via absolute PCA loadings"
Radiomics,MLP,3,original__firstorder__Entropy,0.0031745849132984063,0.006926442270094759,"mean absolute MLP SHAP in validation fold, back-projected via absolute PCA loadings"
Radiomics,MLP,3,original__firstorder__InterquartileRange,0.004795216447907818,0.010462404001199984,"mean absolute MLP SHAP in validation fold, back-projected via absolute PCA loadings"
Radiomics,MLP,3,original__firstorder__Kurtosis,0.006915696613629487,0.015088956402185176,"mean absolute MLP SHAP in validation fold, back-projected via absolute PCA loadings"
Radiomics,MLP,3,original__firstorder__Maximum,0.0043850405872406075,0.009567465136091477,"mean absolute MLP SHAP in validation fold, back-projected via absolute PCA loadings"
Radiomics,MLP,3,original__firstorder__MeanAbsoluteDeviation,0.0046278961714096315,0.010097337616953597,"mean absolute MLP SHAP in validation fold, back-projected via absolute PCA loadings"
Radiomics,MLP,3,original__firstorder__Mean,0.006259172487639799,0.013656524578250357,"mean absolute MLP SHAP in validation fold, back-projected via absolute PCA loadings"
Radiomics,MLP,3,original__firstorder__Median,0.005244366755538614,0.011442378946386646,"mean absolute MLP SHAP in validation fold, back-projected via absolute PCA loadings"
Radiomics,MLP,3,original__firstorder__Minimum,0.002534278299460252,0.0055293944931298624,"mean absolute MLP SHAP in validation fold, back-projected via absolute PCA loadings"
Radiomics,MLP,3,original__firstorder__Range,0.00318625417727085,0.00695190275877189,"mean absolute MLP SHAP in validation fold, back-projected via absolute PCA loadings"
Radiomics,MLP,3,original__firstorder__RobustMeanAbsoluteDeviation,0.0054141301696486776,0.011812775870558324,"mean absolute MLP SHAP in validation fold, back-projected via absolute PCA loadings"
Radiomics,MLP,3,original__firstorder__RootMeanSquared,0.004834974030217869,0.010549148758763576,"mean absolute MLP SHAP in validation fold, back-projected via absolute PCA loadings"
Radiomics,MLP,3,original__firstorder__Skewness,0.0052079820476537255,0.011362993267451665,"mean absolute MLP SHAP in validation fold, back-projected via absolute PCA loadings"
Radiomics,MLP,3,original__firstorder__TotalEnergy,0.005266907896712598,0.011491560151900986,"mean absolute MLP SHAP in validation fold, back-projected via absolute PCA loadings"
Radiomics,MLP,3,original__firstorder__Uniformity,0.0029643572437739736,0.0064677587393951125,"mean absolute MLP SHAP in validation fold, back-projected via absolute PCA loadings"
Radiomics,MLP,3,original__firstorder__Variance,0.0030408187930145154,0.006634585748645389,"mean absolute MLP SHAP in validation fold, back-projected via absolute PCA loadings"
Radiomics,MLP,3,original__glcm__Autocorrelation,0.003426496139893964,0.007476072730724014,"mean absolute MLP SHAP in validation fold, back-projected via absolute PCA loadings"
Radiomics,MLP,3,original__glcm__ClusterProminence,0.0048536644139921,0.010589928220568433,"mean absolute MLP SHAP in validation fold, back-projected via absolute PCA loadings"
Radiomics,MLP,3,original__glcm__ClusterShade,0.005098404814695069,0.011123913073053502,"mean absolute MLP SHAP in validation fold, back-projected via absolute PCA loadings"
Radiomics,MLP,3,original__glcm__ClusterTendency,0.0048326069054201535,0.010543984066778554,"mean absolute MLP SHAP in validation fold, back-projected via absolute PCA loadings"
Radiomics,MLP,3,original__glcm__Contrast,0.00473689609273939,0.010335158208670267,"mean absolute MLP SHAP in validation fold, back-projected via absolute PCA loadings"
Radiomics,MLP,3,original__glcm__Correlation,0.005707605242915909,0.012453092071955907,"mean absolute MLP SHAP in validation fold, back-projected via absolute PCA loadings"
Radiomics,MLP,3,original__glcm__DifferenceAverage,0.002800443029405447,0.006110123844100436,"mean absolute MLP SHAP in validation fold, back-projected via absolute PCA loadings"
Radiomics,MLP,3,original__glcm__DifferenceEntropy,0.002097442794926594,0.004576288500908547,"mean absolute MLP SHAP in validation fold, back-projected via absolute PCA loadings"
Radiomics,MLP,3,original__glcm__DifferenceVariance,0.004810263412750364,0.01049523409904536,"mean absolute MLP SHAP in validation fold, back-projected via absolute PCA loadings"
Radiomics,MLP,3,original__glcm__Id,0.002470597127690309,0.0053904522465045525,"mean absolute MLP SHAP in validation fold, back-projected via absolute PCA loadings"
Radiomics,MLP,3,original__glcm__Idm,0.003030039662428748,0.006611067390257376,"mean absolute MLP SHAP in validation fold, back-projected via absolute PCA loadings"
Radiomics,MLP,3,original__glcm__Idmn,0.005893470920280984,0.012858621588230099,"mean absolute MLP SHAP in validation fold, back-projected via absolute PCA loadings"
Radiomics,MLP,3,original__glcm__Idn,0.004984915684753158,0.010876297738042918,"mean absolute MLP SHAP in validation fold, back-projected via absolute PCA loadings"
Radiomics,MLP,3,original__glcm__Imc1,0.003855274871885572,0.008411600119310561,"mean absolute MLP SHAP in validation fold, back-projected via absolute PCA loadings"
Radiomics,MLP,3,original__glcm__Imc2,0.0035421782237844692,0.007728472744469221,"mean absolute MLP SHAP in validation fold, back-projected via absolute PCA loadings"
Radiomics,MLP,3,original__glcm__InverseVariance,0.0022791789046456732,0.004972807953605412,"mean absolute MLP SHAP in validation fold, back-projected via absolute PCA loadings"
Radiomics,MLP,3,original__glcm__JointAverage,0.0031499937056115937,0.006872788143635232,"mean absolute MLP SHAP in validation fold, back-projected via absolute PCA loadings"
Radiomics,MLP,3,original__glcm__JointEnergy,0.0030042895335912014,0.006554884681112118,"mean absolute MLP SHAP in validation fold, back-projected via absolute PCA loadings"
Radiomics,MLP,3,original__glcm__JointEntropy,0.002402400300386685,0.005241657553584718,"mean absolute MLP SHAP in validation fold, back-projected via absolute PCA loadings"
Radiomics,MLP,3,original__glcm__MCC,0.005445194928550482,0.011880554262078557,"mean absolute MLP SHAP in validation fold, back-projected via absolute PCA loadings"
Radiomics,MLP,3,original__glcm__MaximumProbability,0.002654568586301845,0.0057918488769994544,"mean absolute MLP SHAP in validation fold, back-projected via absolute PCA loadings"
Radiomics,MLP,3,original__glcm__SumAverage,0.002527748054678607,0.005515146531671918,"mean absolute MLP SHAP in validation fold, back-projected via absolute PCA loadings"
Radiomics,MLP,3,original__glcm__SumEntropy,0.0022417702364092317,0.004891188155106582,"mean absolute MLP SHAP in validation fold, back-projected via absolute PCA loadings"
Radiomics,MLP,3,original__glcm__SumSquares,0.0048156278236828436,0.010506938395402732,"mean absolute MLP SHAP in validation fold, back-projected via absolute PCA loadings"
Radiomics,MLP,3,original__gldm__DependenceEntropy,0.004416673726142722,0.009636483642892019,"mean absolute MLP SHAP in validation fold, back-projected via absolute PCA loadings"
Radiomics,MLP,3,original__gldm__DependenceNonUniformity,0.004767428416711402,0.010401774911369911,"mean absolute MLP SHAP in validation fold, back-projected via absolute PCA loadings"
Radiomics,MLP,3,original__gldm__DependenceNonUniformityNormalized,0.00406469359242571,0.008868518651249047,"mean absolute MLP SHAP in validation fold, back-projected via absolute PCA loadings"
Radiomics,MLP,3,original__gldm__DependenceVariance,0.005795501435984318,0.012644867665829338,"mean absolute MLP SHAP in validation fold, back-projected via absolute PCA loadings"
Radiomics,MLP,3,original__gldm__GrayLevelNonUniformity,0.0032890186474517484,0.0071761185821203706,"mean absolute MLP SHAP in validation fold, back-projected via absolute PCA loadings"
Radiomics,MLP,3,original__gldm__GrayLevelVariance,0.004741900954429316,0.01034607802543745,"mean absolute MLP SHAP in validation fold, back-projected via absolute PCA loadings"
Radiomics,MLP,3,original__gldm__HighGrayLevelEmphasis,0.0031516582561177636,0.006876419929617187,"mean absolute MLP SHAP in validation fold, back-projected via absolute PCA loadings"
Radiomics,MLP,3,original__gldm__LargeDependenceEmphasis,0.004669164810957464,0.01018737926246007,"mean absolute MLP SHAP in validation fold, back-projected via absolute PCA loadings"
Radiomics,MLP,3,original__gldm__LargeDependenceHighGrayLevelEmphasis,0.0031224812052462487,0.006812760218507683,"mean absolute MLP SHAP in validation fold, back-projected via absolute PCA loadings"
Radiomics,MLP,3,original__gldm__LargeDependenceLowGrayLevelEmphasis,0.003630474281027734,0.007921120778739951,"mean absolute MLP SHAP in validation fold, back-projected via absolute PCA loadings"
Radiomics,MLP,3,original__gldm__LowGrayLevelEmphasis,0.002902887113123039,0.006333640634850066,"mean absolute MLP SHAP in validation fold, back-projected via absolute PCA loadings"
Radiomics,MLP,3,original__gldm__SmallDependenceEmphasis,0.003437437944298341,0.007499946017659925,"mean absolute MLP SHAP in validation fold, back-projected via absolute PCA loadings"
Radiomics,MLP,3,original__gldm__SmallDependenceHighGrayLevelEmphasis,0.0030930807703441945,0.006748613118768217,"mean absolute MLP SHAP in validation fold, back-projected via absolute PCA loadings"
Radiomics,MLP,3,original__gldm__SmallDependenceLowGrayLevelEmphasis,0.004099551239328043,0.008944572524600793,"mean absolute MLP SHAP in validation fold, back-projected via absolute PCA loadings"
Radiomics,MLP,3,original__glrlm__GrayLevelNonUniformity,0.003438066036940829,0.007501316416482852,"mean absolute MLP SHAP in validation fold, back-projected via absolute PCA loadings"
Radiomics,MLP,3,original__glrlm__GrayLevelNonUniformityNormalized,0.0024401905126745903,0.005324109820868645,"mean absolute MLP SHAP in validation fold, back-projected via absolute PCA loadings"
Radiomics,MLP,3,original__glrlm__GrayLevelVariance,0.004723360047708785,0.010305624698926319,"mean absolute MLP SHAP in validation fold, back-projected via absolute PCA loadings"
Radiomics,MLP,3,original__glrlm__HighGrayLevelRunEmphasis,0.003149615235184898,0.006871962381013333,"mean absolute MLP SHAP in validation fold, back-projected via absolute PCA loadings"
Radiomics,MLP,3,original__glrlm__LongRunEmphasis,0.004494246722302397,0.009805735653561978,"mean absolute MLP SHAP in validation fold, back-projected via absolute PCA loadings"
Radiomics,MLP,3,original__glrlm__LongRunHighGrayLevelEmphasis,0.0036318197256530386,0.00792405632615144,"mean absolute MLP SHAP in validation fold, back-projected via absolute PCA loadings"
Radiomics,MLP,3,original__glrlm__LongRunLowGrayLevelEmphasis,0.0030485151358418472,0.0066513779516389395,"mean absolute MLP SHAP in validation fold, back-projected via absolute PCA loadings"
Radiomics,MLP,3,original__glrlm__LowGrayLevelRunEmphasis,0.003913189401692471,0.008537960465076325,"mean absolute MLP SHAP in validation fold, back-projected via absolute PCA loadings"
Radiomics,MLP,3,original__glrlm__RunEntropy,0.003592753846354798,0.007838820755177655,"mean absolute MLP SHAP in validation fold, back-projected via absolute PCA loadings"
Radiomics,MLP,3,original__glrlm__RunLengthNonUniformity,0.004919508310849884,0.010733589191334424,"mean absolute MLP SHAP in validation fold, back-projected via absolute PCA loadings"
Radiomics,MLP,3,original__glrlm__RunLengthNonUniformityNormalized,0.003207640790398894,0.00699856496666046,"mean absolute MLP SHAP in validation fold, back-projected via absolute PCA loadings"
Radiomics,MLP,3,original__glrlm__RunPercentage,0.003903724285251393,0.008517309077761336,"mean absolute MLP SHAP in validation fold, back-projected via absolute PCA loadings"
Radiomics,MLP,3,original__glrlm__RunVariance,0.005762921141040864,0.012573782614324439,"mean absolute MLP SHAP in validation fold, back-projected via absolute PCA loadings"
Radiomics,MLP,3,original__glrlm__ShortRunEmphasis,0.003044088819612309,0.0066417204295784495,"mean absolute MLP SHAP in validation fold, back-projected via absolute PCA loadings"
Radiomics,MLP,3,original__glrlm__ShortRunHighGrayLevelEmphasis,0.003416281841725397,0.007453786747350961,"mean absolute MLP SHAP in validation fold, back-projected via absolute PCA loadings"
Radiomics,MLP,3,original__glrlm__ShortRunLowGrayLevelEmphasis,0.003970776318570246,0.00866360601123758,"mean absolute MLP SHAP in validation fold, back-projected via absolute PCA loadings"
Radiomics,MLP,3,original__glszm__GrayLevelNonUniformity,0.005806122161410326,0.012668040409208043,"mean absolute MLP SHAP in validation fold, back-projected via absolute PCA loadings"
Radiomics,MLP,3,original__glszm__GrayLevelNonUniformityNormalized,0.0027081622210954545,0.0059087817131278746,"mean absolute MLP SHAP in validation fold, back-projected via absolute PCA loadings"
Radiomics,MLP,3,original__glszm__GrayLevelVariance,0.004829868945722986,0.01053801027168464,"mean absolute MLP SHAP in validation fold, back-projected via absolute PCA loadings"
Radiomics,MLP,3,original__glszm__HighGrayLevelZoneEmphasis,0.0031336227568916505,0.006837069322336622,"mean absolute MLP SHAP in validation fold, back-projected via absolute PCA loadings"
Radiomics,MLP,3,original__glszm__LargeAreaEmphasis,0.003418900305305537,0.007459499820813955,"mean absolute MLP SHAP in validation fold, back-projected via absolute PCA loadings"
Radiomics,MLP,3,original__glszm__LargeAreaHighGrayLevelEmphasis,0.003775234784257715,0.00823696530518878,"mean absolute MLP SHAP in validation fold, back-projected via absolute PCA loadings"
Radiomics,MLP,3,original__glszm__LargeAreaLowGrayLevelEmphasis,0.004611430352355795,0.010061411803588684,"mean absolute MLP SHAP in validation fold, back-projected via absolute PCA loadings"
Radiomics,MLP,3,original__glszm__LowGrayLevelZoneEmphasis,0.0027229692741502,0.005941088361390549,"mean absolute MLP SHAP in validation fold, back-projected via absolute PCA loadings"
Radiomics,MLP,3,original__glszm__SizeZoneNonUniformity,0.004930785469608811,0.01075819416844094,"mean absolute MLP SHAP in validation fold, back-projected via absolute PCA loadings"
Radiomics,MLP,3,original__glszm__SizeZoneNonUniformityNormalized,0.004880643254176161,0.010648791783570392,"mean absolute MLP SHAP in validation fold, back-projected via absolute PCA loadings"
Radiomics,MLP,3,original__glszm__SmallAreaEmphasis,0.005105976303585772,0.011140432864501016,"mean absolute MLP SHAP in validation fold, back-projected via absolute PCA loadings"
Radiomics,MLP,3,original__glszm__SmallAreaHighGrayLevelEmphasis,0.0035399501118358436,0.007723611356538215,"mean absolute MLP SHAP in validation fold, back-projected via absolute PCA loadings"
Radiomics,MLP,3,original__glszm__SmallAreaLowGrayLevelEmphasis,0.002599576510031896,0.005671864862711208,"mean absolute MLP SHAP in validation fold, back-projected via absolute PCA loadings"
Radiomics,MLP,3,original__glszm__ZoneEntropy,0.005439584115034158,0.011868312354247934,"mean absolute MLP SHAP in validation fold, back-projected via absolute PCA loadings"
Radiomics,MLP,3,original__glszm__ZonePercentage,0.0034128222777205287,0.007446238525768026,"mean absolute MLP SHAP in validation fold, back-projected via absolute PCA loadings"
Radiomics,MLP,3,original__glszm__ZoneVariance,0.00342663748607659,0.007476381125742827,"mean absolute MLP SHAP in validation fold, back-projected via absolute PCA loadings"
Radiomics,MLP,3,original__ngtdm__Busyness,0.006079375368084255,0.013264235695469499,"mean absolute MLP SHAP in validation fold, back-projected via absolute PCA loadings"
Radiomics,MLP,3,original__ngtdm__Coarseness,0.003681291089640264,0.008031995019252686,"mean absolute MLP SHAP in validation fold, back-projected via absolute PCA loadings"
Radiomics,MLP,3,original__ngtdm__Complexity,0.00611955754706662,0.013351906855828788,"mean absolute MLP SHAP in validation fold, back-projected via absolute PCA loadings"
Radiomics,MLP,3,original__ngtdm__Contrast,0.005705152988434055,0.012447741640462015,"mean absolute MLP SHAP in validation fold, back-projected via absolute PCA loadings"
Radiomics,MLP,3,original__ngtdm__Strength,0.003905420337194169,0.008521009594896507,"mean absolute MLP SHAP in validation fold, back-projected via absolute PCA loadings"
Radiomics,MLP,4,original__shape__Elongation,0.007521828696827191,0.017680859034130938,"mean absolute MLP SHAP in validation fold, back-projected via absolute PCA loadings"
Radiomics,MLP,4,original__shape__Flatness,0.004580329737966867,0.010766552615189212,"mean absolute MLP SHAP in validation fold, back-projected via absolute PCA loadings"
Radiomics,MLP,4,original__shape__LeastAxisLength,0.006435314227389156,0.015126891116624294,"mean absolute MLP SHAP in validation fold, back-projected via absolute PCA loadings"
Radiomics,MLP,4,original__shape__MajorAxisLength,0.009023337900618465,0.02121031625001808,"mean absolute MLP SHAP in validation fold, back-projected via absolute PCA loadings"
Radiomics,MLP,4,original__shape__Maximum2DDiameterColumn,0.00660452606856087,0.015524641561529374,"mean absolute MLP SHAP in validation fold, back-projected via absolute PCA loadings"
Radiomics,MLP,4,original__shape__Maximum2DDiameterRow,0.006662667186249568,0.015661308447651668,"mean absolute MLP SHAP in validation fold, back-projected via absolute PCA loadings"
Radiomics,MLP,4,original__shape__Maximum2DDiameterSlice,0.00795766323031819,0.01870533449873585,"mean absolute MLP SHAP in validation fold, back-projected via absolute PCA loadings"
Radiomics,MLP,4,original__shape__Maximum3DDiameter,0.007997239480261417,0.01879836268703278,"mean absolute MLP SHAP in validation fold, back-projected via absolute PCA loadings"
Radiomics,MLP,4,original__shape__MeshVolume,0.007667219416330731,0.018022615396848594,"mean absolute MLP SHAP in validation fold, back-projected via absolute PCA loadings"
Radiomics,MLP,4,original__shape__MinorAxisLength,0.006870447531603173,0.01614971826716933,"mean absolute MLP SHAP in validation fold, back-projected via absolute PCA loadings"
Radiomics,MLP,4,original__shape__Sphericity,0.0065450941210551195,0.015384940442516083,"mean absolute MLP SHAP in validation fold, back-projected via absolute PCA loadings"
Radiomics,MLP,4,original__shape__SurfaceArea,0.00354196930215201,0.00832577587960557,"mean absolute MLP SHAP in validation fold, back-projected via absolute PCA loadings"
Radiomics,MLP,4,original__shape__SurfaceVolumeRatio,0.006414026058027812,0.015076851008461315,"mean absolute MLP SHAP in validation fold, back-projected via absolute PCA loadings"
Radiomics,MLP,4,original__shape__VoxelVolume,0.005887201672381832,0.013838494210695065,"mean absolute MLP SHAP in validation fold, back-projected via absolute PCA loadings"
Radiomics,MLP,4,original__firstorder__10Percentile,0.005456294535931788,0.012825601117345575,"mean absolute MLP SHAP in validation fold, back-projected via absolute PCA loadings"
Radiomics,MLP,4,original__firstorder__90Percentile,0.0016691718287357273,0.0039235660631393625,"mean absolute MLP SHAP in validation fold, back-projected via absolute PCA loadings"
Radiomics,MLP,4,original__firstorder__Energy,0.0027949670115293523,0.0065698674787344775,"mean absolute MLP SHAP in validation fold, back-projected via absolute PCA loadings"
Radiomics,MLP,4,original__firstorder__Entropy,0.0022530314583531544,0.0052959902731376665,"mean absolute MLP SHAP in validation fold, back-projected via absolute PCA loadings"
Radiomics,MLP,4,original__firstorder__InterquartileRange,0.004351860771531117,0.010229511989559436,"mean absolute MLP SHAP in validation fold, back-projected via absolute PCA loadings"
Radiomics,MLP,4,original__firstorder__Kurtosis,0.006320394101171157,0.014856759126952413,"mean absolute MLP SHAP in validation fold, back-projected via absolute PCA loadings"
Radiomics,MLP,4,original__firstorder__Maximum,0.007843688093064386,0.018437423806216317,"mean absolute MLP SHAP in validation fold, back-projected via absolute PCA loadings"
Radiomics,MLP,4,original__firstorder__MeanAbsoluteDeviation,0.0019637220359447127,0.004615937679410402,"mean absolute MLP SHAP in validation fold, back-projected via absolute PCA loadings"
Radiomics,MLP,4,original__firstorder__Mean,0.0033081527170542866,0.0077761651070684945,"mean absolute MLP SHAP in validation fold, back-projected via absolute PCA loadings"
Radiomics,MLP,4,original__firstorder__Median,0.004072509539626444,0.009572867182638913,"mean absolute MLP SHAP in validation fold, back-projected via absolute PCA loadings"
Radiomics,MLP,4,original__firstorder__Minimum,0.0018512938349926557,0.004351663225336121,"mean absolute MLP SHAP in validation fold, back-projected via absolute PCA loadings"
Radiomics,MLP,4,original__firstorder__Range,0.004292483399050371,0.01008993915495181,"mean absolute MLP SHAP in validation fold, back-projected via absolute PCA loadings"
Radiomics,MLP,4,original__firstorder__RobustMeanAbsoluteDeviation,0.0055221505628763054,0.012980402718908915,"mean absolute MLP SHAP in validation fold, back-projected via absolute PCA loadings"
Radiomics,MLP,4,original__firstorder__RootMeanSquared,0.0031365762485441304,0.0073728563538949885,"mean absolute MLP SHAP in validation fold, back-projected via absolute PCA loadings"
Radiomics,MLP,4,original__firstorder__Skewness,0.004771401927402098,0.011215688135674026,"mean absolute MLP SHAP in validation fold, back-projected via absolute PCA loadings"
Radiomics,MLP,4,original__firstorder__TotalEnergy,0.004098793955472045,0.009634651500002665,"mean absolute MLP SHAP in validation fold, back-projected via absolute PCA loadings"
Radiomics,MLP,4,original__firstorder__Uniformity,0.002283993111728902,0.0053687689351977486,"mean absolute MLP SHAP in validation fold, back-projected via absolute PCA loadings"
Radiomics,MLP,4,original__firstorder__Variance,0.005932023262196516,0.013943852128714834,"mean absolute MLP SHAP in validation fold, back-projected via absolute PCA loadings"
Radiomics,MLP,4,original__glcm__Autocorrelation,0.0018847014105305585,0.0044301912878014224,"mean absolute MLP SHAP in validation fold, back-projected via absolute PCA loadings"
Radiomics,MLP,4,original__glcm__ClusterProminence,0.002537640030089541,0.005964993016964976,"mean absolute MLP SHAP in validation fold, back-projected via absolute PCA loadings"
Radiomics,MLP,4,original__glcm__ClusterShade,0.007038369719703177,0.016544437245248605,"mean absolute MLP SHAP in validation fold, back-projected via absolute PCA loadings"
Radiomics,MLP,4,original__glcm__ClusterTendency,0.002528862614982934,0.005944360768420228,"mean absolute MLP SHAP in validation fold, back-projected via absolute PCA loadings"
Radiomics,MLP,4,original__glcm__Contrast,0.0027057191406527066,0.006360080857997966,"mean absolute MLP SHAP in validation fold, back-projected via absolute PCA loadings"
Radiomics,MLP,4,original__glcm__Correlation,0.0055099070085294554,0.01295162294111702,"mean absolute MLP SHAP in validation fold, back-projected via absolute PCA loadings"
Radiomics,MLP,4,original__glcm__DifferenceAverage,0.0019685417231251833,0.004627266867173273,"mean absolute MLP SHAP in validation fold, back-projected via absolute PCA loadings"
Radiomics,MLP,4,original__glcm__DifferenceEntropy,0.0016149416891024257,0.0037960923472513505,"mean absolute MLP SHAP in validation fold, back-projected via absolute PCA loadings"
Radiomics,MLP,4,original__glcm__DifferenceVariance,0.0028592153644677767,0.006720890071413109,"mean absolute MLP SHAP in validation fold, back-projected via absolute PCA loadings"
Radiomics,MLP,4,original__glcm__Id,0.0018322016793259083,0.004306785081123154,"mean absolute MLP SHAP in validation fold, back-projected via absolute PCA loadings"
Radiomics,MLP,4,original__glcm__Idm,0.0024824738466935475,0.005835319030572944,"mean absolute MLP SHAP in validation fold, back-projected via absolute PCA loadings"
Radiomics,MLP,4,original__glcm__Idmn,0.0035659723168750745,0.008382197520780631,"mean absolute MLP SHAP in validation fold, back-projected via absolute PCA loadings"
Radiomics,MLP,4,original__glcm__Idn,0.0032718645356928,0.007690865873980661,"mean absolute MLP SHAP in validation fold, back-projected via absolute PCA loadings"
Radiomics,MLP,4,original__glcm__Imc1,0.006553746343277735,0.015405278411860502,"mean absolute MLP SHAP in validation fold, back-projected via absolute PCA loadings"
Radiomics,MLP,4,original__glcm__Imc2,0.005083439889511954,0.011949166581372883,"mean absolute MLP SHAP in validation fold, back-projected via absolute PCA loadings"
Radiomics,MLP,4,original__glcm__InverseVariance,0.0019494553812848855,0.004582402388978245,"mean absolute MLP SHAP in validation fold, back-projected via absolute PCA loadings"
Radiomics,MLP,4,original__glcm__JointAverage,0.003149974698735118,0.007404350837304668,"mean absolute MLP SHAP in validation fold, back-projected via absolute PCA loadings"
Radiomics,MLP,4,original__glcm__JointEnergy,0.0026449828743109007,0.006217313798718635,"mean absolute MLP SHAP in validation fold, back-projected via absolute PCA loadings"
Radiomics,MLP,4,original__glcm__JointEntropy,0.0019402249783173268,0.0045607053442467595,"mean absolute MLP SHAP in validation fold, back-projected via absolute PCA loadings"
Radiomics,MLP,4,original__glcm__MCC,0.0029623241300158623,0.0069632582005368085,"mean absolute MLP SHAP in validation fold, back-projected via absolute PCA loadings"
Radiomics,MLP,4,original__glcm__MaximumProbability,0.002336827265994261,0.005492961238878818,"mean absolute MLP SHAP in validation fold, back-projected via absolute PCA loadings"
Radiomics,MLP,4,original__glcm__SumAverage,0.0018133409749305869,0.004262450987761156,"mean absolute MLP SHAP in validation fold, back-projected via absolute PCA loadings"
Radiomics,MLP,4,original__glcm__SumEntropy,0.0019613798410094683,0.004610432100893574,"mean absolute MLP SHAP in validation fold, back-projected via absolute PCA loadings"
Radiomics,MLP,4,original__glcm__SumSquares,0.0025203180629700833,0.005924275889365119,"mean absolute MLP SHAP in validation fold, back-projected via absolute PCA loadings"
Radiomics,MLP,4,original__gldm__DependenceEntropy,0.004407596559387552,0.010360524891868887,"mean absolute MLP SHAP in validation fold, back-projected via absolute PCA loadings"
Radiomics,MLP,4,original__gldm__DependenceNonUniformity,0.004036825720417513,0.009488988567123692,"mean absolute MLP SHAP in validation fold, back-projected via absolute PCA loadings"
Radiomics,MLP,4,original__gldm__DependenceNonUniformityNormalized,0.00429913858713523,0.01010558288297551,"mean absolute MLP SHAP in validation fold, back-projected via absolute PCA loadings"
Radiomics,MLP,4,original__gldm__DependenceVariance,0.005205112732097802,0.012235171549679303,"mean absolute MLP SHAP in validation fold, back-projected via absolute PCA loadings"
Radiomics,MLP,4,original__gldm__GrayLevelNonUniformity,0.002902210845604924,0.006821955526601047,"mean absolute MLP SHAP in validation fold, back-projected via absolute PCA loadings"
Radiomics,MLP,4,original__gldm__GrayLevelVariance,0.002429681880262162,0.005711225893886432,"mean absolute MLP SHAP in validation fold, back-projected via absolute PCA loadings"
Radiomics,MLP,4,original__gldm__HighGrayLevelEmphasis,0.003231696534932179,0.007596446712396858,"mean absolute MLP SHAP in validation fold, back-projected via absolute PCA loadings"
Radiomics,MLP,4,original__gldm__LargeDependenceEmphasis,0.0037749615305012704,0.008873448913854406,"mean absolute MLP SHAP in validation fold, back-projected via absolute PCA loadings"
Radiomics,MLP,4,original__gldm__LargeDependenceHighGrayLevelEmphasis,0.0036064718371235024,0.00847739595421005,"mean absolute MLP SHAP in validation fold, back-projected via absolute PCA loadings"
Radiomics,MLP,4,original__gldm__LargeDependenceLowGrayLevelEmphasis,0.0037603981258688673,0.008839216081023322,"mean absolute MLP SHAP in validation fold, back-projected via absolute PCA loadings"
Radiomics,MLP,4,original__gldm__LowGrayLevelEmphasis,0.0028705363421347736,0.006747501234512735,"mean absolute MLP SHAP in validation fold, back-projected via absolute PCA loadings"
Radiomics,MLP,4,original__gldm__SmallDependenceEmphasis,0.00285358650198429,0.006707658830965554,"mean absolute MLP SHAP in validation fold, back-projected via absolute PCA loadings"
Radiomics,MLP,4,original__gldm__SmallDependenceHighGrayLevelEmphasis,0.0022739083080507627,0.005345063530646954,"mean absolute MLP SHAP in validation fold, back-projected via absolute PCA loadings"
Radiomics,MLP,4,original__gldm__SmallDependenceLowGrayLevelEmphasis,0.005278172583873122,0.012406906508338866,"mean absolute MLP SHAP in validation fold, back-projected via absolute PCA loadings"
Radiomics,MLP,4,original__glrlm__GrayLevelNonUniformity,0.0032843420831466987,0.007720195677478728,"mean absolute MLP SHAP in validation fold, back-projected via absolute PCA loadings"
Radiomics,MLP,4,original__glrlm__GrayLevelNonUniformityNormalized,0.002528583269248049,0.005943704136534636,"mean absolute MLP SHAP in validation fold, back-projected via absolute PCA loadings"
Radiomics,MLP,4,original__glrlm__GrayLevelVariance,0.002382540652350913,0.005600415419600277,"mean absolute MLP SHAP in validation fold, back-projected via absolute PCA loadings"
Radiomics,MLP,4,original__glrlm__HighGrayLevelRunEmphasis,0.0032311595834042944,0.007595184550673249,"mean absolute MLP SHAP in validation fold, back-projected via absolute PCA loadings"
Radiomics,MLP,4,original__glrlm__LongRunEmphasis,0.004114973786880396,0.009672683916035714,"mean absolute MLP SHAP in validation fold, back-projected via absolute PCA loadings"
Radiomics,MLP,4,original__glrlm__LongRunHighGrayLevelEmphasis,0.004277065372644928,0.010053697442670576,"mean absolute MLP SHAP in validation fold, back-projected via absolute PCA loadings"
Radiomics,MLP,4,original__glrlm__LongRunLowGrayLevelEmphasis,0.0035990053002946704,0.00845984506459734,"mean absolute MLP SHAP in validation fold, back-projected via absolute PCA loadings"
Radiomics,MLP,4,original__glrlm__LowGrayLevelRunEmphasis,0.0025526750249852104,0.006000334372909621,"mean absolute MLP SHAP in validation fold, back-projected via absolute PCA loadings"
Radiomics,MLP,4,original__glrlm__RunEntropy,0.0033236946063754835,0.007812697972318147,"mean absolute MLP SHAP in validation fold, back-projected via absolute PCA loadings"
Radiomics,MLP,4,original__glrlm__RunLengthNonUniformity,0.003919310114322919,0.00921275562571871,"mean absolute MLP SHAP in validation fold, back-projected via absolute PCA loadings"
Radiomics,MLP,4,original__glrlm__RunLengthNonUniformityNormalized,0.003334626644877651,0.007838394892509115,"mean absolute MLP SHAP in validation fold, back-projected via absolute PCA loadings"
Radiomics,MLP,4,original__glrlm__RunPercentage,0.003958106996499292,0.009303951827117659,"mean absolute MLP SHAP in validation fold, back-projected via absolute PCA loadings"
Radiomics,MLP,4,original__glrlm__RunVariance,0.004358287231466712,0.010244618067720678,"mean absolute MLP SHAP in validation fold, back-projected via absolute PCA loadings"
Radiomics,MLP,4,original__glrlm__ShortRunEmphasis,0.0029082943945367918,0.006836255555945901,"mean absolute MLP SHAP in validation fold, back-projected via absolute PCA loadings"
Radiomics,MLP,4,original__glrlm__ShortRunHighGrayLevelEmphasis,0.0017676205556272973,0.004154980275349983,"mean absolute MLP SHAP in validation fold, back-projected via absolute PCA loadings"
Radiomics,MLP,4,original__glrlm__ShortRunLowGrayLevelEmphasis,0.002900689311277633,0.006818378998200743,"mean absolute MLP SHAP in validation fold, back-projected via absolute PCA loadings"
Radiomics,MLP,4,original__glszm__GrayLevelNonUniformity,0.007690058637751137,0.018076301417982506,"mean absolute MLP SHAP in validation fold, back-projected via absolute PCA loadings"
Radiomics,MLP,4,original__glszm__GrayLevelNonUniformityNormalized,0.0033492891725720674,0.007872860724648895,"mean absolute MLP SHAP in validation fold, back-projected via absolute PCA loadings"
Radiomics,MLP,4,original__glszm__GrayLevelVariance,0.0020298647107870487,0.004771413077370608,"mean absolute MLP SHAP in validation fold, back-projected via absolute PCA loadings"
Radiomics,MLP,4,original__glszm__HighGrayLevelZoneEmphasis,0.0031698143510376377,0.007450986051929402,"mean absolute MLP SHAP in validation fold, back-projected via absolute PCA loadings"
Radiomics,MLP,4,original__glszm__LargeAreaEmphasis,0.0030939724585777105,0.007272711610498514,"mean absolute MLP SHAP in validation fold, back-projected via absolute PCA loadings"
Radiomics,MLP,4,original__glszm__LargeAreaHighGrayLevelEmphasis,0.003737861265997004,0.00878624079289499,"mean absolute MLP SHAP in validation fold, back-projected via absolute PCA loadings"
Radiomics,MLP,4,original__glszm__LargeAreaLowGrayLevelEmphasis,0.009117775968034687,0.02143230298020595,"mean absolute MLP SHAP in validation fold, back-projected via absolute PCA loadings"
Radiomics,MLP,4,original__glszm__LowGrayLevelZoneEmphasis,0.0026754155016688367,0.006288848928810187,"mean absolute MLP SHAP in validation fold, back-projected via absolute PCA loadings"
Radiomics,MLP,4,original__glszm__SizeZoneNonUniformity,0.0038313650087902513,0.009006031293599745,"mean absolute MLP SHAP in validation fold, back-projected via absolute PCA loadings"
Radiomics,MLP,4,original__glszm__SizeZoneNonUniformityNormalized,0.004228488811620114,0.00993951306511291,"mean absolute MLP SHAP in validation fold, back-projected via absolute PCA loadings"
Radiomics,MLP,4,original__glszm__SmallAreaEmphasis,0.003967505868768668,0.009326044876876254,"mean absolute MLP SHAP in validation fold, back-projected via absolute PCA loadings"
Radiomics,MLP,4,original__glszm__SmallAreaHighGrayLevelEmphasis,0.0019306048049663206,0.0045380921027387755,"mean absolute MLP SHAP in validation fold, back-projected via absolute PCA loadings"
Radiomics,MLP,4,original__glszm__SmallAreaLowGrayLevelEmphasis,0.0022312183093663044,0.005244716144482001,"mean absolute MLP SHAP in validation fold, back-projected via absolute PCA loadings"
Radiomics,MLP,4,original__glszm__ZoneEntropy,0.004450161175976463,0.010460577554071607,"mean absolute MLP SHAP in validation fold, back-projected via absolute PCA loadings"
Radiomics,MLP,4,original__glszm__ZonePercentage,0.002634948624074689,0.006193727225414394,"mean absolute MLP SHAP in validation fold, back-projected via absolute PCA loadings"
Radiomics,MLP,4,original__glszm__ZoneVariance,0.0030881084332529114,0.007258927594759884,"mean absolute MLP SHAP in validation fold, back-projected via absolute PCA loadings"
Radiomics,MLP,4,original__ngtdm__Busyness,0.006413357846262008,0.01507528030557611,"mean absolute MLP SHAP in validation fold, back-projected via absolute PCA loadings"
Radiomics,MLP,4,original__ngtdm__Coarseness,0.0033195719045117523,0.007803007122734836,"mean absolute MLP SHAP in validation fold, back-projected via absolute PCA loadings"
Radiomics,MLP,4,original__ngtdm__Complexity,0.0038860828546356334,0.009134651414854514,"mean absolute MLP SHAP in validation fold, back-projected via absolute PCA loadings"
Radiomics,MLP,4,original__ngtdm__Contrast,0.0039656628313614155,0.0093217126212632,"mean absolute MLP SHAP in validation fold, back-projected via absolute PCA loadings"
Radiomics,MLP,4,original__ngtdm__Strength,0.004891929122605024,0.011499000137855226,"mean absolute MLP SHAP in validation fold, back-projected via absolute PCA loadings"
Radiomics,MLP,5,original__shape__Elongation,0.0029515128352279266,0.0061751972685974155,"mean absolute MLP SHAP in validation fold, back-projected via absolute PCA loadings"
Radiomics,MLP,5,original__shape__Flatness,0.0031937173349452183,0.0066819409788888605,"mean absolute MLP SHAP in validation fold, back-projected via absolute PCA loadings"
Radiomics,MLP,5,original__shape__LeastAxisLength,0.0026668720667467555,0.005579667791280858,"mean absolute MLP SHAP in validation fold, back-projected via absolute PCA loadings"
Radiomics,MLP,5,original__shape__MajorAxisLength,0.0042230722307981736,0.00883557197971684,"mean absolute MLP SHAP in validation fold, back-projected via absolute PCA loadings"
Radiomics,MLP,5,original__shape__Maximum2DDiameterColumn,0.006677204924465752,0.013970143419092385,"mean absolute MLP SHAP in validation fold, back-projected via absolute PCA loadings"
Radiomics,MLP,5,original__shape__Maximum2DDiameterRow,0.0036349958401574807,0.00760519016403668,"mean absolute MLP SHAP in validation fold, back-projected via absolute PCA loadings"
Radiomics,MLP,5,original__shape__Maximum2DDiameterSlice,0.005139545779115085,0.010753031014541376,"mean absolute MLP SHAP in validation fold, back-projected via absolute PCA loadings"
Radiomics,MLP,5,original__shape__Maximum3DDiameter,0.0057773655750481346,0.012087486692556063,"mean absolute MLP SHAP in validation fold, back-projected via absolute PCA loadings"
Radiomics,MLP,5,original__shape__MeshVolume,0.00642564339237509,0.013443822792155155,"mean absolute MLP SHAP in validation fold, back-projected via absolute PCA loadings"
Radiomics,MLP,5,original__shape__MinorAxisLength,0.005707541017553497,0.011941398757048706,"mean absolute MLP SHAP in validation fold, back-projected via absolute PCA loadings"
Radiomics,MLP,5,original__shape__Sphericity,0.005501248712917342,0.011509791053732222,"mean absolute MLP SHAP in validation fold, back-projected via absolute PCA loadings"
Radiomics,MLP,5,original__shape__SurfaceArea,0.003871956373032125,0.00810096237207449,"mean absolute MLP SHAP in validation fold, back-projected via absolute PCA loadings"
Radiomics,MLP,5,original__shape__SurfaceVolumeRatio,0.005892363393727089,0.01232808676968434,"mean absolute MLP SHAP in validation fold, back-projected via absolute PCA loadings"
Radiomics,MLP,5,original__shape__VoxelVolume,0.005613400071564272,0.01174443572656575,"mean absolute MLP SHAP in validation fold, back-projected via absolute PCA loadings"
Radiomics,MLP,5,original__firstorder__10Percentile,0.003991093818985478,0.008350223436454042,"mean absolute MLP SHAP in validation fold, back-projected via absolute PCA loadings"
Radiomics,MLP,5,original__firstorder__90Percentile,0.002418535289947065,0.005060094043376993,"mean absolute MLP SHAP in validation fold, back-projected via absolute PCA loadings"
Radiomics,MLP,5,original__firstorder__Energy,0.0052742160926349604,0.011034790166079972,"mean absolute MLP SHAP in validation fold, back-projected via absolute PCA loadings"
Radiomics,MLP,5,original__firstorder__Entropy,0.0027660605198327314,0.005787191288133827,"mean absolute MLP SHAP in validation fold, back-projected via absolute PCA loadings"
Radiomics,MLP,5,original__firstorder__InterquartileRange,0.0048995247341985185,0.010250855559539427,"mean absolute MLP SHAP in validation fold, back-projected via absolute PCA loadings"
Radiomics,MLP,5,original__firstorder__Kurtosis,0.0037396282545703974,0.007824103594457016,"mean absolute MLP SHAP in validation fold, back-projected via absolute PCA loadings"
Radiomics,MLP,5,original__firstorder__Maximum,0.005251510299014391,0.010987284780681148,"mean absolute MLP SHAP in validation fold, back-projected via absolute PCA loadings"
Radiomics,MLP,5,original__firstorder__MeanAbsoluteDeviation,0.005863613646480495,0.0122679361382688,"mean absolute MLP SHAP in validation fold, back-projected via absolute PCA loadings"
Radiomics,MLP,5,original__firstorder__Mean,0.003332188733427974,0.006971652814623955,"mean absolute MLP SHAP in validation fold, back-projected via absolute PCA loadings"
Radiomics,MLP,5,original__firstorder__Median,0.002923232174105916,0.006116028065865053,"mean absolute MLP SHAP in validation fold, back-projected via absolute PCA loadings"
Radiomics,MLP,5,original__firstorder__Minimum,0.004095030415739749,0.008567681067240433,"mean absolute MLP SHAP in validation fold, back-projected via absolute PCA loadings"
Radiomics,MLP,5,original__firstorder__Range,0.004343154658143765,0.009086810147649043,"mean absolute MLP SHAP in validation fold, back-projected via absolute PCA loadings"
Radiomics,MLP,5,original__firstorder__RobustMeanAbsoluteDeviation,0.006566509976750746,0.013738545869991958,"mean absolute MLP SHAP in validation fold, back-projected via absolute PCA loadings"
Radiomics,MLP,5,original__firstorder__RootMeanSquared,0.003256924439714259,0.006814183785380193,"mean absolute MLP SHAP in validation fold, back-projected via absolute PCA loadings"
Radiomics,MLP,5,original__firstorder__Skewness,0.00331148187740564,0.006928329634990728,"mean absolute MLP SHAP in validation fold, back-projected via absolute PCA loadings"
Radiomics,MLP,5,original__firstorder__TotalEnergy,0.005283359957172021,0.011053921089936964,"mean absolute MLP SHAP in validation fold, back-projected via absolute PCA loadings"
Radiomics,MLP,5,original__firstorder__Uniformity,0.003430877982851726,0.007178131870451751,"mean absolute MLP SHAP in validation fold, back-projected via absolute PCA loadings"
Radiomics,MLP,5,original__firstorder__Variance,0.005040157074685243,0.010545088548969413,"mean absolute MLP SHAP in validation fold, back-projected via absolute PCA loadings"
Radiomics,MLP,5,original__glcm__Autocorrelation,0.004565802819437546,0.009552637807644097,"mean absolute MLP SHAP in validation fold, back-projected via absolute PCA loadings"
Radiomics,MLP,5,original__glcm__ClusterProminence,0.004098719131063442,0.008575398650074438,"mean absolute MLP SHAP in validation fold, back-projected via absolute PCA loadings"
Radiomics,MLP,5,original__glcm__ClusterShade,0.007045212386665008,0.014740093882553885,"mean absolute MLP SHAP in validation fold, back-projected via absolute PCA loadings"
Radiomics,MLP,5,original__glcm__ClusterTendency,0.00340724466215701,0.007128685899673641,"mean absolute MLP SHAP in validation fold, back-projected via absolute PCA loadings"
Radiomics,MLP,5,original__glcm__Contrast,0.002022962636071839,0.004232471292567072,"mean absolute MLP SHAP in validation fold, back-projected via absolute PCA loadings"
Radiomics,MLP,5,original__glcm__Correlation,0.007558467369204402,0.015813933280588055,"mean absolute MLP SHAP in validation fold, back-projected via absolute PCA loadings"
Radiomics,MLP,5,original__glcm__DifferenceAverage,0.0020835242891132366,0.00435917924720624,"mean absolute MLP SHAP in validation fold, back-projected via absolute PCA loadings"
Radiomics,MLP,5,original__glcm__DifferenceEntropy,0.0026888295354917163,0.005625607520697188,"mean absolute MLP SHAP in validation fold, back-projected via absolute PCA loadings"
Radiomics,MLP,5,original__glcm__DifferenceVariance,0.002063454640452875,0.004317189241907956,"mean absolute MLP SHAP in validation fold, back-projected via absolute PCA loadings"
Radiomics,MLP,5,original__glcm__Id,0.0021656420304009406,0.00453098715725521,"mean absolute MLP SHAP in validation fold, back-projected via absolute PCA loadings"
Radiomics,MLP,5,original__glcm__Idm,0.003909571512175919,0.00817966130291642,"mean absolute MLP SHAP in validation fold, back-projected via absolute PCA loadings"
Radiomics,MLP,5,original__glcm__Idmn,0.004628739324232529,0.00968431446100855,"mean absolute MLP SHAP in validation fold, back-projected via absolute PCA loadings"
Radiomics,MLP,5,original__glcm__Idn,0.004205513526602991,0.008798835408256928,"mean absolute MLP SHAP in validation fold, back-projected via absolute PCA loadings"
Radiomics,MLP,5,original__glcm__Imc1,0.00879648167890037,0.018404124484391063,"mean absolute MLP SHAP in validation fold, back-projected via absolute PCA loadings"
Radiomics,MLP,5,original__glcm__Imc2,0.004822372956022179,0.010089437508370705,"mean absolute MLP SHAP in validation fold, back-projected via absolute PCA loadings"
Radiomics,MLP,5,original__glcm__InverseVariance,0.0022690889634301658,0.004747420306609114,"mean absolute MLP SHAP in validation fold, back-projected via absolute PCA loadings"
Radiomics,MLP,5,original__glcm__JointAverage,0.00459923086358443,0.009622576438588402,"mean absolute MLP SHAP in validation fold, back-projected via absolute PCA loadings"
Radiomics,MLP,5,original__glcm__JointEnergy,0.003928164472498005,0.008218561759802701,"mean absolute MLP SHAP in validation fold, back-projected via absolute PCA loadings"
Radiomics,MLP,5,original__glcm__JointEntropy,0.001993315253138405,0.004170442614959284,"mean absolute MLP SHAP in validation fold, back-projected via absolute PCA loadings"
Radiomics,MLP,5,original__glcm__MCC,0.006883680305418394,0.014402134157290514,"mean absolute MLP SHAP in validation fold, back-projected via absolute PCA loadings"
Radiomics,MLP,5,original__glcm__MaximumProbability,0.002623963170200893,0.00548989318566642,"mean absolute MLP SHAP in validation fold, back-projected via absolute PCA loadings"
Radiomics,MLP,5,original__glcm__SumAverage,0.00394618429931996,0.008256263098602041,"mean absolute MLP SHAP in validation fold, back-projected via absolute PCA loadings"
Radiomics,MLP,5,original__glcm__SumEntropy,0.002114174927031566,0.004423306949208736,"mean absolute MLP SHAP in validation fold, back-projected via absolute PCA loadings"
Radiomics,MLP,5,original__glcm__SumSquares,0.0028167342187775343,0.005893211524122233,"mean absolute MLP SHAP in validation fold, back-projected via absolute PCA loadings"
Radiomics,MLP,5,original__gldm__DependenceEntropy,0.0050078863415274595,0.010477571260590013,"mean absolute MLP SHAP in validation fold, back-projected via absolute PCA loadings"
Radiomics,MLP,5,original__gldm__DependenceNonUniformity,0.0036995952872925517,0.007740346049093364,"mean absolute MLP SHAP in validation fold, back-projected via absolute PCA loadings"
Radiomics,MLP,5,original__gldm__DependenceNonUniformityNormalized,0.005842551643988315,0.012223869916123821,"mean absolute MLP SHAP in validation fold, back-projected via absolute PCA loadings"
Radiomics,MLP,5,original__gldm__DependenceVariance,0.007762913885154025,0.01624167919847727,"mean absolute MLP SHAP in validation fold, back-projected via absolute PCA loadings"
Radiomics,MLP,5,original__gldm__GrayLevelNonUniformity,0.005088830428891313,0.010646923635152796,"mean absolute MLP SHAP in validation fold, back-projected via absolute PCA loadings"
Radiomics,MLP,5,original__gldm__GrayLevelVariance,0.0034903895938084096,0.007302642912058374,"mean absolute MLP SHAP in validation fold, back-projected via absolute PCA loadings"
Radiomics,MLP,5,original__gldm__HighGrayLevelEmphasis,0.004576316223950695,0.00957463410258084,"mean absolute MLP SHAP in validation fold, back-projected via absolute PCA loadings"
Radiomics,MLP,5,original__gldm__LargeDependenceEmphasis,0.0057045857151592425,0.011935215631210642,"mean absolute MLP SHAP in validation fold, back-projected via absolute PCA loadings"
Radiomics,MLP,5,original__gldm__LargeDependenceHighGrayLevelEmphasis,0.006031254199712629,0.012618676095781229,"mean absolute MLP SHAP in validation fold, back-projected via absolute PCA loadings"
Radiomics,MLP,5,original__gldm__LargeDependenceLowGrayLevelEmphasis,0.0022771717686979496,0.004764331267122816,"mean absolute MLP SHAP in validation fold, back-projected via absolute PCA loadings"
Radiomics,MLP,5,original__gldm__LowGrayLevelEmphasis,0.004166843348659542,0.008717929110184156,"mean absolute MLP SHAP in validation fold, back-projected via absolute PCA loadings"
Radiomics,MLP,5,original__gldm__SmallDependenceEmphasis,0.004978833018960062,0.010416785484556611,"mean absolute MLP SHAP in validation fold, back-projected via absolute PCA loadings"
Radiomics,MLP,5,original__gldm__SmallDependenceHighGrayLevelEmphasis,0.0033791642691202916,0.007069935700686925,"mean absolute MLP SHAP in validation fold, back-projected via absolute PCA loadings"
Radiomics,MLP,5,original__gldm__SmallDependenceLowGrayLevelEmphasis,0.005085016842747554,0.010638944795807284,"mean absolute MLP SHAP in validation fold, back-projected via absolute PCA loadings"
Radiomics,MLP,5,original__glrlm__GrayLevelNonUniformity,0.004714125002732687,0.009862959595923166,"mean absolute MLP SHAP in validation fold, back-projected via absolute PCA loadings"
Radiomics,MLP,5,original__glrlm__GrayLevelNonUniformityNormalized,0.0036310118239374152,0.007596854748453676,"mean absolute MLP SHAP in validation fold, back-projected via absolute PCA loadings"
Radiomics,MLP,5,original__glrlm__GrayLevelVariance,0.003625061017214808,0.007584404385717388,"mean absolute MLP SHAP in validation fold, back-projected via absolute PCA loadings"
Radiomics,MLP,5,original__glrlm__HighGrayLevelRunEmphasis,0.0045439430402556295,0.009506902465725487,"mean absolute MLP SHAP in validation fold, back-projected via absolute PCA loadings"
Radiomics,MLP,5,original__glrlm__LongRunEmphasis,0.005426642772595817,0.011353699440849555,"mean absolute MLP SHAP in validation fold, back-projected via absolute PCA loadings"
Radiomics,MLP,5,original__glrlm__LongRunHighGrayLevelEmphasis,0.005439342202418831,0.011380269369131694,"mean absolute MLP SHAP in validation fold, back-projected via absolute PCA loadings"
Radiomics,MLP,5,original__glrlm__LongRunLowGrayLevelEmphasis,0.0027227159838107626,0.005696505231391399,"mean absolute MLP SHAP in validation fold, back-projected via absolute PCA loadings"
Radiomics,MLP,5,original__glrlm__LowGrayLevelRunEmphasis,0.003846597730288682,0.008047906657887651,"mean absolute MLP SHAP in validation fold, back-projected via absolute PCA loadings"
Radiomics,MLP,5,original__glrlm__RunEntropy,0.00578453674001381,0.012102490306221621,"mean absolute MLP SHAP in validation fold, back-projected via absolute PCA loadings"
Radiomics,MLP,5,original__glrlm__RunLengthNonUniformity,0.004215950752529945,0.008820672321268652,"mean absolute MLP SHAP in validation fold, back-projected via absolute PCA loadings"
Radiomics,MLP,5,original__glrlm__RunLengthNonUniformityNormalized,0.004316288272340197,0.009030599911918027,"mean absolute MLP SHAP in validation fold, back-projected via absolute PCA loadings"
Radiomics,MLP,5,original__glrlm__RunPercentage,0.0058371320863200285,0.012212531040239305,"mean absolute MLP SHAP in validation fold, back-projected via absolute PCA loadings"
Radiomics,MLP,5,original__glrlm__RunVariance,0.00805598133137602,0.016854839091202292,"mean absolute MLP SHAP in validation fold, back-projected via absolute PCA loadings"
Radiomics,MLP,5,original__glrlm__ShortRunEmphasis,0.0039365916841831,0.008236193292336989,"mean absolute MLP SHAP in validation fold, back-projected via absolute PCA loadings"
Radiomics,MLP,5,original__glrlm__ShortRunHighGrayLevelEmphasis,0.004414537411475585,0.009236158162720633,"mean absolute MLP SHAP in validation fold, back-projected via absolute PCA loadings"
Radiomics,MLP,5,original__glrlm__ShortRunLowGrayLevelEmphasis,0.004038549087268581,0.008449510025888693,"mean absolute MLP SHAP in validation fold, back-projected via absolute PCA loadings"
Radiomics,MLP,5,original__glszm__GrayLevelNonUniformity,0.0065937627426765795,0.013795564495727981,"mean absolute MLP SHAP in validation fold, back-projected via absolute PCA loadings"
Radiomics,MLP,5,original__glszm__GrayLevelNonUniformityNormalized,0.0043216948004243085,0.009041911527120616,"mean absolute MLP SHAP in validation fold, back-projected via absolute PCA loadings"
Radiomics,MLP,5,original__glszm__GrayLevelVariance,0.003701229872166358,0.0077437659508900105,"mean absolute MLP SHAP in validation fold, back-projected via absolute PCA loadings"
Radiomics,MLP,5,original__glszm__HighGrayLevelZoneEmphasis,0.0045566491666074686,0.009533486404580786,"mean absolute MLP SHAP in validation fold, back-projected via absolute PCA loadings"
Radiomics,MLP,5,original__glszm__LargeAreaEmphasis,0.005351447829818563,0.011196375508624616,"mean absolute MLP SHAP in validation fold, back-projected via absolute PCA loadings"
Radiomics,MLP,5,original__glszm__LargeAreaHighGrayLevelEmphasis,0.005377146481337308,0.011250142594022681,"mean absolute MLP SHAP in validation fold, back-projected via absolute PCA loadings"
Radiomics,MLP,5,original__glszm__LargeAreaLowGrayLevelEmphasis,0.006093836798616468,0.012749612302190396,"mean absolute MLP SHAP in validation fold, back-projected via absolute PCA loadings"
Radiomics,MLP,5,original__glszm__LowGrayLevelZoneEmphasis,0.004310671952059496,0.009018849366488236,"mean absolute MLP SHAP in validation fold, back-projected via absolute PCA loadings"
Radiomics,MLP,5,original__glszm__SizeZoneNonUniformity,0.0035375339817938552,0.007401279073298356,"mean absolute MLP SHAP in validation fold, back-projected via absolute PCA loadings"
Radiomics,MLP,5,original__glszm__SizeZoneNonUniformityNormalized,0.003888561838461736,0.008135704563787443,"mean absolute MLP SHAP in validation fold, back-projected via absolute PCA loadings"
Radiomics,MLP,5,original__glszm__SmallAreaEmphasis,0.004199798167095849,0.0087868776515444,"mean absolute MLP SHAP in validation fold, back-projected via absolute PCA loadings"
Radiomics,MLP,5,original__glszm__SmallAreaHighGrayLevelEmphasis,0.004354416510035388,0.009110372354870522,"mean absolute MLP SHAP in validation fold, back-projected via absolute PCA loadings"
Radiomics,MLP,5,original__glszm__SmallAreaLowGrayLevelEmphasis,0.004012063995973973,0.008394097539969963,"mean absolute MLP SHAP in validation fold, back-projected via absolute PCA loadings"
Radiomics,MLP,5,original__glszm__ZoneEntropy,0.005958638045269599,0.012466747541305532,"mean absolute MLP SHAP in validation fold, back-projected via absolute PCA loadings"
Radiomics,MLP,5,original__glszm__ZonePercentage,0.004862141609652257,0.01017264205294904,"mean absolute MLP SHAP in validation fold, back-projected via absolute PCA loadings"
Radiomics,MLP,5,original__glszm__ZoneVariance,0.005349271668632182,0.011191822513139122,"mean absolute MLP SHAP in validation fold, back-projected via absolute PCA loadings"
Radiomics,MLP,5,original__ngtdm__Busyness,0.003969291256717953,0.008304607804580144,"mean absolute MLP SHAP in validation fold, back-projected via absolute PCA loadings"
Radiomics,MLP,5,original__ngtdm__Coarseness,0.004611359117801707,0.009647951345118195,"mean absolute MLP SHAP in validation fold, back-projected via absolute PCA loadings"
Radiomics,MLP,5,original__ngtdm__Complexity,0.0042532021908722375,0.008898610312104082,"mean absolute MLP SHAP in validation fold, back-projected via absolute PCA loadings"
Radiomics,MLP,5,original__ngtdm__Contrast,0.004650719038575971,0.009730300732983442,"mean absolute MLP SHAP in validation fold, back-projected via absolute PCA loadings"
Radiomics,MLP,5,original__ngtdm__Strength,0.004068106896624411,0.008511351296379305,"mean absolute MLP SHAP in validation fold, back-projected via absolute PCA loadings"
Clinical,Random Forest,1,Age,0.03211077095926252,0.03211077095926252,"native tree importance in PCA space, distributed by absolute PCA loading"
Clinical,Random Forest,1,Sex,0.035519922904555676,0.035519922904555676,"native tree importance in PCA space, distributed by absolute PCA loading"
Clinical,Random Forest,1,High blood pressure,0.04093964726525634,0.04093964726525634,"native tree importance in PCA space, distributed by absolute PCA loading"
Clinical,Random Forest,1,Degenerative brain disease,0.026133824158266396,0.026133824158266396,"native tree importance in PCA space, distributed by absolute PCA loading"
Clinical,Random Forest,1,type of degenerative brain disease,0.02613382415826637,0.02613382415826637,"native tree importance in PCA space, distributed by absolute PCA loading"
Clinical,Random Forest,1,WBC,0.03287095141323476,0.03287095141323476,"native tree importance in PCA space, distributed by absolute PCA loading"
Clinical,Random Forest,1,RBC,0.03204864433021152,0.03204864433021152,"native tree importance in PCA space, distributed by absolute PCA loading"
Clinical,Random Forest,1,hemoglobin,0.028853666062429534,0.028853666062429534,"native tree importance in PCA space, distributed by absolute PCA loading"
Clinical,Random Forest,1,Anemia,0.033001184046375746,0.033001184046375746,"native tree importance in PCA space, distributed by absolute PCA loading"
Clinical,Random Forest,1,platelet count,0.03648564744860376,0.03648564744860376,"native tree importance in PCA space, distributed by absolute PCA loading"
Clinical,Random Forest,1,PTT,0.029393923236214065,0.029393923236214065,"native tree importance in PCA space, distributed by absolute PCA loading"
Clinical,Random Forest,1,PT,0.027449909041925437,0.027449909041925437,"native tree importance in PCA space, distributed by absolute PCA loading"
Clinical,Random Forest,1,INR,0.027696128372304573,0.027696128372304573,"native tree importance in PCA space, distributed by absolute PCA loading"
Clinical,Random Forest,1,Creatinin,0.03542801099214338,0.03542801099214338,"native tree importance in PCA space, distributed by absolute PCA loading"
Clinical,Random Forest,1,on admission GCS,0.03973640481383043,0.03973640481383043,"native tree importance in PCA space, distributed by absolute PCA loading"
Clinical,Random Forest,1,Contusion,0.04083017232776544,0.04083017232776544,"native tree importance in PCA space, distributed by absolute PCA loading"
Clinical,Random Forest,1,Intraparenchymal,0.050101744343910716,0.050101744343910716,"native tree importance in PCA space, distributed by absolute PCA loading"
Clinical,Random Forest,1,Subdural,0.04236815057053932,0.04236815057053932,"native tree importance in PCA space, distributed by absolute PCA loading"
Clinical,Random Forest,1,Subarachnoid,0.039614026993675756,0.039614026993675756,"native tree importance in PCA space, distributed by absolute PCA loading"
Clinical,Random Forest,1,Epidural,0.040876839589911666,0.040876839589911666,"native tree importance in PCA space, distributed by absolute PCA loading"
Clinical,Random Forest,1,IVH,0.043826139340088,0.043826139340088,"native tree importance in PCA space, distributed by absolute PCA loading"
Clinical,Random Forest,1,type_of_hemorrhage_num,0.03732941065219985,0.03732941065219985,"native tree importance in PCA space, distributed by absolute PCA loading"
Clinical,Random Forest,1,leukocytosis,0.043200402830023445,0.043200402830023445,"native tree importance in PCA space, distributed by absolute PCA loading"
Clinical,Random Forest,1,thrombocytopenia,0.039223091054077903,0.039223091054077903,"native tree importance in PCA space, distributed by absolute PCA loading"
Clinical,Random Forest,1,long PTT,0.033386704828628364,0.033386704828628364,"native tree importance in PCA space, distributed by absolute PCA loading"
Clinical,Random Forest,1,long PT,0.03717933848707262,0.03717933848707262,"native tree importance in PCA space, distributed by absolute PCA loading"
Clinical,Random Forest,1,long INR,0.028675373769689868,0.028675373769689868,"native tree importance in PCA space, distributed by absolute PCA loading"
Clinical,Random Forest,1,kidney failure,0.039586146009536576,0.039586146009536576,"native tree importance in PCA space, distributed by absolute PCA loading"
Clinical,Random Forest,2,Age,0.032246322009688494,0.0322463220096885,"native tree importance in PCA space, distributed by absolute PCA loading"
Clinical,Random Forest,2,Sex,0.037925886945792055,0.03792588694579206,"native tree importance in PCA space, distributed by absolute PCA loading"
Clinical,Random Forest,2,High blood pressure,0.03758830681758056,0.03758830681758057,"native tree importance in PCA space, distributed by absolute PCA loading"
Clinical,Random Forest,2,Degenerative brain disease,0.029370645712598113,0.02937064571259812,"native tree importance in PCA space, distributed by absolute PCA loading"
Clinical,Random Forest,2,type of degenerative brain disease,0.02844284291839023,0.02844284291839024,"native tree importance in PCA space, distributed by absolute PCA loading"
Clinical,Random Forest,2,WBC,0.03317067797590843,0.03317067797590844,"native tree importance in PCA space, distributed by absolute PCA loading"
Clinical,Random Forest,2,RBC,0.029258042617285162,0.02925804261728517,"native tree importance in PCA space, distributed by absolute PCA loading"
Clinical,Random Forest,2,hemoglobin,0.02633786034365495,0.026337860343654956,"native tree importance in PCA space, distributed by absolute PCA loading"
Clinical,Random Forest,2,Anemia,0.037340464530721665,0.03734046453072167,"native tree importance in PCA space, distributed by absolute PCA loading"
Clinical,Random Forest,2,platelet count,0.03337983100874048,0.033379831008740486,"native tree importance in PCA space, distributed by absolute PCA loading"
Clinical,Random Forest,2,PTT,0.030453950707461232,0.03045395070746124,"native tree importance in PCA space, distributed by absolute PCA loading"
Clinical,Random Forest,2,PT,0.025667569710223916,0.025667569710223923,"native tree importance in PCA space, distributed by absolute PCA loading"
Clinical,Random Forest,2,INR,0.02764684074831824,0.027646840748318247,"native tree importance in PCA space, distributed by absolute PCA loading"
Clinical,Random Forest,2,Creatinin,0.04044142858953464,0.040441428589534645,"native tree importance in PCA space, distributed by absolute PCA loading"
Clinical,Random Forest,2,on admission GCS,0.04267809854464345,0.04267809854464346,"native tree importance in PCA space, distributed by absolute PCA loading"
Clinical,Random Forest,2,Contusion,0.04162282569215792,0.04162282569215793,"native tree importance in PCA space, distributed by absolute PCA loading"
Clinical,Random Forest,2,Intraparenchymal,0.04732720925983749,0.0473272092598375,"native tree importance in PCA space, distributed by absolute PCA loading"
Clinical,Random Forest,2,Subdural,0.0335495307754751,0.03354953077547511,"native tree importance in PCA space, distributed by absolute PCA loading"
Clinical,Random Forest,2,Subarachnoid,0.04339592230913361,0.04339592230913362,"native tree importance in PCA space, distributed by absolute PCA loading"
Clinical,Random Forest,2,Epidural,0.04133643956609083,0.041336439566090837,"native tree importance in PCA space, distributed by absolute PCA loading"
Clinical,Random Forest,2,IVH,0.048958900335777475,0.04895890033577749,"native tree importance in PCA space, distributed by absolute PCA loading"
Clinical,Random Forest,2,type_of_hemorrhage_num,0.04133253618148135,0.041332536181481354,"native tree importance in PCA space, distributed by absolute PCA loading"
Clinical,Random Forest,2,leukocytosis,0.03954089513723115,0.039540895137231157,"native tree importance in PCA space, distributed by absolute PCA loading"
Clinical,Random Forest,2,thrombocytopenia,0.04106520919805747,0.04106520919805748,"native tree importance in PCA space, distributed by absolute PCA loading"
Clinical,Random Forest,2,long PTT,0.03788150300807351,0.03788150300807352,"native tree importance in PCA space, distributed by absolute PCA loading"
Clinical,Random Forest,2,long PT,0.03281174611878648,0.03281174611878649,"native tree importance in PCA space, distributed by absolute PCA loading"
Clinical,Random Forest,2,long INR,0.026332069420610737,0.026332069420610744,"native tree importance in PCA space, distributed by absolute PCA loading"
Clinical,Random Forest,2,kidney failure,0.03289644381674508,0.032896443816745086,"native tree importance in PCA space, distributed by absolute PCA loading"
Clinical,Random Forest,3,Age,0.032662838289000365,0.03266283828900036,"native tree importance in PCA space, distributed by absolute PCA loading"
Clinical,Random Forest,3,Sex,0.04364198335488514,0.04364198335488513,"native tree importance in PCA space, distributed by absolute PCA loading"
Clinical,Random Forest,3,High blood pressure,0.03294379299504903,0.03294379299504902,"native tree importance in PCA space, distributed by absolute PCA loading"
Clinical,Random Forest,3,Degenerative brain disease,0.029559028627298777,0.02955902862729877,"native tree importance in PCA space, distributed by absolute PCA loading"
Clinical,Random Forest,3,type of degenerative brain disease,0.02908882635989221,0.029088826359892204,"native tree importance in PCA space, distributed by absolute PCA loading"
Clinical,Random Forest,3,WBC,0.03100511581796441,0.031005115817964404,"native tree importance in PCA space, distributed by absolute PCA loading"
Clinical,Random Forest,3,RBC,0.039003470685538354,0.03900347068553835,"native tree importance in PCA space, distributed by absolute PCA loading"
Clinical,Random Forest,3,hemoglobin,0.030271899218653357,0.03027189921865335,"native tree importance in PCA space, distributed by absolute PCA loading"
Clinical,Random Forest,3,Anemia,0.032791687151894226,0.03279168715189422,"native tree importance in PCA space, distributed by absolute PCA loading"
Clinical,Random Forest,3,platelet count,0.0371293033777694,0.037129303377769395,"native tree importance in PCA space, distributed by absolute PCA loading"
Clinical,Random Forest,3,PTT,0.04013283632941793,0.04013283632941792,"native tree importance in PCA space, distributed by absolute PCA loading"
Clinical,Random Forest,3,PT,0.029074731513949674,0.029074731513949667,"native tree importance in PCA space, distributed by absolute PCA loading"
Clinical,Random Forest,3,INR,0.02564955069762088,0.025649550697620874,"native tree importance in PCA space, distributed by absolute PCA loading"
Clinical,Random Forest,3,Creatinin,0.039251624905898015,0.03925162490589801,"native tree importance in PCA space, distributed by absolute PCA loading"
Clinical,Random Forest,3,on admission GCS,0.03917218414313528,0.03917218414313527,"native tree importance in PCA space, distributed by absolute PCA loading"
Clinical,Random Forest,3,Contusion,0.04219496495929217,0.04219496495929216,"native tree importance in PCA space, distributed by absolute PCA loading"
Clinical,Random Forest,3,Intraparenchymal,0.04511559489343121,0.045115594893431206,"native tree importance in PCA space, distributed by absolute PCA loading"
Clinical,Random Forest,3,Subdural,0.04151769518696821,0.041517695186968205,"native tree importance in PCA space, distributed by absolute PCA loading"
Clinical,Random Forest,3,Subarachnoid,0.03975700408341466,0.039757004083414656,"native tree importance in PCA space, distributed by absolute PCA loading"
Clinical,Random Forest,3,Epidural,0.0335514413501435,0.03355144135014349,"native tree importance in PCA space, distributed by absolute PCA loading"
Clinical,Random Forest,3,IVH,0.04258441389532684,0.042584413895326835,"native tree importance in PCA space, distributed by absolute PCA loading"
Clinical,Random Forest,3,type_of_hemorrhage_num,0.040710443296525026,0.04071044329652502,"native tree importance in PCA space, distributed by absolute PCA loading"
Clinical,Random Forest,3,leukocytosis,0.03655515739509184,0.03655515739509183,"native tree importance in PCA space, distributed by absolute PCA loading"
Clinical,Random Forest,3,thrombocytopenia,0.03477008427626929,0.034770084276269285,"native tree importance in PCA space, distributed by absolute PCA loading"
Clinical,Random Forest,3,long PTT,0.04131753108780244,0.04131753108780243,"native tree importance in PCA space, distributed by absolute PCA loading"
Clinical,Random Forest,3,long PT,0.032074420405909417,0.03207442040590941,"native tree importance in PCA space, distributed by absolute PCA loading"
Clinical,Random Forest,3,long INR,0.027910721011625166,0.02791072101162516,"native tree importance in PCA space, distributed by absolute PCA loading"
Clinical,Random Forest,3,kidney failure,0.030561654690233253,0.030561654690233246,"native tree importance in PCA space, distributed by absolute PCA loading"
Clinical,Random Forest,4,Age,0.028904965042757164,0.028904965042757167,"native tree importance in PCA space, distributed by absolute PCA loading"
Clinical,Random Forest,4,Sex,0.03832307692892592,0.03832307692892593,"native tree importance in PCA space, distributed by absolute PCA loading"
Clinical,Random Forest,4,High blood pressure,0.04063390417587692,0.04063390417587693,"native tree importance in PCA space, distributed by absolute PCA loading"
Clinical,Random Forest,4,Degenerative brain disease,0.02949626678457596,0.029496266784575963,"native tree importance in PCA space, distributed by absolute PCA loading"
Clinical,Random Forest,4,type of degenerative brain disease,0.029496266784575956,0.02949626678457596,"native tree importance in PCA space, distributed by absolute PCA loading"
Clinical,Random Forest,4,WBC,0.04344235825453809,0.0434423582545381,"native tree importance in PCA space, distributed by absolute PCA loading"
Clinical,Random Forest,4,RBC,0.03194634594393479,0.0319463459439348,"native tree importance in PCA space, distributed by absolute PCA loading"
Clinical,Random Forest,4,hemoglobin,0.02812121736329625,0.028121217363296255,"native tree importance in PCA space, distributed by absolute PCA loading"
Clinical,Random Forest,4,Anemia,0.045116217767425706,0.04511621776742571,"native tree importance in PCA space, distributed by absolute PCA loading"
Clinical,Random Forest,4,platelet count,0.03561196943821422,0.03561196943821423,"native tree importance in PCA space, distributed by absolute PCA loading"
Clinical,Random Forest,4,PTT,0.041163105158872594,0.0411631051588726,"native tree importance in PCA space, distributed by absolute PCA loading"
Clinical,Random Forest,4,PT,0.02676809289581918,0.026768092895819183,"native tree importance in PCA space, distributed by absolute PCA loading"
Clinical,Random Forest,4,INR,0.027268204751025284,0.027268204751025288,"native tree importance in PCA space, distributed by absolute PCA loading"
Clinical,Random Forest,4,Creatinin,0.04144258048227318,0.041442580482273186,"native tree importance in PCA space, distributed by absolute PCA loading"
Clinical,Random Forest,4,on admission GCS,0.03308195508774628,0.033081955087746286,"native tree importance in PCA space, distributed by absolute PCA loading"
Clinical,Random Forest,4,Contusion,0.03951010506306447,0.039510105063064474,"native tree importance in PCA space, distributed by absolute PCA loading"
Clinical,Random Forest,4,Intraparenchymal,0.04555220302845371,0.04555220302845372,"native tree importance in PCA space, distributed by absolute PCA loading"
Clinical,Random Forest,4,Subdural,0.03408280411323287,0.034082804113232876,"native tree importance in PCA space, distributed by absolute PCA loading"
Clinical,Random Forest,4,Subarachnoid,0.03620644102988231,0.03620644102988232,"native tree importance in PCA space, distributed by absolute PCA loading"
Clinical,Random Forest,4,Epidural,0.03466208234285462,0.034662082342854623,"native tree importance in PCA space, distributed by absolute PCA loading"
Clinical,Random Forest,4,IVH,0.026334868463116293,0.026334868463116296,"native tree importance in PCA space, distributed by absolute PCA loading"
Clinical,Random Forest,4,type_of_hemorrhage_num,0.042097952081113436,0.04209795208111344,"native tree importance in PCA space, distributed by absolute PCA loading"
Clinical,Random Forest,4,leukocytosis,0.04525782241181029,0.0452578224118103,"native tree importance in PCA space, distributed by absolute PCA loading"
Clinical,Random Forest,4,thrombocytopenia,0.033655240416070535,0.03365524041607054,"native tree importance in PCA space, distributed by absolute PCA loading"
Clinical,Random Forest,4,long PTT,0.039117182560585856,0.03911718256058586,"native tree importance in PCA space, distributed by absolute PCA loading"
Clinical,Random Forest,4,long PT,0.0321801406218908,0.032180140621890806,"native tree importance in PCA space, distributed by absolute PCA loading"
Clinical,Random Forest,4,long INR,0.030716082135149005,0.03071608213514901,"native tree importance in PCA space, distributed by absolute PCA loading"
Clinical,Random Forest,4,kidney failure,0.03981054887291828,0.03981054887291829,"native tree importance in PCA space, distributed by absolute PCA loading"
Clinical,Random Forest,5,Age,0.03350447491587573,0.03350447491587573,"native tree importance in PCA space, distributed by absolute PCA loading"
Clinical,Random Forest,5,Sex,0.04002190692633477,0.04002190692633477,"native tree importance in PCA space, distributed by absolute PCA loading"
Clinical,Random Forest,5,High blood pressure,0.03816980473693058,0.03816980473693058,"native tree importance in PCA space, distributed by absolute PCA loading"
Clinical,Random Forest,5,Degenerative brain disease,0.02881981918336847,0.02881981918336847,"native tree importance in PCA space, distributed by absolute PCA loading"
Clinical,Random Forest,5,type of degenerative brain disease,0.027819198942908487,0.027819198942908487,"native tree importance in PCA space, distributed by absolute PCA loading"
Clinical,Random Forest,5,WBC,0.040851594350243825,0.040851594350243825,"native tree importance in PCA space, distributed by absolute PCA loading"
Clinical,Random Forest,5,RBC,0.02992602851015978,0.02992602851015978,"native tree importance in PCA space, distributed by absolute PCA loading"
Clinical,Random Forest,5,hemoglobin,0.03061280754594425,0.03061280754594425,"native tree importance in PCA space, distributed by absolute PCA loading"
Clinical,Random Forest,5,Anemia,0.03248534349637136,0.03248534349637136,"native tree importance in PCA space, distributed by absolute PCA loading"
Clinical,Random Forest,5,platelet count,0.03085979251717147,0.03085979251717147,"native tree importance in PCA space, distributed by absolute PCA loading"
Clinical,Random Forest,5,PTT,0.037731714047869694,0.037731714047869694,"native tree importance in PCA space, distributed by absolute PCA loading"
Clinical,Random Forest,5,PT,0.0222265389145356,0.0222265389145356,"native tree importance in PCA space, distributed by absolute PCA loading"
Clinical,Random Forest,5,INR,0.020842231278184905,0.020842231278184905,"native tree importance in PCA space, distributed by absolute PCA loading"
Clinical,Random Forest,5,Creatinin,0.04147948917741377,0.04147948917741377,"native tree importance in PCA space, distributed by absolute PCA loading"
Clinical,Random Forest,5,on admission GCS,0.03561250511224013,0.03561250511224013,"native tree importance in PCA space, distributed by absolute PCA loading"
Clinical,Random Forest,5,Contusion,0.0370532749783862,0.0370532749783862,"native tree importance in PCA space, distributed by absolute PCA loading"
Clinical,Random Forest,5,Intraparenchymal,0.04642460307523393,0.04642460307523393,"native tree importance in PCA space, distributed by absolute PCA loading"
Clinical,Random Forest,5,Subdural,0.04053084199595696,0.04053084199595696,"native tree importance in PCA space, distributed by absolute PCA loading"
Clinical,Random Forest,5,Subarachnoid,0.045251027740755886,0.045251027740755886,"native tree importance in PCA space, distributed by absolute PCA loading"
Clinical,Random Forest,5,Epidural,0.03614508392310424,0.03614508392310424,"native tree importance in PCA space, distributed by absolute PCA loading"
Clinical,Random Forest,5,IVH,0.043911752298468915,0.043911752298468915,"native tree importance in PCA space, distributed by absolute PCA loading"
Clinical,Random Forest,5,type_of_hemorrhage_num,0.045391399488869555,0.045391399488869555,"native tree importance in PCA space, distributed by absolute PCA loading"
Clinical,Random Forest,5,leukocytosis,0.04170674022933973,0.04170674022933973,"native tree importance in PCA space, distributed by absolute PCA loading"
Clinical,Random Forest,5,thrombocytopenia,0.03192321730337969,0.03192321730337969,"native tree importance in PCA space, distributed by absolute PCA loading"
Clinical,Random Forest,5,long PTT,0.03753379412564982,0.03753379412564982,"native tree importance in PCA space, distributed by absolute PCA loading"
Clinical,Random Forest,5,long PT,0.03235161947241014,0.03235161947241014,"native tree importance in PCA space, distributed by absolute PCA loading"
Clinical,Random Forest,5,long INR,0.033146563527132654,0.033146563527132654,"native tree importance in PCA space, distributed by absolute PCA loading"
Clinical,Random Forest,5,kidney failure,0.03766683218575945,0.03766683218575945,"native tree importance in PCA space, distributed by absolute PCA loading"
Clinical,Gradient Boosting,1,Age,0.029142757780837254,0.029142757780837258,"native tree importance in PCA space, distributed by absolute PCA loading"
Clinical,Gradient Boosting,1,Sex,0.03748426315360768,0.037484263153607686,"native tree importance in PCA space, distributed by absolute PCA loading"
Clinical,Gradient Boosting,1,High blood pressure,0.040855517876898,0.040855517876898007,"native tree importance in PCA space, distributed by absolute PCA loading"
Clinical,Gradient Boosting,1,Degenerative brain disease,0.017965525581276353,0.017965525581276356,"native tree importance in PCA space, distributed by absolute PCA loading"
Clinical,Gradient Boosting,1,type of degenerative brain disease,0.017965525581276336,0.01796552558127634,"native tree importance in PCA space, distributed by absolute PCA loading"
Clinical,Gradient Boosting,1,WBC,0.0324559214523494,0.03245592145234941,"native tree importance in PCA space, distributed by absolute PCA loading"
Clinical,Gradient Boosting,1,RBC,0.03316853908565589,0.033168539085655896,"native tree importance in PCA space, distributed by absolute PCA loading"
Clinical,Gradient Boosting,1,hemoglobin,0.028187583201989504,0.028187583201989507,"native tree importance in PCA space, distributed by absolute PCA loading"
Clinical,Gradient Boosting,1,Anemia,0.0368874504558547,0.03688745045585471,"native tree importance in PCA space, distributed by absolute PCA loading"
Clinical,Gradient Boosting,1,platelet count,0.02982270539559707,0.029822705395597074,"native tree importance in PCA space, distributed by absolute PCA loading"
Clinical,Gradient Boosting,1,PTT,0.025161507050645255,0.02516150705064526,"native tree importance in PCA space, distributed by absolute PCA loading"
Clinical,Gradient Boosting,1,PT,0.03114069889440351,0.031140698894403514,"native tree importance in PCA space, distributed by absolute PCA loading"
Clinical,Gradient Boosting,1,INR,0.02741914218861983,0.027419142188619832,"native tree importance in PCA space, distributed by absolute PCA loading"
Clinical,Gradient Boosting,1,Creatinin,0.032979613832692115,0.03297961383269212,"native tree importance in PCA space, distributed by absolute PCA loading"
Clinical,Gradient Boosting,1,on admission GCS,0.046678545363393144,0.04667854536339315,"native tree importance in PCA space, distributed by absolute PCA loading"
Clinical,Gradient Boosting,1,Contusion,0.0385704467187124,0.03857044671871241,"native tree importance in PCA space, distributed by absolute PCA loading"
Clinical,Gradient Boosting,1,Intraparenchymal,0.06074131528197669,0.060741315281976696,"native tree importance in PCA space, distributed by absolute PCA loading"
Clinical,Gradient Boosting,1,Subdural,0.04245786713605503,0.04245786713605504,"native tree importance in PCA space, distributed by absolute PCA loading"
Clinical,Gradient Boosting,1,Subarachnoid,0.04234975885973828,0.04234975885973829,"native tree importance in PCA space, distributed by absolute PCA loading"
Clinical,Gradient Boosting,1,Epidural,0.04369160523390205,0.04369160523390206,"native tree importance in PCA space, distributed by absolute PCA loading"
Clinical,Gradient Boosting,1,IVH,0.0514893931610545,0.051489393161054504,"native tree importance in PCA space, distributed by absolute PCA loading"
Clinical,Gradient Boosting,1,type_of_hemorrhage_num,0.032848841216466834,0.03284884121646684,"native tree importance in PCA space, distributed by absolute PCA loading"
Clinical,Gradient Boosting,1,leukocytosis,0.04541269759722453,0.045412697597224536,"native tree importance in PCA space, distributed by absolute PCA loading"
Clinical,Gradient Boosting,1,thrombocytopenia,0.0326377274975334,0.03263772749753341,"native tree importance in PCA space, distributed by absolute PCA loading"
Clinical,Gradient Boosting,1,long PTT,0.03065032584015108,0.030650325840151083,"native tree importance in PCA space, distributed by absolute PCA loading"
Clinical,Gradient Boosting,1,long PT,0.04163645802879607,0.04163645802879608,"native tree importance in PCA space, distributed by absolute PCA loading"
Clinical,Gradient Boosting,1,long INR,0.02514112154569173,0.025141121545691734,"native tree importance in PCA space, distributed by absolute PCA loading"
Clinical,Gradient Boosting,1,kidney failure,0.0450571449876013,0.04505714498760131,"native tree importance in PCA space, distributed by absolute PCA loading"
Clinical,Gradient Boosting,2,Age,0.02804155252122262,0.028041552521222615,"native tree importance in PCA space, distributed by absolute PCA loading"
Clinical,Gradient Boosting,2,Sex,0.04160202685724317,0.041602026857243166,"native tree importance in PCA space, distributed by absolute PCA loading"
Clinical,Gradient Boosting,2,High blood pressure,0.03204030067359139,0.032040300673591385,"native tree importance in PCA space, distributed by absolute PCA loading"
Clinical,Gradient Boosting,2,Degenerative brain disease,0.027334913093420565,0.02733491309342056,"native tree importance in PCA space, distributed by absolute PCA loading"
Clinical,Gradient Boosting,2,type of degenerative brain disease,0.026361852324119167,0.02636185232411916,"native tree importance in PCA space, distributed by absolute PCA loading"
Clinical,Gradient Boosting,2,WBC,0.027843552097801774,0.027843552097801767,"native tree importance in PCA space, distributed by absolute PCA loading"
Clinical,Gradient Boosting,2,RBC,0.026358903255263813,0.026358903255263806,"native tree importance in PCA space, distributed by absolute PCA loading"
Clinical,Gradient Boosting,2,hemoglobin,0.03387248896137945,0.03387248896137944,"native tree importance in PCA space, distributed by absolute PCA loading"
Clinical,Gradient Boosting,2,Anemia,0.03480714723328291,0.034807147233282903,"native tree importance in PCA space, distributed by absolute PCA loading"
Clinical,Gradient Boosting,2,platelet count,0.029656779656253886,0.02965677965625388,"native tree importance in PCA space, distributed by absolute PCA loading"
Clinical,Gradient Boosting,2,PTT,0.025814592481381394,0.025814592481381387,"native tree importance in PCA space, distributed by absolute PCA loading"
Clinical,Gradient Boosting,2,PT,0.01707751351956796,0.017077513519567957,"native tree importance in PCA space, distributed by absolute PCA loading"
Clinical,Gradient Boosting,2,INR,0.024101026434870405,0.024101026434870398,"native tree importance in PCA space, distributed by absolute PCA loading"
Clinical,Gradient Boosting,2,Creatinin,0.04173303239610742,0.041733032396107414,"native tree importance in PCA space, distributed by absolute PCA loading"
Clinical,Gradient Boosting,2,on admission GCS,0.04984825453264803,0.04984825453264802,"native tree importance in PCA space, distributed by absolute PCA loading"
Clinical,Gradient Boosting,2,Contusion,0.04289765248627486,0.042897652486274855,"native tree importance in PCA space, distributed by absolute PCA loading"
Clinical,Gradient Boosting,2,Intraparenchymal,0.06547915792272475,0.06547915792272474,"native tree importance in PCA space, distributed by absolute PCA loading"
Clinical,Gradient Boosting,2,Subdural,0.030062080287054867,0.03006208028705486,"native tree importance in PCA space, distributed by absolute PCA loading"
Clinical,Gradient Boosting,2,Subarachnoid,0.045884766454698175,0.04588476645469817,"native tree importance in PCA space, distributed by absolute PCA loading"
Clinical,Gradient Boosting,2,Epidural,0.049053076717331,0.04905307671733099,"native tree importance in PCA space, distributed by absolute PCA loading"
Clinical,Gradient Boosting,2,IVH,0.05800513208495851,0.0580051320849585,"native tree importance in PCA space, distributed by absolute PCA loading"
Clinical,Gradient Boosting,2,type_of_hemorrhage_num,0.04111011148807739,0.04111011148807738,"native tree importance in PCA space, distributed by absolute PCA loading"
Clinical,Gradient Boosting,2,leukocytosis,0.03367288062671355,0.033672880626713544,"native tree importance in PCA space, distributed by absolute PCA loading"
Clinical,Gradient Boosting,2,thrombocytopenia,0.042290291543857,0.042290291543856995,"native tree importance in PCA space, distributed by absolute PCA loading"
Clinical,Gradient Boosting,2,long PTT,0.038750341019261204,0.0387503410192612,"native tree importance in PCA space, distributed by absolute PCA loading"
Clinical,Gradient Boosting,2,long PT,0.031961609409118574,0.03196160940911857,"native tree importance in PCA space, distributed by absolute PCA loading"
Clinical,Gradient Boosting,2,long INR,0.02211371548713855,0.022113715487138547,"native tree importance in PCA space, distributed by absolute PCA loading"
Clinical,Gradient Boosting,2,kidney failure,0.03222524843463778,0.032225248434637775,"native tree importance in PCA space, distributed by absolute PCA loading"
Clinical,Gradient Boosting,3,Age,0.03185029103101107,0.03185029103101107,"native tree importance in PCA space, distributed by absolute PCA loading"
Clinical,Gradient Boosting,3,Sex,0.04282662317009239,0.04282662317009239,"native tree importance in PCA space, distributed by absolute PCA loading"
Clinical,Gradient Boosting,3,High blood pressure,0.028671113950162083,0.028671113950162083,"native tree importance in PCA space, distributed by absolute PCA loading"
Clinical,Gradient Boosting,3,Degenerative brain disease,0.029104557122788914,0.029104557122788914,"native tree importance in PCA space, distributed by absolute PCA loading"
Clinical,Gradient Boosting,3,type of degenerative brain disease,0.028119989171485976,0.028119989171485976,"native tree importance in PCA space, distributed by absolute PCA loading"
Clinical,Gradient Boosting,3,WBC,0.029436802470020413,0.029436802470020413,"native tree importance in PCA space, distributed by absolute PCA loading"
Clinical,Gradient Boosting,3,RBC,0.03288628737087982,0.03288628737087982,"native tree importance in PCA space, distributed by absolute PCA loading"
Clinical,Gradient Boosting,3,hemoglobin,0.029567818661147396,0.029567818661147396,"native tree importance in PCA space, distributed by absolute PCA loading"
Clinical,Gradient Boosting,3,Anemia,0.025423252954975734,0.025423252954975734,"native tree importance in PCA space, distributed by absolute PCA loading"
Clinical,Gradient Boosting,3,platelet count,0.039580061174292185,0.039580061174292185,"native tree importance in PCA space, distributed by absolute PCA loading"
Clinical,Gradient Boosting,3,PTT,0.03541858478859438,0.03541858478859438,"native tree importance in PCA space, distributed by absolute PCA loading"
Clinical,Gradient Boosting,3,PT,0.03257874078542083,0.03257874078542083,"native tree importance in PCA space, distributed by absolute PCA loading"
Clinical,Gradient Boosting,3,INR,0.023706542508575876,0.023706542508575876,"native tree importance in PCA space, distributed by absolute PCA loading"
Clinical,Gradient Boosting,3,Creatinin,0.04018502431959047,0.04018502431959047,"native tree importance in PCA space, distributed by absolute PCA loading"
Clinical,Gradient Boosting,3,on admission GCS,0.041354342077411635,0.041354342077411635,"native tree importance in PCA space, distributed by absolute PCA loading"
Clinical,Gradient Boosting,3,Contusion,0.048653699887122544,0.048653699887122544,"native tree importance in PCA space, distributed by absolute PCA loading"
Clinical,Gradient Boosting,3,Intraparenchymal,0.04713506329473934,0.04713506329473934,"native tree importance in PCA space, distributed by absolute PCA loading"
Clinical,Gradient Boosting,3,Subdural,0.044293584202879696,0.044293584202879696,"native tree importance in PCA space, distributed by absolute PCA loading"
Clinical,Gradient Boosting,3,Subarachnoid,0.035016441987850165,0.035016441987850165,"native tree importance in PCA space, distributed by absolute PCA loading"
Clinical,Gradient Boosting,3,Epidural,0.03823216018493537,0.03823216018493537,"native tree importance in PCA space, distributed by absolute PCA loading"
Clinical,Gradient Boosting,3,IVH,0.049442443694938686,0.049442443694938686,"native tree importance in PCA space, distributed by absolute PCA loading"
Clinical,Gradient Boosting,3,type_of_hemorrhage_num,0.04186321339223717,0.04186321339223717,"native tree importance in PCA space, distributed by absolute PCA loading"
Clinical,Gradient Boosting,3,leukocytosis,0.036678805236110286,0.036678805236110286,"native tree importance in PCA space, distributed by absolute PCA loading"
Clinical,Gradient Boosting,3,thrombocytopenia,0.03726091008665979,0.03726091008665979,"native tree importance in PCA space, distributed by absolute PCA loading"
Clinical,Gradient Boosting,3,long PTT,0.0391661200116354,0.0391661200116354,"native tree importance in PCA space, distributed by absolute PCA loading"
Clinical,Gradient Boosting,3,long PT,0.03446521108942731,0.03446521108942731,"native tree importance in PCA space, distributed by absolute PCA loading"
Clinical,Gradient Boosting,3,long INR,0.029019771586645843,0.029019771586645843,"native tree importance in PCA space, distributed by absolute PCA loading"
Clinical,Gradient Boosting,3,kidney failure,0.02806254378836914,0.02806254378836914,"native tree importance in PCA space, distributed by absolute PCA loading"
Clinical,Gradient Boosting,4,Age,0.028929177648618572,0.028929177648618572,"native tree importance in PCA space, distributed by absolute PCA loading"
Clinical,Gradient Boosting,4,Sex,0.036111584348384365,0.036111584348384365,"native tree importance in PCA space, distributed by absolute PCA loading"
Clinical,Gradient Boosting,4,High blood pressure,0.03999639564370392,0.03999639564370392,"native tree importance in PCA space, distributed by absolute PCA loading"
Clinical,Gradient Boosting,4,Degenerative brain disease,0.02921306564163318,0.02921306564163318,"native tree importance in PCA space, distributed by absolute PCA loading"
Clinical,Gradient Boosting,4,type of degenerative brain disease,0.02921306564163318,0.02921306564163318,"native tree importance in PCA space, distributed by absolute PCA loading"
Clinical,Gradient Boosting,4,WBC,0.04480149916711329,0.04480149916711329,"native tree importance in PCA space, distributed by absolute PCA loading"
Clinical,Gradient Boosting,4,RBC,0.032998866476943466,0.032998866476943466,"native tree importance in PCA space, distributed by absolute PCA loading"
Clinical,Gradient Boosting,4,hemoglobin,0.0263860258401469,0.0263860258401469,"native tree importance in PCA space, distributed by absolute PCA loading"
Clinical,Gradient Boosting,4,Anemia,0.04938160034337061,0.04938160034337061,"native tree importance in PCA space, distributed by absolute PCA loading"
Clinical,Gradient Boosting,4,platelet count,0.03230270792141797,0.03230270792141797,"native tree importance in PCA space, distributed by absolute PCA loading"
Clinical,Gradient Boosting,4,PTT,0.04329882030284397,0.04329882030284397,"native tree importance in PCA space, distributed by absolute PCA loading"
Clinical,Gradient Boosting,4,PT,0.026337511661343998,0.026337511661343998,"native tree importance in PCA space, distributed by absolute PCA loading"
Clinical,Gradient Boosting,4,INR,0.027711365472408676,0.027711365472408676,"native tree importance in PCA space, distributed by absolute PCA loading"
Clinical,Gradient Boosting,4,Creatinin,0.03957574302675575,0.03957574302675575,"native tree importance in PCA space, distributed by absolute PCA loading"
Clinical,Gradient Boosting,4,on admission GCS,0.039950447600061285,0.039950447600061285,"native tree importance in PCA space, distributed by absolute PCA loading"
Clinical,Gradient Boosting,4,Contusion,0.037845957088804144,0.037845957088804144,"native tree importance in PCA space, distributed by absolute PCA loading"
Clinical,Gradient Boosting,4,Intraparenchymal,0.05407078692571855,0.05407078692571855,"native tree importance in PCA space, distributed by absolute PCA loading"
Clinical,Gradient Boosting,4,Subdural,0.02918559029352541,0.02918559029352541,"native tree importance in PCA space, distributed by absolute PCA loading"
Clinical,Gradient Boosting,4,Subarachnoid,0.029783099773030158,0.029783099773030158,"native tree importance in PCA space, distributed by absolute PCA loading"
Clinical,Gradient Boosting,4,Epidural,0.03349753167817461,0.03349753167817461,"native tree importance in PCA space, distributed by absolute PCA loading"
Clinical,Gradient Boosting,4,IVH,0.018417033091980877,0.018417033091980877,"native tree importance in PCA space, distributed by absolute PCA loading"
Clinical,Gradient Boosting,4,type_of_hemorrhage_num,0.03984873237044291,0.03984873237044291,"native tree importance in PCA space, distributed by absolute PCA loading"
Clinical,Gradient Boosting,4,leukocytosis,0.04844651195410261,0.04844651195410261,"native tree importance in PCA space, distributed by absolute PCA loading"
Clinical,Gradient Boosting,4,thrombocytopenia,0.03334610720575056,0.03334610720575056,"native tree importance in PCA space, distributed by absolute PCA loading"
Clinical,Gradient Boosting,4,long PTT,0.03863915437869074,0.03863915437869074,"native tree importance in PCA space, distributed by absolute PCA loading"
Clinical,Gradient Boosting,4,long PT,0.030401634691057007,0.030401634691057007,"native tree importance in PCA space, distributed by absolute PCA loading"
Clinical,Gradient Boosting,4,long INR,0.03765057964452798,0.03765057964452798,"native tree importance in PCA space, distributed by absolute PCA loading"
Clinical,Gradient Boosting,4,kidney failure,0.042659404167815274,0.042659404167815274,"native tree importance in PCA space, distributed by absolute PCA loading"
Clinical,Gradient Boosting,5,Age,0.03169228638955898,0.03169228638955899,"native tree importance in PCA space, distributed by absolute PCA loading"
Clinical,Gradient Boosting,5,Sex,0.04955479317601957,0.049554793176019574,"native tree importance in PCA space, distributed by absolute PCA loading"
Clinical,Gradient Boosting,5,High blood pressure,0.03572585211377467,0.03572585211377468,"native tree importance in PCA space, distributed by absolute PCA loading"
Clinical,Gradient Boosting,5,Degenerative brain disease,0.025953708765264254,0.025953708765264257,"native tree importance in PCA space, distributed by absolute PCA loading"
Clinical,Gradient Boosting,5,type of degenerative brain disease,0.023184293062052375,0.02318429306205238,"native tree importance in PCA space, distributed by absolute PCA loading"
Clinical,Gradient Boosting,5,WBC,0.03860509566874299,0.038605095668743,"native tree importance in PCA space, distributed by absolute PCA loading"
Clinical,Gradient Boosting,5,RBC,0.03014828587588195,0.030148285875881954,"native tree importance in PCA space, distributed by absolute PCA loading"
Clinical,Gradient Boosting,5,hemoglobin,0.0360891897918743,0.03608918979187431,"native tree importance in PCA space, distributed by absolute PCA loading"
Clinical,Gradient Boosting,5,Anemia,0.03563660744294882,0.035636607442948824,"native tree importance in PCA space, distributed by absolute PCA loading"
Clinical,Gradient Boosting,5,platelet count,0.03973986934455135,0.03973986934455136,"native tree importance in PCA space, distributed by absolute PCA loading"
Clinical,Gradient Boosting,5,PTT,0.044319422659326646,0.04431942265932665,"native tree importance in PCA space, distributed by absolute PCA loading"
Clinical,Gradient Boosting,5,PT,0.018108079403335357,0.01810807940333536,"native tree importance in PCA space, distributed by absolute PCA loading"
Clinical,Gradient Boosting,5,INR,0.016299715079964402,0.016299715079964406,"native tree importance in PCA space, distributed by absolute PCA loading"
Clinical,Gradient Boosting,5,Creatinin,0.03936220185644282,0.039362201856442826,"native tree importance in PCA space, distributed by absolute PCA loading"
Clinical,Gradient Boosting,5,on admission GCS,0.02808872188505003,0.028088721885050034,"native tree importance in PCA space, distributed by absolute PCA loading"
Clinical,Gradient Boosting,5,Contusion,0.027285465137232758,0.02728546513723276,"native tree importance in PCA space, distributed by absolute PCA loading"
Clinical,Gradient Boosting,5,Intraparenchymal,0.053975834364346234,0.05397583436434624,"native tree importance in PCA space, distributed by absolute PCA loading"
Clinical,Gradient Boosting,5,Subdural,0.04060565319680931,0.04060565319680932,"native tree importance in PCA space, distributed by absolute PCA loading"
Clinical,Gradient Boosting,5,Subarachnoid,0.04312144837699248,0.043121448376992486,"native tree importance in PCA space, distributed by absolute PCA loading"
Clinical,Gradient Boosting,5,Epidural,0.03549389731591471,0.035493897315914714,"native tree importance in PCA space, distributed by absolute PCA loading"
Clinical,Gradient Boosting,5,IVH,0.04339619600621357,0.043396196006213576,"native tree importance in PCA space, distributed by absolute PCA loading"
Clinical,Gradient Boosting,5,type_of_hemorrhage_num,0.05069981703157726,0.05069981703157727,"native tree importance in PCA space, distributed by absolute PCA loading"
Clinical,Gradient Boosting,5,leukocytosis,0.04223019570594707,0.04223019570594708,"native tree importance in PCA space, distributed by absolute PCA loading"
Clinical,Gradient Boosting,5,thrombocytopenia,0.03344247266757589,0.0334424726675759,"native tree importance in PCA space, distributed by absolute PCA loading"
Clinical,Gradient Boosting,5,long PTT,0.033583959186985854,0.03358395918698586,"native tree importance in PCA space, distributed by absolute PCA loading"
Clinical,Gradient Boosting,5,long PT,0.027858378194732393,0.027858378194732396,"native tree importance in PCA space, distributed by absolute PCA loading"
Clinical,Gradient Boosting,5,long INR,0.02663533343373889,0.026635333433738893,"native tree importance in PCA space, distributed by absolute PCA loading"
Clinical,Gradient Boosting,5,kidney failure,0.04916322686714503,0.049163226867145034,"native tree importance in PCA space, distributed by absolute PCA loading"
Clinical,XGBoost,1,Age,0.030657239527412943,0.03065723929899871,"native tree importance in PCA space, distributed by absolute PCA loading"
Clinical,XGBoost,1,Sex,0.037406703180096,0.03740670290139435,"native tree importance in PCA space, distributed by absolute PCA loading"
Clinical,XGBoost,1,High blood pressure,0.0420201476652953,0.0420201473522208,"native tree importance in PCA space, distributed by absolute PCA loading"
Clinical,XGBoost,1,Degenerative brain disease,0.0239213119898623,0.02392131181163464,"native tree importance in PCA space, distributed by absolute PCA loading"
Clinical,XGBoost,1,type of degenerative brain disease,0.023921311989862273,0.02392131181163461,"native tree importance in PCA space, distributed by absolute PCA loading"
Clinical,XGBoost,1,WBC,0.031186730644612654,0.031186730412253404,"native tree importance in PCA space, distributed by absolute PCA loading"
Clinical,XGBoost,1,RBC,0.03233013931361202,0.032330139072733716,"native tree importance in PCA space, distributed by absolute PCA loading"
Clinical,XGBoost,1,hemoglobin,0.030515128449136095,0.030515128221780673,"native tree importance in PCA space, distributed by absolute PCA loading"
Clinical,XGBoost,1,Anemia,0.033054913196704366,0.03305491295042607,"native tree importance in PCA space, distributed by absolute PCA loading"
Clinical,XGBoost,1,platelet count,0.037620040065121076,0.03762003978482994,"native tree importance in PCA space, distributed by absolute PCA loading"
Clinical,XGBoost,1,PTT,0.028703545161097622,0.028703544947239548,"native tree importance in PCA space, distributed by absolute PCA loading"
Clinical,XGBoost,1,PT,0.02492293294737807,0.02492293276168775,"native tree importance in PCA space, distributed by absolute PCA loading"
Clinical,XGBoost,1,INR,0.02762182089665639,0.02762182069085779,"native tree importance in PCA space, distributed by absolute PCA loading"
Clinical,XGBoost,1,Creatinin,0.039819862752572495,0.0398198624558914,"native tree importance in PCA space, distributed by absolute PCA loading"
Clinical,XGBoost,1,on admission GCS,0.038310213219567145,0.038310212934133815,"native tree importance in PCA space, distributed by absolute PCA loading"
Clinical,XGBoost,1,Contusion,0.04007065844076714,0.04007065814221747,"native tree importance in PCA space, distributed by absolute PCA loading"
Clinical,XGBoost,1,Intraparenchymal,0.05158129436080449,0.0515812939764939,"native tree importance in PCA space, distributed by absolute PCA loading"
Clinical,XGBoost,1,Subdural,0.04152735918538589,0.04152735887598295,"native tree importance in PCA space, distributed by absolute PCA loading"
Clinical,XGBoost,1,Subarachnoid,0.03985760664749636,0.03985760635053405,"native tree importance in PCA space, distributed by absolute PCA loading"
Clinical,XGBoost,1,Epidural,0.040239672648057986,0.040239672348249066,"native tree importance in PCA space, distributed by absolute PCA loading"
Clinical,XGBoost,1,IVH,0.04563204986000653,0.04563204952002127,"native tree importance in PCA space, distributed by absolute PCA loading"
Clinical,XGBoost,1,type_of_hemorrhage_num,0.03878244335239902,0.0387824430634473,"native tree importance in PCA space, distributed by absolute PCA loading"
Clinical,XGBoost,1,leukocytosis,0.043272390476405694,0.043272390154001264,"native tree importance in PCA space, distributed by absolute PCA loading"
Clinical,XGBoost,1,thrombocytopenia,0.03963127908670343,0.03963127879142739,"native tree importance in PCA space, distributed by absolute PCA loading"
Clinical,XGBoost,1,long PTT,0.032808260847115175,0.03280826060267458,"native tree importance in PCA space, distributed by absolute PCA loading"
Clinical,XGBoost,1,long PT,0.037313471366311,0.037313471088303976,"native tree importance in PCA space, distributed by absolute PCA loading"
Clinical,XGBoost,1,long INR,0.026768039620217114,0.02676803942077968,"native tree importance in PCA space, distributed by absolute PCA loading"
Clinical,XGBoost,1,kidney failure,0.04050344055992399,0.04050344025814984,"native tree importance in PCA space, distributed by absolute PCA loading"
Clinical,XGBoost,2,Age,0.032540796082132825,0.03254079426377424,"native tree importance in PCA space, distributed by absolute PCA loading"
Clinical,XGBoost,2,Sex,0.041380627658401434,0.041380625346078795,"native tree importance in PCA space, distributed by absolute PCA loading"
Clinical,XGBoost,2,High blood pressure,0.03800007726302106,0.03800007513960139,"native tree importance in PCA space, distributed by absolute PCA loading"
Clinical,XGBoost,2,Degenerative brain disease,0.02833095839681263,0.028330956813697048,"native tree importance in PCA space, distributed by absolute PCA loading"
Clinical,XGBoost,2,type of degenerative brain disease,0.027793714786295394,0.027793713233200634,"native tree importance in PCA space, distributed by absolute PCA loading"
Clinical,XGBoost,2,WBC,0.0319705532978638,0.031970551511370016,"native tree importance in PCA space, distributed by absolute PCA loading"
Clinical,XGBoost,2,RBC,0.031332634709559305,0.031332632958712,"native tree importance in PCA space, distributed by absolute PCA loading"
Clinical,XGBoost,2,hemoglobin,0.02653364082246888,0.026533639339786235,"native tree importance in PCA space, distributed by absolute PCA loading"
Clinical,XGBoost,2,Anemia,0.036152940405552114,0.03615293838534925,"native tree importance in PCA space, distributed by absolute PCA loading"
Clinical,XGBoost,2,platelet count,0.035361549613602966,0.035361547637622504,"native tree importance in PCA space, distributed by absolute PCA loading"
Clinical,XGBoost,2,PTT,0.031184825367767895,0.031184823625180075,"native tree importance in PCA space, distributed by absolute PCA loading"
Clinical,XGBoost,2,PT,0.026890715943058377,0.026890714440422608,"native tree importance in PCA space, distributed by absolute PCA loading"
Clinical,XGBoost,2,INR,0.028132634278398377,0.028132632706365016,"native tree importance in PCA space, distributed by absolute PCA loading"
Clinical,XGBoost,2,Creatinin,0.03919530069416178,0.03919529850395379,"native tree importance in PCA space, distributed by absolute PCA loading"
Clinical,XGBoost,2,on admission GCS,0.043233005194243744,0.043233002778411446,"native tree importance in PCA space, distributed by absolute PCA loading"
Clinical,XGBoost,2,Contusion,0.03850532375802612,0.0385053216063736,"native tree importance in PCA space, distributed by absolute PCA loading"
Clinical,XGBoost,2,Intraparenchymal,0.04403107650707191,0.0440310740466439,"native tree importance in PCA space, distributed by absolute PCA loading"
Clinical,XGBoost,2,Subdural,0.03349398906346451,0.03349398719184212,"native tree importance in PCA space, distributed by absolute PCA loading"
Clinical,XGBoost,2,Subarachnoid,0.04395239072800031,0.04395238827196921,"native tree importance in PCA space, distributed by absolute PCA loading"
Clinical,XGBoost,2,Epidural,0.04258640896295976,0.042586406583258844,"native tree importance in PCA space, distributed by absolute PCA loading"
Clinical,XGBoost,2,IVH,0.046773963671802574,0.046773961058103816,"native tree importance in PCA space, distributed by absolute PCA loading"
Clinical,XGBoost,2,type_of_hemorrhage_num,0.04159607435761143,0.04159607203324977,"native tree importance in PCA space, distributed by absolute PCA loading"
Clinical,XGBoost,2,leukocytosis,0.03835649877184601,0.03835649662850973,"native tree importance in PCA space, distributed by absolute PCA loading"
Clinical,XGBoost,2,thrombocytopenia,0.04150619538338105,0.04150619306404177,"native tree importance in PCA space, distributed by absolute PCA loading"
Clinical,XGBoost,2,long PTT,0.03751552970362092,0.037515527607277444,"native tree importance in PCA space, distributed by absolute PCA loading"
Clinical,XGBoost,2,long PT,0.03316814154940595,0.03316813969599171,"native tree importance in PCA space, distributed by absolute PCA loading"
Clinical,XGBoost,2,long INR,0.02816334813920613,0.0281633465654565,"native tree importance in PCA space, distributed by absolute PCA loading"
Clinical,XGBoost,2,kidney failure,0.03231714076961725,0.03231713896375638,"native tree importance in PCA space, distributed by absolute PCA loading"
Clinical,XGBoost,3,Age,0.03431511553799592,0.03431511445140893,"native tree importance in PCA space, distributed by absolute PCA loading"
Clinical,XGBoost,3,Sex,0.03888900538856232,0.03888900415714326,"native tree importance in PCA space, distributed by absolute PCA loading"
Clinical,XGBoost,3,High blood pressure,0.029676117816855148,0.02967611687716187,"native tree importance in PCA space, distributed by absolute PCA loading"
Clinical,XGBoost,3,Degenerative brain disease,0.029842114434951654,0.029842113490002098,"native tree importance in PCA space, distributed by absolute PCA loading"
Clinical,XGBoost,3,type of degenerative brain disease,0.028904160785212137,0.028904159869962854,"native tree importance in PCA space, distributed by absolute PCA loading"
Clinical,XGBoost,3,WBC,0.03334228404215971,0.033342282986377404,"native tree importance in PCA space, distributed by absolute PCA loading"
Clinical,XGBoost,3,RBC,0.03961769388775625,0.0396176926332633,"native tree importance in PCA space, distributed by absolute PCA loading"
Clinical,XGBoost,3,hemoglobin,0.03135167807161467,0.03135167707886484,"native tree importance in PCA space, distributed by absolute PCA loading"
Clinical,XGBoost,3,Anemia,0.03502490203792743,0.03502490092886508,"native tree importance in PCA space, distributed by absolute PCA loading"
Clinical,XGBoost,3,platelet count,0.03576369635191821,0.03576369521946196,"native tree importance in PCA space, distributed by absolute PCA loading"
Clinical,XGBoost,3,PTT,0.04080107902199632,0.04080107773003152,"native tree importance in PCA space, distributed by absolute PCA loading"
Clinical,XGBoost,3,PT,0.03086482393932155,0.030864822961987934,"native tree importance in PCA space, distributed by absolute PCA loading"
Clinical,XGBoost,3,INR,0.02793244618304242,0.02793244529856245,"native tree importance in PCA space, distributed by absolute PCA loading"
Clinical,XGBoost,3,Creatinin,0.03680635031290292,0.03680634914743107,"native tree importance in PCA space, distributed by absolute PCA loading"
Clinical,XGBoost,3,on admission GCS,0.03923747625372687,0.039237475011273504,"native tree importance in PCA space, distributed by absolute PCA loading"
Clinical,XGBoost,3,Contusion,0.039856963640149186,0.039856962378079765,"native tree importance in PCA space, distributed by absolute PCA loading"
Clinical,XGBoost,3,Intraparenchymal,0.04327828125129794,0.04327827988089261,"native tree importance in PCA space, distributed by absolute PCA loading"
Clinical,XGBoost,3,Subdural,0.03860722142595203,0.03860722020345565,"native tree importance in PCA space, distributed by absolute PCA loading"
Clinical,XGBoost,3,Subarachnoid,0.03970309778309107,0.03970309652589381,"native tree importance in PCA space, distributed by absolute PCA loading"
Clinical,XGBoost,3,Epidural,0.03460570420652882,0.034605703110740356,"native tree importance in PCA space, distributed by absolute PCA loading"
Clinical,XGBoost,3,IVH,0.03955061421945599,0.03955061296708712,"native tree importance in PCA space, distributed by absolute PCA loading"
Clinical,XGBoost,3,type_of_hemorrhage_num,0.03859114525696186,0.03859114403497454,"native tree importance in PCA space, distributed by absolute PCA loading"
Clinical,XGBoost,3,leukocytosis,0.03845435573183468,0.03845435451417879,"native tree importance in PCA space, distributed by absolute PCA loading"
Clinical,XGBoost,3,thrombocytopenia,0.03467327603885232,0.0346732749409242,"native tree importance in PCA space, distributed by absolute PCA loading"
Clinical,XGBoost,3,long PTT,0.0430559303379715,0.0430559289746069,"native tree importance in PCA space, distributed by absolute PCA loading"
Clinical,XGBoost,3,long PT,0.034965304055171044,0.03496530294799586,"native tree importance in PCA space, distributed by absolute PCA loading"
Clinical,XGBoost,3,long INR,0.030315370559781753,0.03031536959984656,"native tree importance in PCA space, distributed by absolute PCA loading"
Clinical,XGBoost,3,kidney failure,0.03197382309197584,0.0319738220795258,"native tree importance in PCA space, distributed by absolute PCA loading"
Clinical,XGBoost,4,Age,0.028771785745626822,0.028771788478800065,"native tree importance in PCA space, distributed by absolute PCA loading"
Clinical,XGBoost,4,Sex,0.039727013955496354,0.039727017729360534,"native tree importance in PCA space, distributed by absolute PCA loading"
Clinical,XGBoost,4,High blood pressure,0.04259326338917895,0.04259326743532224,"native tree importance in PCA space, distributed by absolute PCA loading"
Clinical,XGBoost,4,Degenerative brain disease,0.03023240750523673,0.03023241037716161,"native tree importance in PCA space, distributed by absolute PCA loading"
Clinical,XGBoost,4,type of degenerative brain disease,0.03023240750523673,0.03023241037716161,"native tree importance in PCA space, distributed by absolute PCA loading"
Clinical,XGBoost,4,WBC,0.04356660759510262,0.04356661173370866,"native tree importance in PCA space, distributed by absolute PCA loading"
Clinical,XGBoost,4,RBC,0.031025968701751797,0.03102597164906095,"native tree importance in PCA space, distributed by absolute PCA loading"
Clinical,XGBoost,4,hemoglobin,0.026614680069440753,0.026614682597699935,"native tree importance in PCA space, distributed by absolute PCA loading"
Clinical,XGBoost,4,Anemia,0.04125198507455566,0.04125198899328433,"native tree importance in PCA space, distributed by absolute PCA loading"
Clinical,XGBoost,4,platelet count,0.03730063614881596,0.03730063969218659,"native tree importance in PCA space, distributed by absolute PCA loading"
Clinical,XGBoost,4,PTT,0.03791767357544696,0.03791767717743301,"native tree importance in PCA space, distributed by absolute PCA loading"
Clinical,XGBoost,4,PT,0.026990596849217775,0.026990599413187138,"native tree importance in PCA space, distributed by absolute PCA loading"
Clinical,XGBoost,4,INR,0.027682724656729635,0.027682727286447616,"native tree importance in PCA space, distributed by absolute PCA loading"
Clinical,XGBoost,4,Creatinin,0.03921217927852657,0.03921218300348407,"native tree importance in PCA space, distributed by absolute PCA loading"
Clinical,XGBoost,4,on admission GCS,0.04006437804789496,0.04006438185380701,"native tree importance in PCA space, distributed by absolute PCA loading"
Clinical,XGBoost,4,Contusion,0.03786323059919345,0.03786323419600769,"native tree importance in PCA space, distributed by absolute PCA loading"
Clinical,XGBoost,4,Intraparenchymal,0.04288426462789621,0.04288426870168314,"native tree importance in PCA space, distributed by absolute PCA loading"
Clinical,XGBoost,4,Subdural,0.030982259877441364,0.030982262820598405,"native tree importance in PCA space, distributed by absolute PCA loading"
Clinical,XGBoost,4,Subarachnoid,0.038459921405425646,0.038459925058922484,"native tree importance in PCA space, distributed by absolute PCA loading"
Clinical,XGBoost,4,Epidural,0.036551447140967426,0.03655145061316892,"native tree importance in PCA space, distributed by absolute PCA loading"
Clinical,XGBoost,4,IVH,0.028841646643212336,0.02884164938302201,"native tree importance in PCA space, distributed by absolute PCA loading"
Clinical,XGBoost,4,type_of_hemorrhage_num,0.042805088542222015,0.04280509260848762,"native tree importance in PCA space, distributed by absolute PCA loading"
Clinical,XGBoost,4,leukocytosis,0.045348631560317314,0.04534863586820656,"native tree importance in PCA space, distributed by absolute PCA loading"
Clinical,XGBoost,4,thrombocytopenia,0.0350637086772618,0.03506371200813571,"native tree importance in PCA space, distributed by absolute PCA loading"
Clinical,XGBoost,4,long PTT,0.0376338996137823,0.03763390318881127,"native tree importance in PCA space, distributed by absolute PCA loading"
Clinical,XGBoost,4,long PT,0.03408891306269015,0.03408891630096343,"native tree importance in PCA space, distributed by absolute PCA loading"
Clinical,XGBoost,4,long INR,0.030181085112649296,0.03018108797969881,"native tree importance in PCA space, distributed by absolute PCA loading"
Clinical,XGBoost,4,kidney failure,0.036111500043779804,0.03611150347418856,"native tree importance in PCA space, distributed by absolute PCA loading"
Clinical,XGBoost,5,Age,0.03522589117205057,0.0352258910408239,"native tree importance in PCA space, distributed by absolute PCA loading"
Clinical,XGBoost,5,Sex,0.03913711605513232,0.039137115909335204,"native tree importance in PCA space, distributed by absolute PCA loading"
Clinical,XGBoost,5,High blood pressure,0.039966694923950885,0.039966694775063344,"native tree importance in PCA space, distributed by absolute PCA loading"
Clinical,XGBoost,5,Degenerative brain disease,0.02728405449733544,0.027284054395694417,"native tree importance in PCA space, distributed by absolute PCA loading"
Clinical,XGBoost,5,type of degenerative brain disease,0.025993388939478855,0.025993388842645935,"native tree importance in PCA space, distributed by absolute PCA loading"
Clinical,XGBoost,5,WBC,0.04203476633702766,0.04203476618043595,"native tree importance in PCA space, distributed by absolute PCA loading"
Clinical,XGBoost,5,RBC,0.029512075757356968,0.029512075647415918,"native tree importance in PCA space, distributed by absolute PCA loading"
Clinical,XGBoost,5,hemoglobin,0.029071126612411895,0.02907112650411351,"native tree importance in PCA space, distributed by absolute PCA loading"
Clinical,XGBoost,5,Anemia,0.033209513125575886,0.033209513001860806,"native tree importance in PCA space, distributed by absolute PCA loading"
Clinical,XGBoost,5,platelet count,0.02995276800382595,0.029952767892243194,"native tree importance in PCA space, distributed by absolute PCA loading"
Clinical,XGBoost,5,PTT,0.039255609834720886,0.039255609688482344,"native tree importance in PCA space, distributed by absolute PCA loading"
Clinical,XGBoost,5,PT,0.02335558297960995,0.023355582892603623,"native tree importance in PCA space, distributed by absolute PCA loading"
Clinical,XGBoost,5,INR,0.0215198963334955,0.021519896253327637,"native tree importance in PCA space, distributed by absolute PCA loading"
Clinical,XGBoost,5,Creatinin,0.03937314882909605,0.039373148682419645,"native tree importance in PCA space, distributed by absolute PCA loading"
Clinical,XGBoost,5,on admission GCS,0.038327573426514966,0.03832757328373363,"native tree importance in PCA space, distributed by absolute PCA loading"
Clinical,XGBoost,5,Contusion,0.036217394138124956,0.03621739400320465,"native tree importance in PCA space, distributed by absolute PCA loading"
Clinical,XGBoost,5,Intraparenchymal,0.04320018262030893,0.043200182459375715,"native tree importance in PCA space, distributed by absolute PCA loading"
Clinical,XGBoost,5,Subdural,0.04065928760897631,0.04065928745750866,"native tree importance in PCA space, distributed by absolute PCA loading"
Clinical,XGBoost,5,Subarachnoid,0.04558197234350635,0.04558197217370027,"native tree importance in PCA space, distributed by absolute PCA loading"
Clinical,XGBoost,5,Epidural,0.03491261834830063,0.034912618218240994,"native tree importance in PCA space, distributed by absolute PCA loading"
Clinical,XGBoost,5,IVH,0.041264452462333755,0.04126445230861169,"native tree importance in PCA space, distributed by absolute PCA loading"
Clinical,XGBoost,5,type_of_hemorrhage_num,0.044307755764685604,0.04430775559962635,"native tree importance in PCA space, distributed by absolute PCA loading"
Clinical,XGBoost,5,leukocytosis,0.043765140849305266,0.04376514068626741,"native tree importance in PCA space, distributed by absolute PCA loading"
Clinical,XGBoost,5,thrombocytopenia,0.032003728545442096,0.032003728426218916,"native tree importance in PCA space, distributed by absolute PCA loading"
Clinical,XGBoost,5,long PTT,0.038419575130327295,0.03841957498720323,"native tree importance in PCA space, distributed by absolute PCA loading"
Clinical,XGBoost,5,long PT,0.034911334848681294,0.03491133471862644,"native tree importance in PCA space, distributed by absolute PCA loading"
Clinical,XGBoost,5,long INR,0.03273501368352779,0.03273501356158036,"native tree importance in PCA space, distributed by absolute PCA loading"
Clinical,XGBoost,5,kidney failure,0.03880234055418623,0.038802340409636246,"native tree importance in PCA space, distributed by absolute PCA loading"
Clinical,MLP,1,Age,0.01182252421472272,0.02877756132155404,"mean absolute MLP SHAP in validation fold, back-projected via absolute PCA loadings"
Clinical,MLP,1,Sex,0.02199350370047805,0.05353504800845756,"mean absolute MLP SHAP in validation fold, back-projected via absolute PCA loadings"
Clinical,MLP,1,High blood pressure,0.01370631579063206,0.03336295498268509,"mean absolute MLP SHAP in validation fold, back-projected via absolute PCA loadings"
Clinical,MLP,1,Degenerative brain disease,0.012380620991054829,0.030136041449195343,"mean absolute MLP SHAP in validation fold, back-projected via absolute PCA loadings"
Clinical,MLP,1,type of degenerative brain disease,0.012380620991054829,0.030136041449195343,"mean absolute MLP SHAP in validation fold, back-projected via absolute PCA loadings"
Clinical,MLP,1,WBC,0.012588256530924782,0.030641453353846004,"mean absolute MLP SHAP in validation fold, back-projected via absolute PCA loadings"
Clinical,MLP,1,RBC,0.011157481299837506,0.027158760385562628,"mean absolute MLP SHAP in validation fold, back-projected via absolute PCA loadings"
Clinical,MLP,1,hemoglobin,0.01079484480267614,0.026276055994777878,"mean absolute MLP SHAP in validation fold, back-projected via absolute PCA loadings"
Clinical,MLP,1,Anemia,0.015401903391227172,0.03749023569414498,"mean absolute MLP SHAP in validation fold, back-projected via absolute PCA loadings"
Clinical,MLP,1,platelet count,0.013112343305976795,0.031917148715763136,"mean absolute MLP SHAP in validation fold, back-projected via absolute PCA loadings"
Clinical,MLP,1,PTT,0.012610823260747599,0.03069638370877768,"mean absolute MLP SHAP in validation fold, back-projected via absolute PCA loadings"
Clinical,MLP,1,PT,0.01206658718113354,0.02937164231937186,"mean absolute MLP SHAP in validation fold, back-projected via absolute PCA loadings"
Clinical,MLP,1,INR,0.012320242099830014,0.02998907137637572,"mean absolute MLP SHAP in validation fold, back-projected via absolute PCA loadings"
Clinical,MLP,1,Creatinin,0.011897392434938857,0.028959800305308665,"mean absolute MLP SHAP in validation fold, back-projected via absolute PCA loadings"
Clinical,MLP,1,on admission GCS,0.021729354421251713,0.05289207431325346,"mean absolute MLP SHAP in validation fold, back-projected via absolute PCA loadings"
Clinical,MLP,1,Contusion,0.015312099908812203,0.03727164234003981,"mean absolute MLP SHAP in validation fold, back-projected via absolute PCA loadings"
Clinical,MLP,1,Intraparenchymal,0.02586082152009872,0.06294860248149296,"mean absolute MLP SHAP in validation fold, back-projected via absolute PCA loadings"
Clinical,MLP,1,Subdural,0.014558817108580051,0.035438054048534576,"mean absolute MLP SHAP in validation fold, back-projected via absolute PCA loadings"
Clinical,MLP,1,Subarachnoid,0.012772857078910795,0.03109079509281613,"mean absolute MLP SHAP in validation fold, back-projected via absolute PCA loadings"
Clinical,MLP,1,Epidural,0.01682175265483061,0.04094633343677664,"mean absolute MLP SHAP in validation fold, back-projected via absolute PCA loadings"
Clinical,MLP,1,IVH,0.017281853009399106,0.042066277530540895,"mean absolute MLP SHAP in validation fold, back-projected via absolute PCA loadings"
Clinical,MLP,1,type_of_hemorrhage_num,0.014261129707642714,0.03471344420383998,"mean absolute MLP SHAP in validation fold, back-projected via absolute PCA loadings"
Clinical,MLP,1,leukocytosis,0.016030223368642182,0.039019648224939446,"mean absolute MLP SHAP in validation fold, back-projected via absolute PCA loadings"
Clinical,MLP,1,thrombocytopenia,0.014396654260490213,0.03504332858887582,"mean absolute MLP SHAP in validation fold, back-projected via absolute PCA loadings"
Clinical,MLP,1,long PTT,0.011896827919358921,0.02895842620097836,"mean absolute MLP SHAP in validation fold, back-projected via absolute PCA loadings"
Clinical,MLP,1,long PT,0.017648961417539907,0.042959867134170035,"mean absolute MLP SHAP in validation fold, back-projected via absolute PCA loadings"
Clinical,MLP,1,long INR,0.016289204541097217,0.039650042076209514,"mean absolute MLP SHAP in validation fold, back-projected via absolute PCA loadings"
Clinical,MLP,1,kidney failure,0.011730377922004922,0.028553265262516322,"mean absolute MLP SHAP in validation fold, back-projected via absolute PCA loadings"
Clinical,MLP,2,Age,0.013051529228064653,0.030238500415782632,"mean absolute MLP SHAP in validation fold, back-projected via absolute PCA loadings"
Clinical,MLP,2,Sex,0.011162526570566845,0.025861955212073035,"mean absolute MLP SHAP in validation fold, back-projected via absolute PCA loadings"
Clinical,MLP,2,High blood pressure,0.01984243878988498,0.04597205301489796,"mean absolute MLP SHAP in validation fold, back-projected via absolute PCA loadings"
Clinical,MLP,2,Degenerative brain disease,0.010612495438623783,0.024587612847946867,"mean absolute MLP SHAP in validation fold, back-projected via absolute PCA loadings"
Clinical,MLP,2,type of degenerative brain disease,0.010362875351637353,0.024009279307698105,"mean absolute MLP SHAP in validation fold, back-projected via absolute PCA loadings"
Clinical,MLP,2,WBC,0.006886982932904984,0.01595614066682176,"mean absolute MLP SHAP in validation fold, back-projected via absolute PCA loadings"
Clinical,MLP,2,RBC,0.016842450680232626,0.039021515639859845,"mean absolute MLP SHAP in validation fold, back-projected via absolute PCA loadings"
Clinical,MLP,2,hemoglobin,0.019139927886289102,0.044344437133320085,"mean absolute MLP SHAP in validation fold, back-projected via absolute PCA loadings"
Clinical,MLP,2,Anemia,0.0196334562571204,0.04548787079429619,"mean absolute MLP SHAP in validation fold, back-projected via absolute PCA loadings"
Clinical,MLP,2,platelet count,0.010932412069252464,0.025328813285017463,"mean absolute MLP SHAP in validation fold, back-projected via absolute PCA loadings"
Clinical,MLP,2,PTT,0.01185317383252134,0.027462084756499375,"mean absolute MLP SHAP in validation fold, back-projected via absolute PCA loadings"
Clinical,MLP,2,PT,0.011971256969455259,0.027735666259699417,"mean absolute MLP SHAP in validation fold, back-projected via absolute PCA loadings"
Clinical,MLP,2,INR,0.014122623171378433,0.03272006974641644,"mean absolute MLP SHAP in validation fold, back-projected via absolute PCA loadings"
Clinical,MLP,2,Creatinin,0.02096166785219413,0.048565144435420315,"mean absolute MLP SHAP in validation fold, back-projected via absolute PCA loadings"
Clinical,MLP,2,on admission GCS,0.013212421608917372,0.03061126472870695,"mean absolute MLP SHAP in validation fold, back-projected via absolute PCA loadings"
Clinical,MLP,2,Contusion,0.018584059962628966,0.04305657176926958,"mean absolute MLP SHAP in validation fold, back-projected via absolute PCA loadings"
Clinical,MLP,2,Intraparenchymal,0.029272772163888655,0.06782076780286336,"mean absolute MLP SHAP in validation fold, back-projected via absolute PCA loadings"
Clinical,MLP,2,Subdural,0.013522955733428245,0.031330727259806006,"mean absolute MLP SHAP in validation fold, back-projected via absolute PCA loadings"
Clinical,MLP,2,Subarachnoid,0.024135666402149022,0.055918838764673746,"mean absolute MLP SHAP in validation fold, back-projected via absolute PCA loadings"
Clinical,MLP,2,Epidural,0.01899397024648282,0.04400627444948082,"mean absolute MLP SHAP in validation fold, back-projected via absolute PCA loadings"
Clinical,MLP,2,IVH,0.026981638751149117,0.06251254395850614,"mean absolute MLP SHAP in validation fold, back-projected via absolute PCA loadings"
Clinical,MLP,2,type_of_hemorrhage_num,0.00942485664797393,0.02183602600801988,"mean absolute MLP SHAP in validation fold, back-projected via absolute PCA loadings"
Clinical,MLP,2,leukocytosis,0.011142517045136385,0.025815596043543762,"mean absolute MLP SHAP in validation fold, back-projected via absolute PCA loadings"
Clinical,MLP,2,thrombocytopenia,0.014589857054118527,0.033802582891858717,"mean absolute MLP SHAP in validation fold, back-projected via absolute PCA loadings"
Clinical,MLP,2,long PTT,0.017880961397188484,0.041427594360423765,"mean absolute MLP SHAP in validation fold, back-projected via absolute PCA loadings"
Clinical,MLP,2,long PT,0.010129763262837307,0.02346919240516512,"mean absolute MLP SHAP in validation fold, back-projected via absolute PCA loadings"
Clinical,MLP,2,long INR,0.013308765066243363,0.03083447854706515,"mean absolute MLP SHAP in validation fold, back-projected via absolute PCA loadings"
Clinical,MLP,2,kidney failure,0.013063570153971948,0.030266397494867526,"mean absolute MLP SHAP in validation fold, back-projected via absolute PCA loadings"
Clinical,MLP,3,Age,0.014566036441485077,0.03329629853208788,"mean absolute MLP SHAP in validation fold, back-projected via absolute PCA loadings"
Clinical,MLP,3,Sex,0.017043997961658203,0.03896063603791241,"mean absolute MLP SHAP in validation fold, back-projected via absolute PCA loadings"
Clinical,MLP,3,High blood pressure,0.009856613160326025,0.02253109386482224,"mean absolute MLP SHAP in validation fold, back-projected via absolute PCA loadings"
Clinical,MLP,3,Degenerative brain disease,0.01155399352470747,0.026411111847887685,"mean absolute MLP SHAP in validation fold, back-projected via absolute PCA loadings"
Clinical,MLP,3,type of degenerative brain disease,0.011414819804222343,0.026092976591003642,"mean absolute MLP SHAP in validation fold, back-projected via absolute PCA loadings"
Clinical,MLP,3,WBC,0.017919382209635334,0.040961664620260387,"mean absolute MLP SHAP in validation fold, back-projected via absolute PCA loadings"
Clinical,MLP,3,RBC,0.01295219788094308,0.02960724758742865,"mean absolute MLP SHAP in validation fold, back-projected via absolute PCA loadings"
Clinical,MLP,3,hemoglobin,0.01166002519403839,0.02665348815458447,"mean absolute MLP SHAP in validation fold, back-projected via absolute PCA loadings"
Clinical,MLP,3,Anemia,0.015305155823274701,0.03498584116681786,"mean absolute MLP SHAP in validation fold, back-projected via absolute PCA loadings"
Clinical,MLP,3,platelet count,0.02103400791452233,0.04808134386191542,"mean absolute MLP SHAP in validation fold, back-projected via absolute PCA loadings"
Clinical,MLP,3,PTT,0.015459061286049406,0.03533765150690948,"mean absolute MLP SHAP in validation fold, back-projected via absolute PCA loadings"
Clinical,MLP,3,PT,0.015618559850348223,0.03570224703937756,"mean absolute MLP SHAP in validation fold, back-projected via absolute PCA loadings"
Clinical,MLP,3,INR,0.01184604520610103,0.027078708692749535,"mean absolute MLP SHAP in validation fold, back-projected via absolute PCA loadings"
Clinical,MLP,3,Creatinin,0.0206011982615999,0.047091990342914794,"mean absolute MLP SHAP in validation fold, back-projected via absolute PCA loadings"
Clinical,MLP,3,on admission GCS,0.016323252640943607,0.03731309441184794,"mean absolute MLP SHAP in validation fold, back-projected via absolute PCA loadings"
Clinical,MLP,3,Contusion,0.016810749128511018,0.038427455799628044,"mean absolute MLP SHAP in validation fold, back-projected via absolute PCA loadings"
Clinical,MLP,3,Intraparenchymal,0.01993716289263533,0.045574081200662565,"mean absolute MLP SHAP in validation fold, back-projected via absolute PCA loadings"
Clinical,MLP,3,Subdural,0.017097506071365703,0.03908294947587927,"mean absolute MLP SHAP in validation fold, back-projected via absolute PCA loadings"
Clinical,MLP,3,Subarachnoid,0.01200814645252587,0.027449253659808173,"mean absolute MLP SHAP in validation fold, back-projected via absolute PCA loadings"
Clinical,MLP,3,Epidural,0.01242377837099222,0.028399340836392846,"mean absolute MLP SHAP in validation fold, back-projected via absolute PCA loadings"
Clinical,MLP,3,IVH,0.02681894537386644,0.061305051313806244,"mean absolute MLP SHAP in validation fold, back-projected via absolute PCA loadings"
Clinical,MLP,3,type_of_hemorrhage_num,0.01339034951048928,0.03060881225591603,"mean absolute MLP SHAP in validation fold, back-projected via absolute PCA loadings"
Clinical,MLP,3,leukocytosis,0.018830043306662367,0.043043332057382304,"mean absolute MLP SHAP in validation fold, back-projected via absolute PCA loadings"
Clinical,MLP,3,thrombocytopenia,0.01895525247624491,0.043329545943096716,"mean absolute MLP SHAP in validation fold, back-projected via absolute PCA loadings"
Clinical,MLP,3,long PTT,0.0185183304523925,0.04233079201302962,"mean absolute MLP SHAP in validation fold, back-projected via absolute PCA loadings"
Clinical,MLP,3,long PT,0.013909477562443987,0.03179547979335512,"mean absolute MLP SHAP in validation fold, back-projected via absolute PCA loadings"
Clinical,MLP,3,long INR,0.013720402107298493,0.031363274860674556,"mean absolute MLP SHAP in validation fold, back-projected via absolute PCA loadings"
Clinical,MLP,3,kidney failure,0.011892647635042318,0.027185236531848594,"mean absolute MLP SHAP in validation fold, back-projected via absolute PCA loadings"
Clinical,MLP,4,Age,0.016158627490871873,0.03576224808683213,"mean absolute MLP SHAP in validation fold, back-projected via absolute PCA loadings"
Clinical,MLP,4,Sex,0.014102383926352258,0.031211373173548593,"mean absolute MLP SHAP in validation fold, back-projected via absolute PCA loadings"
Clinical,MLP,4,High blood pressure,0.01870433085761072,0.04139639463846392,"mean absolute MLP SHAP in validation fold, back-projected via absolute PCA loadings"
Clinical,MLP,4,Degenerative brain disease,0.013381280841146847,0.029615428997976506,"mean absolute MLP SHAP in validation fold, back-projected via absolute PCA loadings"
Clinical,MLP,4,type of degenerative brain disease,0.01338128084114685,0.029615428997976513,"mean absolute MLP SHAP in validation fold, back-projected via absolute PCA loadings"
Clinical,MLP,4,WBC,0.016268239984611,0.03600484227973183,"mean absolute MLP SHAP in validation fold, back-projected via absolute PCA loadings"
Clinical,MLP,4,RBC,0.014471812403281038,0.032028991677950085,"mean absolute MLP SHAP in validation fold, back-projected via absolute PCA loadings"
Clinical,MLP,4,hemoglobin,0.017361163202495,0.03842369816832175,"mean absolute MLP SHAP in validation fold, back-projected via absolute PCA loadings"
Clinical,MLP,4,Anemia,0.022205291167390936,0.04914471430306664,"mean absolute MLP SHAP in validation fold, back-projected via absolute PCA loadings"
Clinical,MLP,4,platelet count,0.01515395010839452,0.03353869773766534,"mean absolute MLP SHAP in validation fold, back-projected via absolute PCA loadings"
Clinical,MLP,4,PTT,0.019780454944187172,0.043778070716961485,"mean absolute MLP SHAP in validation fold, back-projected via absolute PCA loadings"
Clinical,MLP,4,PT,0.013372816878350778,0.029596696569279716,"mean absolute MLP SHAP in validation fold, back-projected via absolute PCA loadings"
Clinical,MLP,4,INR,0.013396082595941702,0.02964818821761896,"mean absolute MLP SHAP in validation fold, back-projected via absolute PCA loadings"
Clinical,MLP,4,Creatinin,0.019413424642076453,0.04296575984916758,"mean absolute MLP SHAP in validation fold, back-projected via absolute PCA loadings"
Clinical,MLP,4,on admission GCS,0.009897478980198738,0.021905084384427197,"mean absolute MLP SHAP in validation fold, back-projected via absolute PCA loadings"
Clinical,MLP,4,Contusion,0.020731398519109743,0.04588269749062597,"mean absolute MLP SHAP in validation fold, back-projected via absolute PCA loadings"
Clinical,MLP,4,Intraparenchymal,0.024175738936103763,0.05350570610058537,"mean absolute MLP SHAP in validation fold, back-projected via absolute PCA loadings"
Clinical,MLP,4,Subdural,0.01944690785279358,0.043039864836678814,"mean absolute MLP SHAP in validation fold, back-projected via absolute PCA loadings"
Clinical,MLP,4,Subarachnoid,0.014827931429073704,0.03281715372673998,"mean absolute MLP SHAP in validation fold, back-projected via absolute PCA loadings"
Clinical,MLP,4,Epidural,0.015934724834439407,0.03526670709170974,"mean absolute MLP SHAP in validation fold, back-projected via absolute PCA loadings"
Clinical,MLP,4,IVH,0.007319309591180452,0.016199084085080397,"mean absolute MLP SHAP in validation fold, back-projected via absolute PCA loadings"
Clinical,MLP,4,type_of_hemorrhage_num,0.013689191120038496,0.03029689552651857,"mean absolute MLP SHAP in validation fold, back-projected via absolute PCA loadings"
Clinical,MLP,4,leukocytosis,0.01751099424588453,0.03875530398990729,"mean absolute MLP SHAP in validation fold, back-projected via absolute PCA loadings"
Clinical,MLP,4,thrombocytopenia,0.014280133762018886,0.03160476882080233,"mean absolute MLP SHAP in validation fold, back-projected via absolute PCA loadings"
Clinical,MLP,4,long PTT,0.0213587056389129,0.04727105258809386,"mean absolute MLP SHAP in validation fold, back-projected via absolute PCA loadings"
Clinical,MLP,4,long PT,0.017174217836677285,0.03800995098869072,"mean absolute MLP SHAP in validation fold, back-projected via absolute PCA loadings"
Clinical,MLP,4,long INR,0.012251957224326733,0.02711601180565281,"mean absolute MLP SHAP in validation fold, back-projected via absolute PCA loadings"
Clinical,MLP,4,kidney failure,0.016084949984674895,0.03559918514992589,"mean absolute MLP SHAP in validation fold, back-projected via absolute PCA loadings"
Clinical,MLP,5,Age,0.01258920270380037,0.030459566549277284,"mean absolute MLP SHAP in validation fold, back-projected via absolute PCA loadings"
Clinical,MLP,5,Sex,0.018475353624962155,0.04470110431148156,"mean absolute MLP SHAP in validation fold, back-projected via absolute PCA loadings"
Clinical,MLP,5,High blood pressure,0.016223645611036827,0.03925309845174629,"mean absolute MLP SHAP in validation fold, back-projected via absolute PCA loadings"
Clinical,MLP,5,Degenerative brain disease,0.010146657724719161,0.024549830794727237,"mean absolute MLP SHAP in validation fold, back-projected via absolute PCA loadings"
Clinical,MLP,5,type of degenerative brain disease,0.009741406833588082,0.02356932656598567,"mean absolute MLP SHAP in validation fold, back-projected via absolute PCA loadings"
Clinical,MLP,5,WBC,0.016808836952832112,0.040668968466619715,"mean absolute MLP SHAP in validation fold, back-projected via absolute PCA loadings"
Clinical,MLP,5,RBC,0.012536474483562083,0.030331990659750285,"mean absolute MLP SHAP in validation fold, back-projected via absolute PCA loadings"
Clinical,MLP,5,hemoglobin,0.013524799599408494,0.03272324254016987,"mean absolute MLP SHAP in validation fold, back-projected via absolute PCA loadings"
Clinical,MLP,5,Anemia,0.013398141181618563,0.032416792592824595,"mean absolute MLP SHAP in validation fold, back-projected via absolute PCA loadings"
Clinical,MLP,5,platelet count,0.012889956174586858,0.031187239347458675,"mean absolute MLP SHAP in validation fold, back-projected via absolute PCA loadings"
Clinical,MLP,5,PTT,0.014555229164160103,0.03521636610330224,"mean absolute MLP SHAP in validation fold, back-projected via absolute PCA loadings"
Clinical,MLP,5,PT,0.009712068231163051,0.02349834183930729,"mean absolute MLP SHAP in validation fold, back-projected via absolute PCA loadings"
Clinical,MLP,5,INR,0.008202672533244158,0.01984636007432431,"mean absolute MLP SHAP in validation fold, back-projected via absolute PCA loadings"
Clinical,MLP,5,Creatinin,0.018665812571317254,0.04516191959008988,"mean absolute MLP SHAP in validation fold, back-projected via absolute PCA loadings"
Clinical,MLP,5,on admission GCS,0.014292536485095613,0.03458078136229578,"mean absolute MLP SHAP in validation fold, back-projected via absolute PCA loadings"
Clinical,MLP,5,Contusion,0.012133839257858697,0.02935781503155952,"mean absolute MLP SHAP in validation fold, back-projected via absolute PCA loadings"
Clinical,MLP,5,Intraparenchymal,0.02412839021064975,0.05837862211292827,"mean absolute MLP SHAP in validation fold, back-projected via absolute PCA loadings"
Clinical,MLP,5,Subdural,0.015297868230666782,0.03701318077064609,"mean absolute MLP SHAP in validation fold, back-projected via absolute PCA loadings"
Clinical,MLP,5,Subarachnoid,0.019885295824840915,0.048112458412156826,"mean absolute MLP SHAP in validation fold, back-projected via absolute PCA loadings"
Clinical,MLP,5,Epidural,0.015621878578426925,0.037797123565313714,"mean absolute MLP SHAP in validation fold, back-projected via absolute PCA loadings"
Clinical,MLP,5,IVH,0.01722441412913976,0.04167445713464174,"mean absolute MLP SHAP in validation fold, back-projected via absolute PCA loadings"
Clinical,MLP,5,type_of_hemorrhage_num,0.017476871848424988,0.04228527839809839,"mean absolute MLP SHAP in validation fold, back-projected via absolute PCA loadings"
Clinical,MLP,5,leukocytosis,0.017077465262456237,0.04131891446133675,"mean absolute MLP SHAP in validation fold, back-projected via absolute PCA loadings"
Clinical,MLP,5,thrombocytopenia,0.014713056095809321,0.035598228246675814,"mean absolute MLP SHAP in validation fold, back-projected via absolute PCA loadings"
Clinical,MLP,5,long PTT,0.0126097936021885,0.030509386212564882,"mean absolute MLP SHAP in validation fold, back-projected via absolute PCA loadings"
Clinical,MLP,5,long PT,0.010328777023913355,0.0249904683032518,"mean absolute MLP SHAP in validation fold, back-projected via absolute PCA loadings"
Clinical,MLP,5,long INR,0.01473118861355234,0.03564209985982671,"mean absolute MLP SHAP in validation fold, back-projected via absolute PCA loadings"
Clinical,MLP,5,kidney failure,0.020317029716798184,0.04915703824163889,"mean absolute MLP SHAP in validation fold, back-projected via absolute PCA loadings"
Combined,Random Forest,1,original__shape__Elongation,0.006159530087894534,0.006159530087894535,"native tree importance in PCA space, distributed by absolute PCA loading"
Combined,Random Forest,1,original__shape__Flatness,0.009454649653127912,0.009454649653127914,"native tree importance in PCA space, distributed by absolute PCA loading"
Combined,Random Forest,1,original__shape__LeastAxisLength,0.007763531800369152,0.007763531800369153,"native tree importance in PCA space, distributed by absolute PCA loading"
Combined,Random Forest,1,original__shape__MajorAxisLength,0.011812191683370785,0.011812191683370787,"native tree importance in PCA space, distributed by absolute PCA loading"
Combined,Random Forest,1,original__shape__Maximum2DDiameterColumn,0.009746320778422805,0.009746320778422806,"native tree importance in PCA space, distributed by absolute PCA loading"
Combined,Random Forest,1,original__shape__Maximum2DDiameterRow,0.008441590220952082,0.008441590220952084,"native tree importance in PCA space, distributed by absolute PCA loading"
Combined,Random Forest,1,original__shape__Maximum2DDiameterSlice,0.007669626044230572,0.007669626044230573,"native tree importance in PCA space, distributed by absolute PCA loading"
Combined,Random Forest,1,original__shape__Maximum3DDiameter,0.00947616762009192,0.009476167620091921,"native tree importance in PCA space, distributed by absolute PCA loading"
Combined,Random Forest,1,original__shape__MeshVolume,0.007937223437911931,0.007937223437911933,"native tree importance in PCA space, distributed by absolute PCA loading"
Combined,Random Forest,1,original__shape__MinorAxisLength,0.00940585291364663,0.009405852913646632,"native tree importance in PCA space, distributed by absolute PCA loading"
Combined,Random Forest,1,original__shape__Sphericity,0.008013823956897356,0.008013823956897358,"native tree importance in PCA space, distributed by absolute PCA loading"
Combined,Random Forest,1,original__shape__SurfaceArea,0.005928925552963621,0.005928925552963622,"native tree importance in PCA space, distributed by absolute PCA loading"
Combined,Random Forest,1,original__shape__SurfaceVolumeRatio,0.007985440343468334,0.007985440343468335,"native tree importance in PCA space, distributed by absolute PCA loading"
Combined,Random Forest,1,original__shape__VoxelVolume,0.006843674884359391,0.006843674884359392,"native tree importance in PCA space, distributed by absolute PCA loading"
Combined,Random Forest,1,original__firstorder__10Percentile,0.008720900558942654,0.008720900558942656,"native tree importance in PCA space, distributed by absolute PCA loading"
Combined,Random Forest,1,original__firstorder__90Percentile,0.005129199540661386,0.005129199540661387,"native tree importance in PCA space, distributed by absolute PCA loading"
Combined,Random Forest,1,original__firstorder__Energy,0.006398594248251995,0.006398594248251996,"native tree importance in PCA space, distributed by absolute PCA loading"
Combined,Random Forest,1,original__firstorder__Entropy,0.0036894312915034706,0.003689431291503471,"native tree importance in PCA space, distributed by absolute PCA loading"
Combined,Random Forest,1,original__firstorder__InterquartileRange,0.008386139052569649,0.00838613905256965,"native tree importance in PCA space, distributed by absolute PCA loading"
Combined,Random Forest,1,original__firstorder__Kurtosis,0.01111839275734949,0.011118392757349492,"native tree importance in PCA space, distributed by absolute PCA loading"
Combined,Random Forest,1,original__firstorder__Maximum,0.007769336879828508,0.007769336879828509,"native tree importance in PCA space, distributed by absolute PCA loading"
Combined,Random Forest,1,original__firstorder__MeanAbsoluteDeviation,0.004469724584403438,0.004469724584403439,"native tree importance in PCA space, distributed by absolute PCA loading"
Combined,Random Forest,1,original__firstorder__Mean,0.006765918611978962,0.006765918611978963,"native tree importance in PCA space, distributed by absolute PCA loading"
Combined,Random Forest,1,original__firstorder__Median,0.006437342216284724,0.006437342216284725,"native tree importance in PCA space, distributed by absolute PCA loading"
Combined,Random Forest,1,original__firstorder__Minimum,0.004297548480072019,0.0042975484800720195,"native tree importance in PCA space, distributed by absolute PCA loading"
Combined,Random Forest,1,original__firstorder__Range,0.005475356961394592,0.005475356961394593,"native tree importance in PCA space, distributed by absolute PCA loading"
Combined,Random Forest,1,original__firstorder__RobustMeanAbsoluteDeviation,0.00859497258352743,0.008594972583527432,"native tree importance in PCA space, distributed by absolute PCA loading"
Combined,Random Forest,1,original__firstorder__RootMeanSquared,0.006310385936878386,0.0063103859368783865,"native tree importance in PCA space, distributed by absolute PCA loading"
Combined,Random Forest,1,original__firstorder__Skewness,0.009743412483960507,0.009743412483960509,"native tree importance in PCA space, distributed by absolute PCA loading"
Combined,Random Forest,1,original__firstorder__TotalEnergy,0.0065100046419127545,0.006510004641912755,"native tree importance in PCA space, distributed by absolute PCA loading"
Combined,Random Forest,1,original__firstorder__Uniformity,0.005467809434206701,0.0054678094342067015,"native tree importance in PCA space, distributed by absolute PCA loading"
Combined,Random Forest,1,original__firstorder__Variance,0.006109701287053241,0.006109701287053242,"native tree importance in PCA space, distributed by absolute PCA loading"
Combined,Random Forest,1,original__glcm__Autocorrelation,0.004058890569846802,0.0040588905698468025,"native tree importance in PCA space, distributed by absolute PCA loading"
Combined,Random Forest,1,original__glcm__ClusterProminence,0.005267366952963095,0.0052673669529630955,"native tree importance in PCA space, distributed by absolute PCA loading"
Combined,Random Forest,1,original__glcm__ClusterShade,0.011321868650333532,0.011321868650333534,"native tree importance in PCA space, distributed by absolute PCA loading"
Combined,Random Forest,1,original__glcm__ClusterTendency,0.005256180982964929,0.00525618098296493,"native tree importance in PCA space, distributed by absolute PCA loading"
Combined,Random Forest,1,original__glcm__Contrast,0.005254701648529412,0.005254701648529413,"native tree importance in PCA space, distributed by absolute PCA loading"
Combined,Random Forest,1,original__glcm__Correlation,0.009499752303864377,0.009499752303864378,"native tree importance in PCA space, distributed by absolute PCA loading"
Combined,Random Forest,1,original__glcm__DifferenceAverage,0.0037587314076711715,0.003758731407671172,"native tree importance in PCA space, distributed by absolute PCA loading"
Combined,Random Forest,1,original__glcm__DifferenceEntropy,0.0027587572049127184,0.002758757204912719,"native tree importance in PCA space, distributed by absolute PCA loading"
Combined,Random Forest,1,original__glcm__DifferenceVariance,0.0059810918512176545,0.005981091851217655,"native tree importance in PCA space, distributed by absolute PCA loading"
Combined,Random Forest,1,original__glcm__Id,0.0038031554249099314,0.003803155424909932,"native tree importance in PCA space, distributed by absolute PCA loading"
Combined,Random Forest,1,original__glcm__Idm,0.005913722679211564,0.005913722679211565,"native tree importance in PCA space, distributed by absolute PCA loading"
Combined,Random Forest,1,original__glcm__Idmn,0.007026384535244823,0.007026384535244824,"native tree importance in PCA space, distributed by absolute PCA loading"
Combined,Random Forest,1,original__glcm__Idn,0.006186225766479147,0.006186225766479148,"native tree importance in PCA space, distributed by absolute PCA loading"
Combined,Random Forest,1,original__glcm__Imc1,0.006063651326678795,0.006063651326678796,"native tree importance in PCA space, distributed by absolute PCA loading"
Combined,Random Forest,1,original__glcm__Imc2,0.005532803792728954,0.005532803792728955,"native tree importance in PCA space, distributed by absolute PCA loading"
Combined,Random Forest,1,original__glcm__InverseVariance,0.0038966452265516965,0.003896645226551697,"native tree importance in PCA space, distributed by absolute PCA loading"
Combined,Random Forest,1,original__glcm__JointAverage,0.004973712937953943,0.004973712937953944,"native tree importance in PCA space, distributed by absolute PCA loading"
Combined,Random Forest,1,original__glcm__JointEnergy,0.005883532073139127,0.005883532073139128,"native tree importance in PCA space, distributed by absolute PCA loading"
Combined,Random Forest,1,original__glcm__JointEntropy,0.002947088993995902,0.0029470889939959026,"native tree importance in PCA space, distributed by absolute PCA loading"
Combined,Random Forest,1,original__glcm__MCC,0.010363480518104182,0.010363480518104184,"native tree importance in PCA space, distributed by absolute PCA loading"
Combined,Random Forest,1,original__glcm__MaximumProbability,0.0047756335385366255,0.004775633538536626,"native tree importance in PCA space, distributed by absolute PCA loading"
Combined,Random Forest,1,original__glcm__SumAverage,0.004271369156579304,0.004271369156579305,"native tree importance in PCA space, distributed by absolute PCA loading"
Combined,Random Forest,1,original__glcm__SumEntropy,0.002856159822493077,0.0028561598224930776,"native tree importance in PCA space, distributed by absolute PCA loading"
Combined,Random Forest,1,original__glcm__SumSquares,0.005242087883406093,0.005242087883406094,"native tree importance in PCA space, distributed by absolute PCA loading"
Combined,Random Forest,1,original__gldm__DependenceEntropy,0.007030375661051764,0.007030375661051765,"native tree importance in PCA space, distributed by absolute PCA loading"
Combined,Random Forest,1,original__gldm__DependenceNonUniformity,0.006857051354551476,0.006857051354551477,"native tree importance in PCA space, distributed by absolute PCA loading"
Combined,Random Forest,1,original__gldm__DependenceNonUniformityNormalized,0.006039638913008671,0.006039638913008672,"native tree importance in PCA space, distributed by absolute PCA loading"
Combined,Random Forest,1,original__gldm__DependenceVariance,0.008916565939961072,0.008916565939961074,"native tree importance in PCA space, distributed by absolute PCA loading"
Combined,Random Forest,1,original__gldm__GrayLevelNonUniformity,0.005230734386268381,0.005230734386268382,"native tree importance in PCA space, distributed by absolute PCA loading"
Combined,Random Forest,1,original__gldm__GrayLevelVariance,0.005078264142166415,0.005078264142166416,"native tree importance in PCA space, distributed by absolute PCA loading"
Combined,Random Forest,1,original__gldm__HighGrayLevelEmphasis,0.004965136701097466,0.004965136701097467,"native tree importance in PCA space, distributed by absolute PCA loading"
Combined,Random Forest,1,original__gldm__LargeDependenceEmphasis,0.00663230592228687,0.006632305922286871,"native tree importance in PCA space, distributed by absolute PCA loading"
Combined,Random Forest,1,original__gldm__LargeDependenceHighGrayLevelEmphasis,0.00719397112176712,0.007193971121767121,"native tree importance in PCA space, distributed by absolute PCA loading"
Combined,Random Forest,1,original__gldm__LargeDependenceLowGrayLevelEmphasis,0.0068593128433796545,0.006859312843379655,"native tree importance in PCA space, distributed by absolute PCA loading"
Combined,Random Forest,1,original__gldm__LowGrayLevelEmphasis,0.00565037181788722,0.005650371817887221,"native tree importance in PCA space, distributed by absolute PCA loading"
Combined,Random Forest,1,original__gldm__SmallDependenceEmphasis,0.006513737946801302,0.006513737946801303,"native tree importance in PCA space, distributed by absolute PCA loading"
Combined,Random Forest,1,original__gldm__SmallDependenceHighGrayLevelEmphasis,0.0040913676371044875,0.004091367637104488,"native tree importance in PCA space, distributed by absolute PCA loading"
Combined,Random Forest,1,original__gldm__SmallDependenceLowGrayLevelEmphasis,0.008045544534409012,0.008045544534409014,"native tree importance in PCA space, distributed by absolute PCA loading"
Combined,Random Forest,1,original__glrlm__GrayLevelNonUniformity,0.00557962893410392,0.005579628934103921,"native tree importance in PCA space, distributed by absolute PCA loading"
Combined,Random Forest,1,original__glrlm__GrayLevelNonUniformityNormalized,0.003701910369451788,0.0037019103694517883,"native tree importance in PCA space, distributed by absolute PCA loading"
Combined,Random Forest,1,original__glrlm__GrayLevelVariance,0.004965897593724583,0.004965897593724584,"native tree importance in PCA space, distributed by absolute PCA loading"
Combined,Random Forest,1,original__glrlm__HighGrayLevelRunEmphasis,0.004923027966078931,0.004923027966078932,"native tree importance in PCA space, distributed by absolute PCA loading"
Combined,Random Forest,1,original__glrlm__LongRunEmphasis,0.00655314135823357,0.006553141358233571,"native tree importance in PCA space, distributed by absolute PCA loading"
Combined,Random Forest,1,original__glrlm__LongRunHighGrayLevelEmphasis,0.005835812184840747,0.005835812184840748,"native tree importance in PCA space, distributed by absolute PCA loading"
Combined,Random Forest,1,original__glrlm__LongRunLowGrayLevelEmphasis,0.007228602177916421,0.007228602177916422,"native tree importance in PCA space, distributed by absolute PCA loading"
Combined,Random Forest,1,original__glrlm__LowGrayLevelRunEmphasis,0.00647494675007085,0.006474946750070851,"native tree importance in PCA space, distributed by absolute PCA loading"
Combined,Random Forest,1,original__glrlm__RunEntropy,0.005902638290128518,0.005902638290128519,"native tree importance in PCA space, distributed by absolute PCA loading"
Combined,Random Forest,1,original__glrlm__RunLengthNonUniformity,0.007630393063528217,0.0076303930635282175,"native tree importance in PCA space, distributed by absolute PCA loading"
Combined,Random Forest,1,original__glrlm__RunLengthNonUniformityNormalized,0.004888189420943705,0.0048881894209437055,"native tree importance in PCA space, distributed by absolute PCA loading"
Combined,Random Forest,1,original__glrlm__RunPercentage,0.005983297375864858,0.005983297375864859,"native tree importance in PCA space, distributed by absolute PCA loading"
Combined,Random Forest,1,original__glrlm__RunVariance,0.008928837106198203,0.008928837106198205,"native tree importance in PCA space, distributed by absolute PCA loading"
Combined,Random Forest,1,original__glrlm__ShortRunEmphasis,0.005176288485991531,0.005176288485991532,"native tree importance in PCA space, distributed by absolute PCA loading"
Combined,Random Forest,1,original__glrlm__ShortRunHighGrayLevelEmphasis,0.003946440124859332,0.003946440124859333,"native tree importance in PCA space, distributed by absolute PCA loading"
Combined,Random Forest,1,original__glrlm__ShortRunLowGrayLevelEmphasis,0.006840725507927602,0.0068407255079276025,"native tree importance in PCA space, distributed by absolute PCA loading"
Combined,Random Forest,1,original__glszm__GrayLevelNonUniformity,0.009179799133547958,0.00917979913354796,"native tree importance in PCA space, distributed by absolute PCA loading"
Combined,Random Forest,1,original__glszm__GrayLevelNonUniformityNormalized,0.005645505215322835,0.005645505215322836,"native tree importance in PCA space, distributed by absolute PCA loading"
Combined,Random Forest,1,original__glszm__GrayLevelVariance,0.005491868404294638,0.005491868404294639,"native tree importance in PCA space, distributed by absolute PCA loading"
Combined,Random Forest,1,original__glszm__HighGrayLevelZoneEmphasis,0.004886197248294561,0.004886197248294562,"native tree importance in PCA space, distributed by absolute PCA loading"
Combined,Random Forest,1,original__glszm__LargeAreaEmphasis,0.006103684547161117,0.0061036845471611175,"native tree importance in PCA space, distributed by absolute PCA loading"
Combined,Random Forest,1,original__glszm__LargeAreaHighGrayLevelEmphasis,0.006497258882257876,0.006497258882257877,"native tree importance in PCA space, distributed by absolute PCA loading"
Combined,Random Forest,1,original__glszm__LargeAreaLowGrayLevelEmphasis,0.011718749448180257,0.011718749448180259,"native tree importance in PCA space, distributed by absolute PCA loading"
Combined,Random Forest,1,original__glszm__LowGrayLevelZoneEmphasis,0.004911382888848018,0.004911382888848019,"native tree importance in PCA space, distributed by absolute PCA loading"
Combined,Random Forest,1,original__glszm__SizeZoneNonUniformity,0.007539166471400292,0.007539166471400293,"native tree importance in PCA space, distributed by absolute PCA loading"
Combined,Random Forest,1,original__glszm__SizeZoneNonUniformityNormalized,0.007082975294869144,0.007082975294869145,"native tree importance in PCA space, distributed by absolute PCA loading"
Combined,Random Forest,1,original__glszm__SmallAreaEmphasis,0.0072686193122820375,0.007268619312282038,"native tree importance in PCA space, distributed by absolute PCA loading"
Combined,Random Forest,1,original__glszm__SmallAreaHighGrayLevelEmphasis,0.004640964574761718,0.004640964574761719,"native tree importance in PCA space, distributed by absolute PCA loading"
Combined,Random Forest,1,original__glszm__SmallAreaLowGrayLevelEmphasis,0.004817408505615737,0.004817408505615738,"native tree importance in PCA space, distributed by absolute PCA loading"
Combined,Random Forest,1,original__glszm__ZoneEntropy,0.008807288246025814,0.008807288246025816,"native tree importance in PCA space, distributed by absolute PCA loading"
Combined,Random Forest,1,original__glszm__ZonePercentage,0.00656227031464595,0.006562270314645951,"native tree importance in PCA space, distributed by absolute PCA loading"
Combined,Random Forest,1,original__glszm__ZoneVariance,0.006103422134481652,0.006103422134481653,"native tree importance in PCA space, distributed by absolute PCA loading"
Combined,Random Forest,1,original__ngtdm__Busyness,0.00938468317800418,0.009384683178004182,"native tree importance in PCA space, distributed by absolute PCA loading"
Combined,Random Forest,1,original__ngtdm__Coarseness,0.006794064224441905,0.006794064224441906,"native tree importance in PCA space, distributed by absolute PCA loading"
Combined,Random Forest,1,original__ngtdm__Complexity,0.008488217420132914,0.008488217420132916,"native tree importance in PCA space, distributed by absolute PCA loading"
Combined,Random Forest,1,original__ngtdm__Contrast,0.007889709507428374,0.007889709507428375,"native tree importance in PCA space, distributed by absolute PCA loading"
Combined,Random Forest,1,original__ngtdm__Strength,0.0063821736780971285,0.006382173678097129,"native tree importance in PCA space, distributed by absolute PCA loading"
Combined,Random Forest,1,Age,0.009653512416925428,0.00965351241692543,"native tree importance in PCA space, distributed by absolute PCA loading"
Combined,Random Forest,1,Sex,0.014335786386476985,0.014335786386476987,"native tree importance in PCA space, distributed by absolute PCA loading"
Combined,Random Forest,1,High blood pressure,0.012067042757141886,0.012067042757141887,"native tree importance in PCA space, distributed by absolute PCA loading"
Combined,Random Forest,1,Degenerative brain disease,0.011235997589122542,0.011235997589122543,"native tree importance in PCA space, distributed by absolute PCA loading"
Combined,Random Forest,1,type of degenerative brain disease,0.01123599758912254,0.011235997589122542,"native tree importance in PCA space, distributed by absolute PCA loading"
Combined,Random Forest,1,WBC,0.010092456522421902,0.010092456522421904,"native tree importance in PCA space, distributed by absolute PCA loading"
Combined,Random Forest,1,RBC,0.007492535862463495,0.007492535862463496,"native tree importance in PCA space, distributed by absolute PCA loading"
Combined,Random Forest,1,hemoglobin,0.009176550377500594,0.009176550377500595,"native tree importance in PCA space, distributed by absolute PCA loading"
Combined,Random Forest,1,Anemia,0.01011462797730533,0.010114627977305331,"native tree importance in PCA space, distributed by absolute PCA loading"
Combined,Random Forest,1,platelet count,0.011634089305752552,0.011634089305752554,"native tree importance in PCA space, distributed by absolute PCA loading"
Combined,Random Forest,1,PTT,0.010234833374590602,0.010234833374590604,"native tree importance in PCA space, distributed by absolute PCA loading"
Combined,Random Forest,1,PT,0.006912497286237428,0.006912497286237429,"native tree importance in PCA space, distributed by absolute PCA loading"
Combined,Random Forest,1,INR,0.008963626138179982,0.008963626138179984,"native tree importance in PCA space, distributed by absolute PCA loading"
Combined,Random Forest,1,Creatinin,0.010697078602751056,0.010697078602751058,"native tree importance in PCA space, distributed by absolute PCA loading"
Combined,Random Forest,1,on admission GCS,0.0093708803172923,0.009370880317292302,"native tree importance in PCA space, distributed by absolute PCA loading"
Combined,Random Forest,1,Contusion,0.011464556108023275,0.011464556108023277,"native tree importance in PCA space, distributed by absolute PCA loading"
Combined,Random Forest,1,Intraparenchymal,0.013685125205304379,0.01368512520530438,"native tree importance in PCA space, distributed by absolute PCA loading"
Combined,Random Forest,1,Subdural,0.0104646880283585,0.010464688028358501,"native tree importance in PCA space, distributed by absolute PCA loading"
Combined,Random Forest,1,Subarachnoid,0.012041381082445096,0.012041381082445098,"native tree importance in PCA space, distributed by absolute PCA loading"
Combined,Random Forest,1,Epidural,0.010888605072920861,0.010888605072920863,"native tree importance in PCA space, distributed by absolute PCA loading"
Combined,Random Forest,1,IVH,0.012836033060898352,0.012836033060898354,"native tree importance in PCA space, distributed by absolute PCA loading"
Combined,Random Forest,1,type_of_hemorrhage_num,0.011647787290288297,0.011647787290288298,"native tree importance in PCA space, distributed by absolute PCA loading"
Combined,Random Forest,1,leukocytosis,0.010630216968469558,0.01063021696846956,"native tree importance in PCA space, distributed by absolute PCA loading"
Combined,Random Forest,1,thrombocytopenia,0.012749644768730917,0.012749644768730918,"native tree importance in PCA space, distributed by absolute PCA loading"
Combined,Random Forest,1,long PTT,0.011388066283393462,0.011388066283393464,"native tree importance in PCA space, distributed by absolute PCA loading"
Combined,Random Forest,1,long PT,0.009249344271629302,0.009249344271629304,"native tree importance in PCA space, distributed by absolute PCA loading"
Combined,Random Forest,1,long INR,0.007691334827823778,0.0076913348278237785,"native tree importance in PCA space, distributed by absolute PCA loading"
Combined,Random Forest,1,kidney failure,0.011260424489927982,0.011260424489927983,"native tree importance in PCA space, distributed by absolute PCA loading"
Combined,Random Forest,2,original__shape__Elongation,0.008730091849938051,0.008730091849938051,"native tree importance in PCA space, distributed by absolute PCA loading"
Combined,Random Forest,2,original__shape__Flatness,0.009803222702283834,0.009803222702283834,"native tree importance in PCA space, distributed by absolute PCA loading"
Combined,Random Forest,2,original__shape__LeastAxisLength,0.007372121996343826,0.007372121996343826,"native tree importance in PCA space, distributed by absolute PCA loading"
Combined,Random Forest,2,original__shape__MajorAxisLength,0.010654729056675017,0.010654729056675017,"native tree importance in PCA space, distributed by absolute PCA loading"
Combined,Random Forest,2,original__shape__Maximum2DDiameterColumn,0.011000987491414952,0.011000987491414952,"native tree importance in PCA space, distributed by absolute PCA loading"
Combined,Random Forest,2,original__shape__Maximum2DDiameterRow,0.010064894168351008,0.010064894168351008,"native tree importance in PCA space, distributed by absolute PCA loading"
Combined,Random Forest,2,original__shape__Maximum2DDiameterSlice,0.00919966891169726,0.00919966891169726,"native tree importance in PCA space, distributed by absolute PCA loading"
Combined,Random Forest,2,original__shape__Maximum3DDiameter,0.010604289370395516,0.010604289370395516,"native tree importance in PCA space, distributed by absolute PCA loading"
Combined,Random Forest,2,original__shape__MeshVolume,0.007971331718568099,0.007971331718568099,"native tree importance in PCA space, distributed by absolute PCA loading"
Combined,Random Forest,2,original__shape__MinorAxisLength,0.008234730861991169,0.008234730861991169,"native tree importance in PCA space, distributed by absolute PCA loading"
Combined,Random Forest,2,original__shape__Sphericity,0.008754888522705806,0.008754888522705806,"native tree importance in PCA space, distributed by absolute PCA loading"
Combined,Random Forest,2,original__shape__SurfaceArea,0.006014766181880411,0.006014766181880411,"native tree importance in PCA space, distributed by absolute PCA loading"
Combined,Random Forest,2,original__shape__SurfaceVolumeRatio,0.008891583776328593,0.008891583776328593,"native tree importance in PCA space, distributed by absolute PCA loading"
Combined,Random Forest,2,original__shape__VoxelVolume,0.00704142081410002,0.00704142081410002,"native tree importance in PCA space, distributed by absolute PCA loading"
Combined,Random Forest,2,original__firstorder__10Percentile,0.0072097175377874405,0.0072097175377874405,"native tree importance in PCA space, distributed by absolute PCA loading"
Combined,Random Forest,2,original__firstorder__90Percentile,0.00545788642445439,0.00545788642445439,"native tree importance in PCA space, distributed by absolute PCA loading"
Combined,Random Forest,2,original__firstorder__Energy,0.005468278300955798,0.005468278300955798,"native tree importance in PCA space, distributed by absolute PCA loading"
Combined,Random Forest,2,original__firstorder__Entropy,0.003474721793581945,0.003474721793581945,"native tree importance in PCA space, distributed by absolute PCA loading"
Combined,Random Forest,2,original__firstorder__InterquartileRange,0.006402167013761761,0.006402167013761761,"native tree importance in PCA space, distributed by absolute PCA loading"
Combined,Random Forest,2,original__firstorder__Kurtosis,0.01228201104750834,0.01228201104750834,"native tree importance in PCA space, distributed by absolute PCA loading"
Combined,Random Forest,2,original__firstorder__Maximum,0.00961396329964188,0.00961396329964188,"native tree importance in PCA space, distributed by absolute PCA loading"
Combined,Random Forest,2,original__firstorder__MeanAbsoluteDeviation,0.004078086884517819,0.004078086884517819,"native tree importance in PCA space, distributed by absolute PCA loading"
Combined,Random Forest,2,original__firstorder__Mean,0.00698845076231162,0.00698845076231162,"native tree importance in PCA space, distributed by absolute PCA loading"
Combined,Random Forest,2,original__firstorder__Median,0.00559309205885918,0.00559309205885918,"native tree importance in PCA space, distributed by absolute PCA loading"
Combined,Random Forest,2,original__firstorder__Minimum,0.003988743735028389,0.003988743735028389,"native tree importance in PCA space, distributed by absolute PCA loading"
Combined,Random Forest,2,original__firstorder__Range,0.00601238240670156,0.00601238240670156,"native tree importance in PCA space, distributed by absolute PCA loading"
Combined,Random Forest,2,original__firstorder__RobustMeanAbsoluteDeviation,0.007738505751625847,0.007738505751625847,"native tree importance in PCA space, distributed by absolute PCA loading"
Combined,Random Forest,2,original__firstorder__RootMeanSquared,0.0059957244033889585,0.0059957244033889585,"native tree importance in PCA space, distributed by absolute PCA loading"
Combined,Random Forest,2,original__firstorder__Skewness,0.010859464149194219,0.010859464149194219,"native tree importance in PCA space, distributed by absolute PCA loading"
Combined,Random Forest,2,original__firstorder__TotalEnergy,0.006140323014055128,0.006140323014055128,"native tree importance in PCA space, distributed by absolute PCA loading"
Combined,Random Forest,2,original__firstorder__Uniformity,0.004520514022959918,0.004520514022959918,"native tree importance in PCA space, distributed by absolute PCA loading"
Combined,Random Forest,2,original__firstorder__Variance,0.0076213040561501225,0.0076213040561501225,"native tree importance in PCA space, distributed by absolute PCA loading"
Combined,Random Forest,2,original__glcm__Autocorrelation,0.003418144013679332,0.003418144013679332,"native tree importance in PCA space, distributed by absolute PCA loading"
Combined,Random Forest,2,original__glcm__ClusterProminence,0.00477060223556572,0.00477060223556572,"native tree importance in PCA space, distributed by absolute PCA loading"
Combined,Random Forest,2,original__glcm__ClusterShade,0.01124086021379154,0.01124086021379154,"native tree importance in PCA space, distributed by absolute PCA loading"
Combined,Random Forest,2,original__glcm__ClusterTendency,0.004760255367325872,0.004760255367325872,"native tree importance in PCA space, distributed by absolute PCA loading"
Combined,Random Forest,2,original__glcm__Contrast,0.004762925499455013,0.004762925499455013,"native tree importance in PCA space, distributed by absolute PCA loading"
Combined,Random Forest,2,original__glcm__Correlation,0.008773034369140814,0.008773034369140814,"native tree importance in PCA space, distributed by absolute PCA loading"
Combined,Random Forest,2,original__glcm__DifferenceAverage,0.003694876038402698,0.003694876038402698,"native tree importance in PCA space, distributed by absolute PCA loading"
Combined,Random Forest,2,original__glcm__DifferenceEntropy,0.0030598978943014075,0.0030598978943014075,"native tree importance in PCA space, distributed by absolute PCA loading"
Combined,Random Forest,2,original__glcm__DifferenceVariance,0.005433258418015279,0.005433258418015279,"native tree importance in PCA space, distributed by absolute PCA loading"
Combined,Random Forest,2,original__glcm__Id,0.0039747093596181875,0.0039747093596181875,"native tree importance in PCA space, distributed by absolute PCA loading"
Combined,Random Forest,2,original__glcm__Idm,0.004686240682130196,0.004686240682130196,"native tree importance in PCA space, distributed by absolute PCA loading"
Combined,Random Forest,2,original__glcm__Idmn,0.007355461923848357,0.007355461923848357,"native tree importance in PCA space, distributed by absolute PCA loading"
Combined,Random Forest,2,original__glcm__Idn,0.006815230805417889,0.006815230805417889,"native tree importance in PCA space, distributed by absolute PCA loading"
Combined,Random Forest,2,original__glcm__Imc1,0.009622781882715606,0.009622781882715606,"native tree importance in PCA space, distributed by absolute PCA loading"
Combined,Random Forest,2,original__glcm__Imc2,0.007505354101167773,0.007505354101167773,"native tree importance in PCA space, distributed by absolute PCA loading"
Combined,Random Forest,2,original__glcm__InverseVariance,0.004216504040671495,0.004216504040671495,"native tree importance in PCA space, distributed by absolute PCA loading"
Combined,Random Forest,2,original__glcm__JointAverage,0.005202559938739853,0.005202559938739853,"native tree importance in PCA space, distributed by absolute PCA loading"
Combined,Random Forest,2,original__glcm__JointEnergy,0.004511104144920314,0.004511104144920314,"native tree importance in PCA space, distributed by absolute PCA loading"
Combined,Random Forest,2,original__glcm__JointEntropy,0.0029985515715621617,0.0029985515715621617,"native tree importance in PCA space, distributed by absolute PCA loading"
Combined,Random Forest,2,original__glcm__MCC,0.010259284744561045,0.010259284744561045,"native tree importance in PCA space, distributed by absolute PCA loading"
Combined,Random Forest,2,original__glcm__MaximumProbability,0.004713249299944059,0.004713249299944059,"native tree importance in PCA space, distributed by absolute PCA loading"
Combined,Random Forest,2,original__glcm__SumAverage,0.004013120267977297,0.004013120267977297,"native tree importance in PCA space, distributed by absolute PCA loading"
Combined,Random Forest,2,original__glcm__SumEntropy,0.0029906462172058237,0.0029906462172058237,"native tree importance in PCA space, distributed by absolute PCA loading"
Combined,Random Forest,2,original__glcm__SumSquares,0.004746588220222604,0.004746588220222604,"native tree importance in PCA space, distributed by absolute PCA loading"
Combined,Random Forest,2,original__gldm__DependenceEntropy,0.00573771267102619,0.00573771267102619,"native tree importance in PCA space, distributed by absolute PCA loading"
Combined,Random Forest,2,original__gldm__DependenceNonUniformity,0.005938897628081029,0.005938897628081029,"native tree importance in PCA space, distributed by absolute PCA loading"
Combined,Random Forest,2,original__gldm__DependenceNonUniformityNormalized,0.006453109353772929,0.006453109353772929,"native tree importance in PCA space, distributed by absolute PCA loading"
Combined,Random Forest,2,original__gldm__DependenceVariance,0.007905518771522456,0.007905518771522456,"native tree importance in PCA space, distributed by absolute PCA loading"
Combined,Random Forest,2,original__gldm__GrayLevelNonUniformity,0.005294484418561227,0.005294484418561227,"native tree importance in PCA space, distributed by absolute PCA loading"
Combined,Random Forest,2,original__gldm__GrayLevelVariance,0.004567822854993095,0.004567822854993095,"native tree importance in PCA space, distributed by absolute PCA loading"
Combined,Random Forest,2,original__gldm__HighGrayLevelEmphasis,0.005262981164421011,0.005262981164421011,"native tree importance in PCA space, distributed by absolute PCA loading"
Combined,Random Forest,2,original__gldm__LargeDependenceEmphasis,0.005491595071858141,0.005491595071858141,"native tree importance in PCA space, distributed by absolute PCA loading"
Combined,Random Forest,2,original__gldm__LargeDependenceHighGrayLevelEmphasis,0.005667413375902314,0.005667413375902314,"native tree importance in PCA space, distributed by absolute PCA loading"
Combined,Random Forest,2,original__gldm__LargeDependenceLowGrayLevelEmphasis,0.005236775167821834,0.005236775167821834,"native tree importance in PCA space, distributed by absolute PCA loading"
Combined,Random Forest,2,original__gldm__LowGrayLevelEmphasis,0.005658973224688949,0.005658973224688949,"native tree importance in PCA space, distributed by absolute PCA loading"
Combined,Random Forest,2,original__gldm__SmallDependenceEmphasis,0.004990222585740298,0.004990222585740298,"native tree importance in PCA space, distributed by absolute PCA loading"
Combined,Random Forest,2,original__gldm__SmallDependenceHighGrayLevelEmphasis,0.00397783838805279,0.00397783838805279,"native tree importance in PCA space, distributed by absolute PCA loading"
Combined,Random Forest,2,original__gldm__SmallDependenceLowGrayLevelEmphasis,0.007413633031251265,0.007413633031251265,"native tree importance in PCA space, distributed by absolute PCA loading"
Combined,Random Forest,2,original__glrlm__GrayLevelNonUniformity,0.005446570515166113,0.005446570515166113,"native tree importance in PCA space, distributed by absolute PCA loading"
Combined,Random Forest,2,original__glrlm__GrayLevelNonUniformityNormalized,0.003973984994573724,0.003973984994573724,"native tree importance in PCA space, distributed by absolute PCA loading"
Combined,Random Forest,2,original__glrlm__GrayLevelVariance,0.0044647973504863565,0.0044647973504863565,"native tree importance in PCA space, distributed by absolute PCA loading"
Combined,Random Forest,2,original__glrlm__HighGrayLevelRunEmphasis,0.005234762416188597,0.005234762416188597,"native tree importance in PCA space, distributed by absolute PCA loading"
Combined,Random Forest,2,original__glrlm__LongRunEmphasis,0.006116578994756972,0.006116578994756972,"native tree importance in PCA space, distributed by absolute PCA loading"
Combined,Random Forest,2,original__glrlm__LongRunHighGrayLevelEmphasis,0.005476345894762771,0.005476345894762771,"native tree importance in PCA space, distributed by absolute PCA loading"
Combined,Random Forest,2,original__glrlm__LongRunLowGrayLevelEmphasis,0.0054964056786111415,0.0054964056786111415,"native tree importance in PCA space, distributed by absolute PCA loading"
Combined,Random Forest,2,original__glrlm__LowGrayLevelRunEmphasis,0.005909811799729111,0.005909811799729111,"native tree importance in PCA space, distributed by absolute PCA loading"
Combined,Random Forest,2,original__glrlm__RunEntropy,0.005243063467327113,0.005243063467327113,"native tree importance in PCA space, distributed by absolute PCA loading"
Combined,Random Forest,2,original__glrlm__RunLengthNonUniformity,0.00689403330185544,0.00689403330185544,"native tree importance in PCA space, distributed by absolute PCA loading"
Combined,Random Forest,2,original__glrlm__RunLengthNonUniformityNormalized,0.003937520053440545,0.003937520053440545,"native tree importance in PCA space, distributed by absolute PCA loading"
Combined,Random Forest,2,original__glrlm__RunPercentage,0.006225262359139641,0.006225262359139641,"native tree importance in PCA space, distributed by absolute PCA loading"
Combined,Random Forest,2,original__glrlm__RunVariance,0.00803197141299243,0.00803197141299243,"native tree importance in PCA space, distributed by absolute PCA loading"
Combined,Random Forest,2,original__glrlm__ShortRunEmphasis,0.0036471624354172043,0.0036471624354172043,"native tree importance in PCA space, distributed by absolute PCA loading"
Combined,Random Forest,2,original__glrlm__ShortRunHighGrayLevelEmphasis,0.003279317433293263,0.003279317433293263,"native tree importance in PCA space, distributed by absolute PCA loading"
Combined,Random Forest,2,original__glrlm__ShortRunLowGrayLevelEmphasis,0.006216212677728315,0.006216212677728315,"native tree importance in PCA space, distributed by absolute PCA loading"
Combined,Random Forest,2,original__glszm__GrayLevelNonUniformity,0.010789843229988837,0.010789843229988837,"native tree importance in PCA space, distributed by absolute PCA loading"
Combined,Random Forest,2,original__glszm__GrayLevelNonUniformityNormalized,0.005604067897069399,0.005604067897069399,"native tree importance in PCA space, distributed by absolute PCA loading"
Combined,Random Forest,2,original__glszm__GrayLevelVariance,0.004520925285355687,0.004520925285355687,"native tree importance in PCA space, distributed by absolute PCA loading"
Combined,Random Forest,2,original__glszm__HighGrayLevelZoneEmphasis,0.005272146922278602,0.005272146922278602,"native tree importance in PCA space, distributed by absolute PCA loading"
Combined,Random Forest,2,original__glszm__LargeAreaEmphasis,0.005561416940445059,0.005561416940445059,"native tree importance in PCA space, distributed by absolute PCA loading"
Combined,Random Forest,2,original__glszm__LargeAreaHighGrayLevelEmphasis,0.005783547734168956,0.005783547734168956,"native tree importance in PCA space, distributed by absolute PCA loading"
Combined,Random Forest,2,original__glszm__LargeAreaLowGrayLevelEmphasis,0.010712125992762323,0.010712125992762323,"native tree importance in PCA space, distributed by absolute PCA loading"
Combined,Random Forest,2,original__glszm__LowGrayLevelZoneEmphasis,0.005090431913624965,0.005090431913624965,"native tree importance in PCA space, distributed by absolute PCA loading"
Combined,Random Forest,2,original__glszm__SizeZoneNonUniformity,0.00868083572643498,0.00868083572643498,"native tree importance in PCA space, distributed by absolute PCA loading"
Combined,Random Forest,2,original__glszm__SizeZoneNonUniformityNormalized,0.006254074418428178,0.006254074418428178,"native tree importance in PCA space, distributed by absolute PCA loading"
Combined,Random Forest,2,original__glszm__SmallAreaEmphasis,0.006031377401439826,0.006031377401439826,"native tree importance in PCA space, distributed by absolute PCA loading"
Combined,Random Forest,2,original__glszm__SmallAreaHighGrayLevelEmphasis,0.0040491094716425926,0.0040491094716425926,"native tree importance in PCA space, distributed by absolute PCA loading"
Combined,Random Forest,2,original__glszm__SmallAreaLowGrayLevelEmphasis,0.004615719799409788,0.004615719799409788,"native tree importance in PCA space, distributed by absolute PCA loading"
Combined,Random Forest,2,original__glszm__ZoneEntropy,0.006283568277263337,0.006283568277263337,"native tree importance in PCA space, distributed by absolute PCA loading"
Combined,Random Forest,2,original__glszm__ZonePercentage,0.005439521588124026,0.005439521588124026,"native tree importance in PCA space, distributed by absolute PCA loading"
Combined,Random Forest,2,original__glszm__ZoneVariance,0.005559647426469734,0.005559647426469734,"native tree importance in PCA space, distributed by absolute PCA loading"
Combined,Random Forest,2,original__ngtdm__Busyness,0.008495637727348394,0.008495637727348394,"native tree importance in PCA space, distributed by absolute PCA loading"
Combined,Random Forest,2,original__ngtdm__Coarseness,0.006095259276914146,0.006095259276914146,"native tree importance in PCA space, distributed by absolute PCA loading"
Combined,Random Forest,2,original__ngtdm__Complexity,0.00723340201164311,0.00723340201164311,"native tree importance in PCA space, distributed by absolute PCA loading"
Combined,Random Forest,2,original__ngtdm__Contrast,0.008321723284247044,0.008321723284247044,"native tree importance in PCA space, distributed by absolute PCA loading"
Combined,Random Forest,2,original__ngtdm__Strength,0.006552196631809215,0.006552196631809215,"native tree importance in PCA space, distributed by absolute PCA loading"
Combined,Random Forest,2,Age,0.008458492164331057,0.008458492164331057,"native tree importance in PCA space, distributed by absolute PCA loading"
Combined,Random Forest,2,Sex,0.012982106260672708,0.012982106260672708,"native tree importance in PCA space, distributed by absolute PCA loading"
Combined,Random Forest,2,High blood pressure,0.013604490383139435,0.013604490383139435,"native tree importance in PCA space, distributed by absolute PCA loading"
Combined,Random Forest,2,Degenerative brain disease,0.010228921172764438,0.010228921172764438,"native tree importance in PCA space, distributed by absolute PCA loading"
Combined,Random Forest,2,type of degenerative brain disease,0.010866482625393348,0.010866482625393348,"native tree importance in PCA space, distributed by absolute PCA loading"
Combined,Random Forest,2,WBC,0.013320301862946544,0.013320301862946544,"native tree importance in PCA space, distributed by absolute PCA loading"
Combined,Random Forest,2,RBC,0.008193271094343499,0.008193271094343499,"native tree importance in PCA space, distributed by absolute PCA loading"
Combined,Random Forest,2,hemoglobin,0.008320684125415503,0.008320684125415503,"native tree importance in PCA space, distributed by absolute PCA loading"
Combined,Random Forest,2,Anemia,0.010515874170308808,0.010515874170308808,"native tree importance in PCA space, distributed by absolute PCA loading"
Combined,Random Forest,2,platelet count,0.011922382479935878,0.011922382479935878,"native tree importance in PCA space, distributed by absolute PCA loading"
Combined,Random Forest,2,PTT,0.012744752402934198,0.012744752402934198,"native tree importance in PCA space, distributed by absolute PCA loading"
Combined,Random Forest,2,PT,0.008564601136281642,0.008564601136281642,"native tree importance in PCA space, distributed by absolute PCA loading"
Combined,Random Forest,2,INR,0.009304592069137009,0.009304592069137009,"native tree importance in PCA space, distributed by absolute PCA loading"
Combined,Random Forest,2,Creatinin,0.011698934082898281,0.011698934082898281,"native tree importance in PCA space, distributed by absolute PCA loading"
Combined,Random Forest,2,on admission GCS,0.012037925212514018,0.012037925212514018,"native tree importance in PCA space, distributed by absolute PCA loading"
Combined,Random Forest,2,Contusion,0.013246516952651808,0.013246516952651808,"native tree importance in PCA space, distributed by absolute PCA loading"
Combined,Random Forest,2,Intraparenchymal,0.014328638240139493,0.014328638240139493,"native tree importance in PCA space, distributed by absolute PCA loading"
Combined,Random Forest,2,Subdural,0.013313835858457669,0.013313835858457669,"native tree importance in PCA space, distributed by absolute PCA loading"
Combined,Random Forest,2,Subarachnoid,0.00905744885006094,0.00905744885006094,"native tree importance in PCA space, distributed by absolute PCA loading"
Combined,Random Forest,2,Epidural,0.011746272381886328,0.011746272381886328,"native tree importance in PCA space, distributed by absolute PCA loading"
Combined,Random Forest,2,IVH,0.016711961145229888,0.016711961145229888,"native tree importance in PCA space, distributed by absolute PCA loading"
Combined,Random Forest,2,type_of_hemorrhage_num,0.013271021983136505,0.013271021983136505,"native tree importance in PCA space, distributed by absolute PCA loading"
Combined,Random Forest,2,leukocytosis,0.014206197020413902,0.014206197020413902,"native tree importance in PCA space, distributed by absolute PCA loading"
Combined,Random Forest,2,thrombocytopenia,0.009792739227826062,0.009792739227826062,"native tree importance in PCA space, distributed by absolute PCA loading"
Combined,Random Forest,2,long PTT,0.013494675997310444,0.013494675997310444,"native tree importance in PCA space, distributed by absolute PCA loading"
Combined,Random Forest,2,long PT,0.009646280872294664,0.009646280872294664,"native tree importance in PCA space, distributed by absolute PCA loading"
Combined,Random Forest,2,long INR,0.007816748782104196,0.007816748782104196,"native tree importance in PCA space, distributed by absolute PCA loading"
Combined,Random Forest,2,kidney failure,0.011157188659903273,0.011157188659903273,"native tree importance in PCA space, distributed by absolute PCA loading"
Combined,Random Forest,3,original__shape__Elongation,0.007892906228505536,0.007892906228505534,"native tree importance in PCA space, distributed by absolute PCA loading"
Combined,Random Forest,3,original__shape__Flatness,0.009159561680393983,0.00915956168039398,"native tree importance in PCA space, distributed by absolute PCA loading"
Combined,Random Forest,3,original__shape__LeastAxisLength,0.0066256994182623905,0.006625699418262389,"native tree importance in PCA space, distributed by absolute PCA loading"
Combined,Random Forest,3,original__shape__MajorAxisLength,0.011157616492179757,0.011157616492179756,"native tree importance in PCA space, distributed by absolute PCA loading"
Combined,Random Forest,3,original__shape__Maximum2DDiameterColumn,0.008358971260488544,0.008358971260488542,"native tree importance in PCA space, distributed by absolute PCA loading"
Combined,Random Forest,3,original__shape__Maximum2DDiameterRow,0.009897988405556165,0.009897988405556163,"native tree importance in PCA space, distributed by absolute PCA loading"
Combined,Random Forest,3,original__shape__Maximum2DDiameterSlice,0.008710152767893872,0.00871015276789387,"native tree importance in PCA space, distributed by absolute PCA loading"
Combined,Random Forest,3,original__shape__Maximum3DDiameter,0.0090581815972138,0.009058181597213798,"native tree importance in PCA space, distributed by absolute PCA loading"
Combined,Random Forest,3,original__shape__MeshVolume,0.0076236620646843835,0.007623662064684382,"native tree importance in PCA space, distributed by absolute PCA loading"
Combined,Random Forest,3,original__shape__MinorAxisLength,0.009519191200996662,0.00951919120099666,"native tree importance in PCA space, distributed by absolute PCA loading"
Combined,Random Forest,3,original__shape__Sphericity,0.009593595050795283,0.009593595050795281,"native tree importance in PCA space, distributed by absolute PCA loading"
Combined,Random Forest,3,original__shape__SurfaceArea,0.0058090522530274,0.005809052253027399,"native tree importance in PCA space, distributed by absolute PCA loading"
Combined,Random Forest,3,original__shape__SurfaceVolumeRatio,0.007958620343741969,0.007958620343741967,"native tree importance in PCA space, distributed by absolute PCA loading"
Combined,Random Forest,3,original__shape__VoxelVolume,0.006945856997790676,0.006945856997790674,"native tree importance in PCA space, distributed by absolute PCA loading"
Combined,Random Forest,3,original__firstorder__10Percentile,0.00797333385204064,0.007973333852040639,"native tree importance in PCA space, distributed by absolute PCA loading"
Combined,Random Forest,3,original__firstorder__90Percentile,0.004873427506577582,0.004873427506577581,"native tree importance in PCA space, distributed by absolute PCA loading"
Combined,Random Forest,3,original__firstorder__Energy,0.0053492343302271456,0.005349234330227145,"native tree importance in PCA space, distributed by absolute PCA loading"
Combined,Random Forest,3,original__firstorder__Entropy,0.003699066289405332,0.0036990662894053313,"native tree importance in PCA space, distributed by absolute PCA loading"
Combined,Random Forest,3,original__firstorder__InterquartileRange,0.007136330963932813,0.007136330963932811,"native tree importance in PCA space, distributed by absolute PCA loading"
Combined,Random Forest,3,original__firstorder__Kurtosis,0.010339613284904185,0.010339613284904183,"native tree importance in PCA space, distributed by absolute PCA loading"
Combined,Random Forest,3,original__firstorder__Maximum,0.008911760153777508,0.008911760153777506,"native tree importance in PCA space, distributed by absolute PCA loading"
Combined,Random Forest,3,original__firstorder__MeanAbsoluteDeviation,0.004549212351189646,0.0045492123511896455,"native tree importance in PCA space, distributed by absolute PCA loading"
Combined,Random Forest,3,original__firstorder__Mean,0.0068217492357062195,0.006821749235706218,"native tree importance in PCA space, distributed by absolute PCA loading"
Combined,Random Forest,3,original__firstorder__Median,0.006645422682737132,0.0066454226827371305,"native tree importance in PCA space, distributed by absolute PCA loading"
Combined,Random Forest,3,original__firstorder__Minimum,0.00460663091124633,0.004606630911246329,"native tree importance in PCA space, distributed by absolute PCA loading"
Combined,Random Forest,3,original__firstorder__Range,0.005605162013085507,0.005605162013085506,"native tree importance in PCA space, distributed by absolute PCA loading"
Combined,Random Forest,3,original__firstorder__RobustMeanAbsoluteDeviation,0.007773382990374699,0.007773382990374697,"native tree importance in PCA space, distributed by absolute PCA loading"
Combined,Random Forest,3,original__firstorder__RootMeanSquared,0.005950088340954263,0.005950088340954261,"native tree importance in PCA space, distributed by absolute PCA loading"
Combined,Random Forest,3,original__firstorder__Skewness,0.010983991066057916,0.010983991066057915,"native tree importance in PCA space, distributed by absolute PCA loading"
Combined,Random Forest,3,original__firstorder__TotalEnergy,0.006277014747564594,0.006277014747564592,"native tree importance in PCA space, distributed by absolute PCA loading"
Combined,Random Forest,3,original__firstorder__Uniformity,0.004536083919664074,0.004536083919664073,"native tree importance in PCA space, distributed by absolute PCA loading"
Combined,Random Forest,3,original__firstorder__Variance,0.007686491643555052,0.0076864916435550506,"native tree importance in PCA space, distributed by absolute PCA loading"
Combined,Random Forest,3,original__glcm__Autocorrelation,0.0040262997589391135,0.004026299758939113,"native tree importance in PCA space, distributed by absolute PCA loading"
Combined,Random Forest,3,original__glcm__ClusterProminence,0.005223385961766469,0.005223385961766468,"native tree importance in PCA space, distributed by absolute PCA loading"
Combined,Random Forest,3,original__glcm__ClusterShade,0.00911052624231278,0.009110526242312778,"native tree importance in PCA space, distributed by absolute PCA loading"
Combined,Random Forest,3,original__glcm__ClusterTendency,0.005218782093175646,0.005218782093175645,"native tree importance in PCA space, distributed by absolute PCA loading"
Combined,Random Forest,3,original__glcm__Contrast,0.004744463631441516,0.004744463631441515,"native tree importance in PCA space, distributed by absolute PCA loading"
Combined,Random Forest,3,original__glcm__Correlation,0.01017342087945465,0.010173420879454649,"native tree importance in PCA space, distributed by absolute PCA loading"
Combined,Random Forest,3,original__glcm__DifferenceAverage,0.003895108517213118,0.003895108517213117,"native tree importance in PCA space, distributed by absolute PCA loading"
Combined,Random Forest,3,original__glcm__DifferenceEntropy,0.0032246371414821253,0.0032246371414821244,"native tree importance in PCA space, distributed by absolute PCA loading"
Combined,Random Forest,3,original__glcm__DifferenceVariance,0.005509758343150266,0.005509758343150265,"native tree importance in PCA space, distributed by absolute PCA loading"
Combined,Random Forest,3,original__glcm__Id,0.004395798720711342,0.0043957987207113415,"native tree importance in PCA space, distributed by absolute PCA loading"
Combined,Random Forest,3,original__glcm__Idm,0.005408273938092656,0.0054082739380926555,"native tree importance in PCA space, distributed by absolute PCA loading"
Combined,Random Forest,3,original__glcm__Idmn,0.007828700321505181,0.00782870032150518,"native tree importance in PCA space, distributed by absolute PCA loading"
Combined,Random Forest,3,original__glcm__Idn,0.006810788090332402,0.0068107880903324,"native tree importance in PCA space, distributed by absolute PCA loading"
Combined,Random Forest,3,original__glcm__Imc1,0.008247824821464207,0.008247824821464205,"native tree importance in PCA space, distributed by absolute PCA loading"
Combined,Random Forest,3,original__glcm__Imc2,0.006790948486626107,0.0067909484866261055,"native tree importance in PCA space, distributed by absolute PCA loading"
Combined,Random Forest,3,original__glcm__InverseVariance,0.004767755049706726,0.004767755049706725,"native tree importance in PCA space, distributed by absolute PCA loading"
Combined,Random Forest,3,original__glcm__JointAverage,0.004987021697241718,0.004987021697241717,"native tree importance in PCA space, distributed by absolute PCA loading"
Combined,Random Forest,3,original__glcm__JointEnergy,0.005477744539665693,0.005477744539665692,"native tree importance in PCA space, distributed by absolute PCA loading"
Combined,Random Forest,3,original__glcm__JointEntropy,0.003653225598387935,0.0036532255983879342,"native tree importance in PCA space, distributed by absolute PCA loading"
Combined,Random Forest,3,original__glcm__MCC,0.009113704774348145,0.009113704774348143,"native tree importance in PCA space, distributed by absolute PCA loading"
Combined,Random Forest,3,original__glcm__MaximumProbability,0.0054132437032587905,0.00541324370325879,"native tree importance in PCA space, distributed by absolute PCA loading"
Combined,Random Forest,3,original__glcm__SumAverage,0.004429126028489097,0.004429126028489096,"native tree importance in PCA space, distributed by absolute PCA loading"
Combined,Random Forest,3,original__glcm__SumEntropy,0.003763457089285184,0.003763457089285183,"native tree importance in PCA space, distributed by absolute PCA loading"
Combined,Random Forest,3,original__glcm__SumSquares,0.00520799582813958,0.0052079958281395795,"native tree importance in PCA space, distributed by absolute PCA loading"
Combined,Random Forest,3,original__gldm__DependenceEntropy,0.006447190753982466,0.006447190753982464,"native tree importance in PCA space, distributed by absolute PCA loading"
Combined,Random Forest,3,original__gldm__DependenceNonUniformity,0.006429667130625059,0.006429667130625058,"native tree importance in PCA space, distributed by absolute PCA loading"
Combined,Random Forest,3,original__gldm__DependenceNonUniformityNormalized,0.006293100260219356,0.006293100260219354,"native tree importance in PCA space, distributed by absolute PCA loading"
Combined,Random Forest,3,original__gldm__DependenceVariance,0.008499254470504824,0.008499254470504822,"native tree importance in PCA space, distributed by absolute PCA loading"
Combined,Random Forest,3,original__gldm__GrayLevelNonUniformity,0.0052913610082346236,0.005291361008234623,"native tree importance in PCA space, distributed by absolute PCA loading"
Combined,Random Forest,3,original__gldm__GrayLevelVariance,0.005057469555950569,0.005057469555950568,"native tree importance in PCA space, distributed by absolute PCA loading"
Combined,Random Forest,3,original__gldm__HighGrayLevelEmphasis,0.004986410802209241,0.00498641080220924,"native tree importance in PCA space, distributed by absolute PCA loading"
Combined,Random Forest,3,original__gldm__LargeDependenceEmphasis,0.006198168890588894,0.006198168890588892,"native tree importance in PCA space, distributed by absolute PCA loading"
Combined,Random Forest,3,original__gldm__LargeDependenceHighGrayLevelEmphasis,0.006227430865377743,0.006227430865377742,"native tree importance in PCA space, distributed by absolute PCA loading"
Combined,Random Forest,3,original__gldm__LargeDependenceLowGrayLevelEmphasis,0.006887686789477615,0.006887686789477613,"native tree importance in PCA space, distributed by absolute PCA loading"
Combined,Random Forest,3,original__gldm__LowGrayLevelEmphasis,0.005830220209336569,0.005830220209336568,"native tree importance in PCA space, distributed by absolute PCA loading"
Combined,Random Forest,3,original__gldm__SmallDependenceEmphasis,0.006210645861263253,0.006210645861263252,"native tree importance in PCA space, distributed by absolute PCA loading"
Combined,Random Forest,3,original__gldm__SmallDependenceHighGrayLevelEmphasis,0.004440382195739067,0.004440382195739066,"native tree importance in PCA space, distributed by absolute PCA loading"
Combined,Random Forest,3,original__gldm__SmallDependenceLowGrayLevelEmphasis,0.007557714070142312,0.0075577140701423105,"native tree importance in PCA space, distributed by absolute PCA loading"
Combined,Random Forest,3,original__glrlm__GrayLevelNonUniformity,0.0055036282389996204,0.00550362823899962,"native tree importance in PCA space, distributed by absolute PCA loading"
Combined,Random Forest,3,original__glrlm__GrayLevelNonUniformityNormalized,0.0040124982186031805,0.00401249821860318,"native tree importance in PCA space, distributed by absolute PCA loading"
Combined,Random Forest,3,original__glrlm__GrayLevelVariance,0.004955976366039528,0.004955976366039527,"native tree importance in PCA space, distributed by absolute PCA loading"
Combined,Random Forest,3,original__glrlm__HighGrayLevelRunEmphasis,0.00496714135596359,0.004967141355963589,"native tree importance in PCA space, distributed by absolute PCA loading"
Combined,Random Forest,3,original__glrlm__LongRunEmphasis,0.006325850702998031,0.00632585070299803,"native tree importance in PCA space, distributed by absolute PCA loading"
Combined,Random Forest,3,original__glrlm__LongRunHighGrayLevelEmphasis,0.005889548374957337,0.005889548374957336,"native tree importance in PCA space, distributed by absolute PCA loading"
Combined,Random Forest,3,original__glrlm__LongRunLowGrayLevelEmphasis,0.007369980881160105,0.007369980881160103,"native tree importance in PCA space, distributed by absolute PCA loading"
Combined,Random Forest,3,original__glrlm__LowGrayLevelRunEmphasis,0.006119365584521564,0.006119365584521562,"native tree importance in PCA space, distributed by absolute PCA loading"
Combined,Random Forest,3,original__glrlm__RunEntropy,0.005825338158705619,0.005825338158705618,"native tree importance in PCA space, distributed by absolute PCA loading"
Combined,Random Forest,3,original__glrlm__RunLengthNonUniformity,0.006286017177736597,0.006286017177736595,"native tree importance in PCA space, distributed by absolute PCA loading"
Combined,Random Forest,3,original__glrlm__RunLengthNonUniformityNormalized,0.004847672667907986,0.004847672667907985,"native tree importance in PCA space, distributed by absolute PCA loading"
Combined,Random Forest,3,original__glrlm__RunPercentage,0.005974622393125926,0.005974622393125924,"native tree importance in PCA space, distributed by absolute PCA loading"
Combined,Random Forest,3,original__glrlm__RunVariance,0.009780840582869954,0.009780840582869953,"native tree importance in PCA space, distributed by absolute PCA loading"
Combined,Random Forest,3,original__glrlm__ShortRunEmphasis,0.00486519832630166,0.004865198326301659,"native tree importance in PCA space, distributed by absolute PCA loading"
Combined,Random Forest,3,original__glrlm__ShortRunHighGrayLevelEmphasis,0.003935843727252555,0.003935843727252554,"native tree importance in PCA space, distributed by absolute PCA loading"
Combined,Random Forest,3,original__glrlm__ShortRunLowGrayLevelEmphasis,0.0065347875432206735,0.006534787543220672,"native tree importance in PCA space, distributed by absolute PCA loading"
Combined,Random Forest,3,original__glszm__GrayLevelNonUniformity,0.008896465324037754,0.008896465324037752,"native tree importance in PCA space, distributed by absolute PCA loading"
Combined,Random Forest,3,original__glszm__GrayLevelNonUniformityNormalized,0.005696873693730722,0.005696873693730721,"native tree importance in PCA space, distributed by absolute PCA loading"
Combined,Random Forest,3,original__glszm__GrayLevelVariance,0.005387487709881138,0.005387487709881137,"native tree importance in PCA space, distributed by absolute PCA loading"
Combined,Random Forest,3,original__glszm__HighGrayLevelZoneEmphasis,0.004963936264590497,0.004963936264590496,"native tree importance in PCA space, distributed by absolute PCA loading"
Combined,Random Forest,3,original__glszm__LargeAreaEmphasis,0.0056662889185690206,0.00566628891856902,"native tree importance in PCA space, distributed by absolute PCA loading"
Combined,Random Forest,3,original__glszm__LargeAreaHighGrayLevelEmphasis,0.0054101601247066,0.005410160124706599,"native tree importance in PCA space, distributed by absolute PCA loading"
Combined,Random Forest,3,original__glszm__LargeAreaLowGrayLevelEmphasis,0.011221753971367064,0.011221753971367062,"native tree importance in PCA space, distributed by absolute PCA loading"
Combined,Random Forest,3,original__glszm__LowGrayLevelZoneEmphasis,0.005208120646060452,0.005208120646060451,"native tree importance in PCA space, distributed by absolute PCA loading"
Combined,Random Forest,3,original__glszm__SizeZoneNonUniformity,0.007686594621510776,0.007686594621510774,"native tree importance in PCA space, distributed by absolute PCA loading"
Combined,Random Forest,3,original__glszm__SizeZoneNonUniformityNormalized,0.006719615536760728,0.006719615536760726,"native tree importance in PCA space, distributed by absolute PCA loading"
Combined,Random Forest,3,original__glszm__SmallAreaEmphasis,0.0067424788730039275,0.006742478873003926,"native tree importance in PCA space, distributed by absolute PCA loading"
Combined,Random Forest,3,original__glszm__SmallAreaHighGrayLevelEmphasis,0.004539898516506617,0.004539898516506616,"native tree importance in PCA space, distributed by absolute PCA loading"
Combined,Random Forest,3,original__glszm__SmallAreaLowGrayLevelEmphasis,0.00503671062311187,0.005036710623111869,"native tree importance in PCA space, distributed by absolute PCA loading"
Combined,Random Forest,3,original__glszm__ZoneEntropy,0.00800149660309434,0.008001496603094339,"native tree importance in PCA space, distributed by absolute PCA loading"
Combined,Random Forest,3,original__glszm__ZonePercentage,0.006404835728620622,0.006404835728620621,"native tree importance in PCA space, distributed by absolute PCA loading"
Combined,Random Forest,3,original__glszm__ZoneVariance,0.00569000029847766,0.005690000298477659,"native tree importance in PCA space, distributed by absolute PCA loading"
Combined,Random Forest,3,original__ngtdm__Busyness,0.00872739434822581,0.008727394348225809,"native tree importance in PCA space, distributed by absolute PCA loading"
Combined,Random Forest,3,original__ngtdm__Coarseness,0.0065560209890887415,0.00655602098908874,"native tree importance in PCA space, distributed by absolute PCA loading"
Combined,Random Forest,3,original__ngtdm__Complexity,0.007248012566255476,0.007248012566255475,"native tree importance in PCA space, distributed by absolute PCA loading"
Combined,Random Forest,3,original__ngtdm__Contrast,0.008634130778187607,0.008634130778187605,"native tree importance in PCA space, distributed by absolute PCA loading"
Combined,Random Forest,3,original__ngtdm__Strength,0.006642122154749469,0.006642122154749467,"native tree importance in PCA space, distributed by absolute PCA loading"
Combined,Random Forest,3,Age,0.009500838862223433,0.00950083886222343,"native tree importance in PCA space, distributed by absolute PCA loading"
Combined,Random Forest,3,Sex,0.010832184871396923,0.010832184871396922,"native tree importance in PCA space, distributed by absolute PCA loading"
Combined,Random Forest,3,High blood pressure,0.009783709041220992,0.00978370904122099,"native tree importance in PCA space, distributed by absolute PCA loading"
Combined,Random Forest,3,Degenerative brain disease,0.010853867700249565,0.010853867700249563,"native tree importance in PCA space, distributed by absolute PCA loading"
Combined,Random Forest,3,type of degenerative brain disease,0.010860690984551185,0.010860690984551183,"native tree importance in PCA space, distributed by absolute PCA loading"
Combined,Random Forest,3,WBC,0.010904139335467954,0.010904139335467952,"native tree importance in PCA space, distributed by absolute PCA loading"
Combined,Random Forest,3,RBC,0.010759300600802093,0.010759300600802092,"native tree importance in PCA space, distributed by absolute PCA loading"
Combined,Random Forest,3,hemoglobin,0.010084032086889304,0.010084032086889303,"native tree importance in PCA space, distributed by absolute PCA loading"
Combined,Random Forest,3,Anemia,0.011863320898775995,0.011863320898775991,"native tree importance in PCA space, distributed by absolute PCA loading"
Combined,Random Forest,3,platelet count,0.009619825666576652,0.00961982566657665,"native tree importance in PCA space, distributed by absolute PCA loading"
Combined,Random Forest,3,PTT,0.012214109647477312,0.012214109647477309,"native tree importance in PCA space, distributed by absolute PCA loading"
Combined,Random Forest,3,PT,0.00945359996546,0.009453599965459998,"native tree importance in PCA space, distributed by absolute PCA loading"
Combined,Random Forest,3,INR,0.009954913771897528,0.009954913771897526,"native tree importance in PCA space, distributed by absolute PCA loading"
Combined,Random Forest,3,Creatinin,0.011964424553950683,0.01196442455395068,"native tree importance in PCA space, distributed by absolute PCA loading"
Combined,Random Forest,3,on admission GCS,0.010331165226753607,0.010331165226753605,"native tree importance in PCA space, distributed by absolute PCA loading"
Combined,Random Forest,3,Contusion,0.010489046594321904,0.010489046594321903,"native tree importance in PCA space, distributed by absolute PCA loading"
Combined,Random Forest,3,Intraparenchymal,0.00968657882488207,0.009686578824882068,"native tree importance in PCA space, distributed by absolute PCA loading"
Combined,Random Forest,3,Subdural,0.010324077175966137,0.010324077175966135,"native tree importance in PCA space, distributed by absolute PCA loading"
Combined,Random Forest,3,Subarachnoid,0.011485792819768624,0.011485792819768623,"native tree importance in PCA space, distributed by absolute PCA loading"
Combined,Random Forest,3,Epidural,0.012050304628800267,0.012050304628800263,"native tree importance in PCA space, distributed by absolute PCA loading"
Combined,Random Forest,3,IVH,0.012334644347056367,0.012334644347056363,"native tree importance in PCA space, distributed by absolute PCA loading"
Combined,Random Forest,3,type_of_hemorrhage_num,0.012656546844756247,0.012656546844756244,"native tree importance in PCA space, distributed by absolute PCA loading"
Combined,Random Forest,3,leukocytosis,0.011717771642055164,0.011717771642055163,"native tree importance in PCA space, distributed by absolute PCA loading"
Combined,Random Forest,3,thrombocytopenia,0.010778281123756733,0.010778281123756731,"native tree importance in PCA space, distributed by absolute PCA loading"
Combined,Random Forest,3,long PTT,0.011703200084955494,0.011703200084955493,"native tree importance in PCA space, distributed by absolute PCA loading"
Combined,Random Forest,3,long PT,0.01046322014138408,0.010463220141384079,"native tree importance in PCA space, distributed by absolute PCA loading"
Combined,Random Forest,3,long INR,0.010693334406030885,0.010693334406030883,"native tree importance in PCA space, distributed by absolute PCA loading"
Combined,Random Forest,3,kidney failure,0.010554623397298955,0.010554623397298953,"native tree importance in PCA space, distributed by absolute PCA loading"
Combined,Random Forest,4,original__shape__Elongation,0.008316563623379174,0.008316563623379172,"native tree importance in PCA space, distributed by absolute PCA loading"
Combined,Random Forest,4,original__shape__Flatness,0.007496660076677617,0.007496660076677615,"native tree importance in PCA space, distributed by absolute PCA loading"
Combined,Random Forest,4,original__shape__LeastAxisLength,0.007813358650171876,0.007813358650171874,"native tree importance in PCA space, distributed by absolute PCA loading"
Combined,Random Forest,4,original__shape__MajorAxisLength,0.009763941645155209,0.009763941645155207,"native tree importance in PCA space, distributed by absolute PCA loading"
Combined,Random Forest,4,original__shape__Maximum2DDiameterColumn,0.008008401933980147,0.008008401933980145,"native tree importance in PCA space, distributed by absolute PCA loading"
Combined,Random Forest,4,original__shape__Maximum2DDiameterRow,0.011462516953858326,0.011462516953858325,"native tree importance in PCA space, distributed by absolute PCA loading"
Combined,Random Forest,4,original__shape__Maximum2DDiameterSlice,0.010862478898224706,0.010862478898224705,"native tree importance in PCA space, distributed by absolute PCA loading"
Combined,Random Forest,4,original__shape__Maximum3DDiameter,0.0099451112448216,0.009945111244821598,"native tree importance in PCA space, distributed by absolute PCA loading"
Combined,Random Forest,4,original__shape__MeshVolume,0.008101777987603991,0.00810177798760399,"native tree importance in PCA space, distributed by absolute PCA loading"
Combined,Random Forest,4,original__shape__MinorAxisLength,0.009698000990587485,0.009698000990587484,"native tree importance in PCA space, distributed by absolute PCA loading"
Combined,Random Forest,4,original__shape__Sphericity,0.008163615290214291,0.00816361529021429,"native tree importance in PCA space, distributed by absolute PCA loading"
Combined,Random Forest,4,original__shape__SurfaceArea,0.006356402841311643,0.006356402841311642,"native tree importance in PCA space, distributed by absolute PCA loading"
Combined,Random Forest,4,original__shape__SurfaceVolumeRatio,0.009302250659369822,0.00930225065936982,"native tree importance in PCA space, distributed by absolute PCA loading"
Combined,Random Forest,4,original__shape__VoxelVolume,0.007550849627775502,0.0075508496277755,"native tree importance in PCA space, distributed by absolute PCA loading"
Combined,Random Forest,4,original__firstorder__10Percentile,0.007986367471262901,0.0079863674712629,"native tree importance in PCA space, distributed by absolute PCA loading"
Combined,Random Forest,4,original__firstorder__90Percentile,0.005180055938526824,0.005180055938526823,"native tree importance in PCA space, distributed by absolute PCA loading"
Combined,Random Forest,4,original__firstorder__Energy,0.005053231659170638,0.005053231659170637,"native tree importance in PCA space, distributed by absolute PCA loading"
Combined,Random Forest,4,original__firstorder__Entropy,0.003464639987936291,0.0034646399879362903,"native tree importance in PCA space, distributed by absolute PCA loading"
Combined,Random Forest,4,original__firstorder__InterquartileRange,0.007356344711069484,0.007356344711069482,"native tree importance in PCA space, distributed by absolute PCA loading"
Combined,Random Forest,4,original__firstorder__Kurtosis,0.010421277020079067,0.010421277020079065,"native tree importance in PCA space, distributed by absolute PCA loading"
Combined,Random Forest,4,original__firstorder__Maximum,0.008727654427484367,0.008727654427484365,"native tree importance in PCA space, distributed by absolute PCA loading"
Combined,Random Forest,4,original__firstorder__MeanAbsoluteDeviation,0.003513047274529897,0.0035130472745298963,"native tree importance in PCA space, distributed by absolute PCA loading"
Combined,Random Forest,4,original__firstorder__Mean,0.006240870662894224,0.006240870662894222,"native tree importance in PCA space, distributed by absolute PCA loading"
Combined,Random Forest,4,original__firstorder__Median,0.006001544502949498,0.0060015445029494964,"native tree importance in PCA space, distributed by absolute PCA loading"
Combined,Random Forest,4,original__firstorder__Minimum,0.0036509054144078547,0.003650905414407854,"native tree importance in PCA space, distributed by absolute PCA loading"
Combined,Random Forest,4,original__firstorder__Range,0.005328256090977658,0.005328256090977657,"native tree importance in PCA space, distributed by absolute PCA loading"
Combined,Random Forest,4,original__firstorder__RobustMeanAbsoluteDeviation,0.006531822442268373,0.006531822442268371,"native tree importance in PCA space, distributed by absolute PCA loading"
Combined,Random Forest,4,original__firstorder__RootMeanSquared,0.0055781001126916675,0.005578100112691667,"native tree importance in PCA space, distributed by absolute PCA loading"
Combined,Random Forest,4,original__firstorder__Skewness,0.010041288736687247,0.010041288736687245,"native tree importance in PCA space, distributed by absolute PCA loading"
Combined,Random Forest,4,original__firstorder__TotalEnergy,0.005732407053500128,0.005732407053500127,"native tree importance in PCA space, distributed by absolute PCA loading"
Combined,Random Forest,4,original__firstorder__Uniformity,0.0045406150761331185,0.004540615076133118,"native tree importance in PCA space, distributed by absolute PCA loading"
Combined,Random Forest,4,original__firstorder__Variance,0.006479688557076256,0.006479688557076254,"native tree importance in PCA space, distributed by absolute PCA loading"
Combined,Random Forest,4,original__glcm__Autocorrelation,0.0032757338479648098,0.003275733847964809,"native tree importance in PCA space, distributed by absolute PCA loading"
Combined,Random Forest,4,original__glcm__ClusterProminence,0.004376888153267836,0.004376888153267835,"native tree importance in PCA space, distributed by absolute PCA loading"
Combined,Random Forest,4,original__glcm__ClusterShade,0.011126183359860181,0.01112618335986018,"native tree importance in PCA space, distributed by absolute PCA loading"
Combined,Random Forest,4,original__glcm__ClusterTendency,0.0043609604163849765,0.004360960416384976,"native tree importance in PCA space, distributed by absolute PCA loading"
Combined,Random Forest,4,original__glcm__Contrast,0.00440163005268152,0.004401630052681519,"native tree importance in PCA space, distributed by absolute PCA loading"
Combined,Random Forest,4,original__glcm__Correlation,0.00948808019691854,0.009488080196918538,"native tree importance in PCA space, distributed by absolute PCA loading"
Combined,Random Forest,4,original__glcm__DifferenceAverage,0.0035261593097266584,0.0035261593097266576,"native tree importance in PCA space, distributed by absolute PCA loading"
Combined,Random Forest,4,original__glcm__DifferenceEntropy,0.003078140599691644,0.003078140599691643,"native tree importance in PCA space, distributed by absolute PCA loading"
Combined,Random Forest,4,original__glcm__DifferenceVariance,0.005326818840533646,0.005326818840533645,"native tree importance in PCA space, distributed by absolute PCA loading"
Combined,Random Forest,4,original__glcm__Id,0.0037349907044306368,0.003734990704430636,"native tree importance in PCA space, distributed by absolute PCA loading"
Combined,Random Forest,4,original__glcm__Idm,0.0051846081084167325,0.005184608108416732,"native tree importance in PCA space, distributed by absolute PCA loading"
Combined,Random Forest,4,original__glcm__Idmn,0.00640708145169636,0.0064070814516963585,"native tree importance in PCA space, distributed by absolute PCA loading"
Combined,Random Forest,4,original__glcm__Idn,0.00637321988729201,0.006373219887292008,"native tree importance in PCA space, distributed by absolute PCA loading"
Combined,Random Forest,4,original__glcm__Imc1,0.009207036512393366,0.009207036512393364,"native tree importance in PCA space, distributed by absolute PCA loading"
Combined,Random Forest,4,original__glcm__Imc2,0.008314743332562621,0.00831474333256262,"native tree importance in PCA space, distributed by absolute PCA loading"
Combined,Random Forest,4,original__glcm__InverseVariance,0.003971510035956709,0.003971510035956708,"native tree importance in PCA space, distributed by absolute PCA loading"
Combined,Random Forest,4,original__glcm__JointAverage,0.004470638173261056,0.0044706381732610555,"native tree importance in PCA space, distributed by absolute PCA loading"
Combined,Random Forest,4,original__glcm__JointEnergy,0.0049184026289668045,0.004918402628966804,"native tree importance in PCA space, distributed by absolute PCA loading"
Combined,Random Forest,4,original__glcm__JointEntropy,0.002838505143252636,0.0028385051432526357,"native tree importance in PCA space, distributed by absolute PCA loading"
Combined,Random Forest,4,original__glcm__MCC,0.0088275649295222,0.008827564929522198,"native tree importance in PCA space, distributed by absolute PCA loading"
Combined,Random Forest,4,original__glcm__MaximumProbability,0.004386087536835346,0.004386087536835345,"native tree importance in PCA space, distributed by absolute PCA loading"
Combined,Random Forest,4,original__glcm__SumAverage,0.003451836129904083,0.003451836129904082,"native tree importance in PCA space, distributed by absolute PCA loading"
Combined,Random Forest,4,original__glcm__SumEntropy,0.002728975280612587,0.0027289752806125864,"native tree importance in PCA space, distributed by absolute PCA loading"
Combined,Random Forest,4,original__glcm__SumSquares,0.0043437701856552545,0.004343770185655254,"native tree importance in PCA space, distributed by absolute PCA loading"
Combined,Random Forest,4,original__gldm__DependenceEntropy,0.006632820727563742,0.00663282072756374,"native tree importance in PCA space, distributed by absolute PCA loading"
Combined,Random Forest,4,original__gldm__DependenceNonUniformity,0.006114233182023218,0.006114233182023216,"native tree importance in PCA space, distributed by absolute PCA loading"
Combined,Random Forest,4,original__gldm__DependenceNonUniformityNormalized,0.006699174992642838,0.006699174992642836,"native tree importance in PCA space, distributed by absolute PCA loading"
Combined,Random Forest,4,original__gldm__DependenceVariance,0.009535277216727887,0.009535277216727886,"native tree importance in PCA space, distributed by absolute PCA loading"
Combined,Random Forest,4,original__gldm__GrayLevelNonUniformity,0.004729084013253223,0.004729084013253222,"native tree importance in PCA space, distributed by absolute PCA loading"
Combined,Random Forest,4,original__gldm__GrayLevelVariance,0.004136866364838947,0.004136866364838946,"native tree importance in PCA space, distributed by absolute PCA loading"
Combined,Random Forest,4,original__gldm__HighGrayLevelEmphasis,0.0045618070139072635,0.004561807013907263,"native tree importance in PCA space, distributed by absolute PCA loading"
Combined,Random Forest,4,original__gldm__LargeDependenceEmphasis,0.006585186579562719,0.006585186579562717,"native tree importance in PCA space, distributed by absolute PCA loading"
Combined,Random Forest,4,original__gldm__LargeDependenceHighGrayLevelEmphasis,0.0061519344645797145,0.006151934464579713,"native tree importance in PCA space, distributed by absolute PCA loading"
Combined,Random Forest,4,original__gldm__LargeDependenceLowGrayLevelEmphasis,0.0061819479566654,0.006181947956665398,"native tree importance in PCA space, distributed by absolute PCA loading"
Combined,Random Forest,4,original__gldm__LowGrayLevelEmphasis,0.005234421516770557,0.005234421516770556,"native tree importance in PCA space, distributed by absolute PCA loading"
Combined,Random Forest,4,original__gldm__SmallDependenceEmphasis,0.0061288382248113095,0.006128838224811308,"native tree importance in PCA space, distributed by absolute PCA loading"
Combined,Random Forest,4,original__gldm__SmallDependenceHighGrayLevelEmphasis,0.004266384120748239,0.0042663841207482385,"native tree importance in PCA space, distributed by absolute PCA loading"
Combined,Random Forest,4,original__gldm__SmallDependenceLowGrayLevelEmphasis,0.008250492799477673,0.008250492799477671,"native tree importance in PCA space, distributed by absolute PCA loading"
Combined,Random Forest,4,original__glrlm__GrayLevelNonUniformity,0.005294778060180997,0.0052947780601809965,"native tree importance in PCA space, distributed by absolute PCA loading"
Combined,Random Forest,4,original__glrlm__GrayLevelNonUniformityNormalized,0.003923263205032992,0.003923263205032991,"native tree importance in PCA space, distributed by absolute PCA loading"
Combined,Random Forest,4,original__glrlm__GrayLevelVariance,0.0040324626606956645,0.004032462660695664,"native tree importance in PCA space, distributed by absolute PCA loading"
Combined,Random Forest,4,original__glrlm__HighGrayLevelRunEmphasis,0.0045148573933643625,0.004514857393364362,"native tree importance in PCA space, distributed by absolute PCA loading"
Combined,Random Forest,4,original__glrlm__LongRunEmphasis,0.00646458068753818,0.0064645806875381785,"native tree importance in PCA space, distributed by absolute PCA loading"
Combined,Random Forest,4,original__glrlm__LongRunHighGrayLevelEmphasis,0.0059628471164460154,0.005962847116446014,"native tree importance in PCA space, distributed by absolute PCA loading"
Combined,Random Forest,4,original__glrlm__LongRunLowGrayLevelEmphasis,0.00604834559863539,0.006048345598635388,"native tree importance in PCA space, distributed by absolute PCA loading"
Combined,Random Forest,4,original__glrlm__LowGrayLevelRunEmphasis,0.006238644112724779,0.006238644112724777,"native tree importance in PCA space, distributed by absolute PCA loading"
Combined,Random Forest,4,original__glrlm__RunEntropy,0.005555311398943086,0.0055553113989430854,"native tree importance in PCA space, distributed by absolute PCA loading"
Combined,Random Forest,4,original__glrlm__RunLengthNonUniformity,0.006315501873025617,0.006315501873025616,"native tree importance in PCA space, distributed by absolute PCA loading"
Combined,Random Forest,4,original__glrlm__RunLengthNonUniformityNormalized,0.0044405861999209754,0.004440586199920975,"native tree importance in PCA space, distributed by absolute PCA loading"
Combined,Random Forest,4,original__glrlm__RunPercentage,0.006579245628497896,0.006579245628497894,"native tree importance in PCA space, distributed by absolute PCA loading"
Combined,Random Forest,4,original__glrlm__RunVariance,0.009843769008109291,0.00984376900810929,"native tree importance in PCA space, distributed by absolute PCA loading"
Combined,Random Forest,4,original__glrlm__ShortRunEmphasis,0.00426410345315769,0.004264103453157689,"native tree importance in PCA space, distributed by absolute PCA loading"
Combined,Random Forest,4,original__glrlm__ShortRunHighGrayLevelEmphasis,0.0030670729275486036,0.0030670729275486027,"native tree importance in PCA space, distributed by absolute PCA loading"
Combined,Random Forest,4,original__glrlm__ShortRunLowGrayLevelEmphasis,0.006472235552000278,0.006472235552000276,"native tree importance in PCA space, distributed by absolute PCA loading"
Combined,Random Forest,4,original__glszm__GrayLevelNonUniformity,0.008976188719323902,0.0089761887193239,"native tree importance in PCA space, distributed by absolute PCA loading"
Combined,Random Forest,4,original__glszm__GrayLevelNonUniformityNormalized,0.005290131573329444,0.005290131573329443,"native tree importance in PCA space, distributed by absolute PCA loading"
Combined,Random Forest,4,original__glszm__GrayLevelVariance,0.004577871930722238,0.004577871930722237,"native tree importance in PCA space, distributed by absolute PCA loading"
Combined,Random Forest,4,original__glszm__HighGrayLevelZoneEmphasis,0.004542269530653987,0.004542269530653986,"native tree importance in PCA space, distributed by absolute PCA loading"
Combined,Random Forest,4,original__glszm__LargeAreaEmphasis,0.005549811871925751,0.00554981187192575,"native tree importance in PCA space, distributed by absolute PCA loading"
Combined,Random Forest,4,original__glszm__LargeAreaHighGrayLevelEmphasis,0.005520082713825552,0.0055200827138255516,"native tree importance in PCA space, distributed by absolute PCA loading"
Combined,Random Forest,4,original__glszm__LargeAreaLowGrayLevelEmphasis,0.011335979315607364,0.011335979315607363,"native tree importance in PCA space, distributed by absolute PCA loading"
Combined,Random Forest,4,original__glszm__LowGrayLevelZoneEmphasis,0.004643528334093712,0.004643528334093711,"native tree importance in PCA space, distributed by absolute PCA loading"
Combined,Random Forest,4,original__glszm__SizeZoneNonUniformity,0.008775480417720406,0.008775480417720404,"native tree importance in PCA space, distributed by absolute PCA loading"
Combined,Random Forest,4,original__glszm__SizeZoneNonUniformityNormalized,0.006000364212017415,0.006000364212017413,"native tree importance in PCA space, distributed by absolute PCA loading"
Combined,Random Forest,4,original__glszm__SmallAreaEmphasis,0.0062399461556448535,0.006239946155644852,"native tree importance in PCA space, distributed by absolute PCA loading"
Combined,Random Forest,4,original__glszm__SmallAreaHighGrayLevelEmphasis,0.003654651707119855,0.003654651707119854,"native tree importance in PCA space, distributed by absolute PCA loading"
Combined,Random Forest,4,original__glszm__SmallAreaLowGrayLevelEmphasis,0.00454386540626534,0.004543865406265339,"native tree importance in PCA space, distributed by absolute PCA loading"
Combined,Random Forest,4,original__glszm__ZoneEntropy,0.007809026651151505,0.0078090266511515035,"native tree importance in PCA space, distributed by absolute PCA loading"
Combined,Random Forest,4,original__glszm__ZonePercentage,0.006326503121697839,0.006326503121697837,"native tree importance in PCA space, distributed by absolute PCA loading"
Combined,Random Forest,4,original__glszm__ZoneVariance,0.005537762635303975,0.005537762635303974,"native tree importance in PCA space, distributed by absolute PCA loading"
Combined,Random Forest,4,original__ngtdm__Busyness,0.008181512185278704,0.008181512185278702,"native tree importance in PCA space, distributed by absolute PCA loading"
Combined,Random Forest,4,original__ngtdm__Coarseness,0.006823496305096202,0.0068234963050962,"native tree importance in PCA space, distributed by absolute PCA loading"
Combined,Random Forest,4,original__ngtdm__Complexity,0.007398629963243043,0.007398629963243041,"native tree importance in PCA space, distributed by absolute PCA loading"
Combined,Random Forest,4,original__ngtdm__Contrast,0.007203373765836318,0.007203373765836316,"native tree importance in PCA space, distributed by absolute PCA loading"
Combined,Random Forest,4,original__ngtdm__Strength,0.0076356473425062575,0.007635647342506256,"native tree importance in PCA space, distributed by absolute PCA loading"
Combined,Random Forest,4,Age,0.00982186494598014,0.009821864945980138,"native tree importance in PCA space, distributed by absolute PCA loading"
Combined,Random Forest,4,Sex,0.011052364067520488,0.011052364067520486,"native tree importance in PCA space, distributed by absolute PCA loading"
Combined,Random Forest,4,High blood pressure,0.015350734562388682,0.015350734562388679,"native tree importance in PCA space, distributed by absolute PCA loading"
Combined,Random Forest,4,Degenerative brain disease,0.011545554854091934,0.011545554854091932,"native tree importance in PCA space, distributed by absolute PCA loading"
Combined,Random Forest,4,type of degenerative brain disease,0.011545554854091934,0.011545554854091932,"native tree importance in PCA space, distributed by absolute PCA loading"
Combined,Random Forest,4,WBC,0.010466713535743962,0.01046671353574396,"native tree importance in PCA space, distributed by absolute PCA loading"
Combined,Random Forest,4,RBC,0.008684419368934397,0.008684419368934396,"native tree importance in PCA space, distributed by absolute PCA loading"
Combined,Random Forest,4,hemoglobin,0.008891517076856481,0.00889151707685648,"native tree importance in PCA space, distributed by absolute PCA loading"
Combined,Random Forest,4,Anemia,0.011443240430582102,0.0114432404305821,"native tree importance in PCA space, distributed by absolute PCA loading"
Combined,Random Forest,4,platelet count,0.01323865769255333,0.013238657692553326,"native tree importance in PCA space, distributed by absolute PCA loading"
Combined,Random Forest,4,PTT,0.010268654273404955,0.010268654273404954,"native tree importance in PCA space, distributed by absolute PCA loading"
Combined,Random Forest,4,PT,0.008044604318353389,0.008044604318353387,"native tree importance in PCA space, distributed by absolute PCA loading"
Combined,Random Forest,4,INR,0.008929925679779443,0.008929925679779441,"native tree importance in PCA space, distributed by absolute PCA loading"
Combined,Random Forest,4,Creatinin,0.016111268612213455,0.01611126861221345,"native tree importance in PCA space, distributed by absolute PCA loading"
Combined,Random Forest,4,on admission GCS,0.013766124633151949,0.013766124633151945,"native tree importance in PCA space, distributed by absolute PCA loading"
Combined,Random Forest,4,Contusion,0.014957778300658153,0.014957778300658149,"native tree importance in PCA space, distributed by absolute PCA loading"
Combined,Random Forest,4,Intraparenchymal,0.014233061254148818,0.014233061254148815,"native tree importance in PCA space, distributed by absolute PCA loading"
Combined,Random Forest,4,Subdural,0.011604683689945158,0.011604683689945156,"native tree importance in PCA space, distributed by absolute PCA loading"
Combined,Random Forest,4,Subarachnoid,0.012849160447010562,0.012849160447010559,"native tree importance in PCA space, distributed by absolute PCA loading"
Combined,Random Forest,4,Epidural,0.011921088407131408,0.011921088407131405,"native tree importance in PCA space, distributed by absolute PCA loading"
Combined,Random Forest,4,IVH,0.01307852309767294,0.013078523097672937,"native tree importance in PCA space, distributed by absolute PCA loading"
Combined,Random Forest,4,type_of_hemorrhage_num,0.011164041204029857,0.011164041204029855,"native tree importance in PCA space, distributed by absolute PCA loading"
Combined,Random Forest,4,leukocytosis,0.01273402913630595,0.012734029136305947,"native tree importance in PCA space, distributed by absolute PCA loading"
Combined,Random Forest,4,thrombocytopenia,0.0111617026098331,0.011161702609833098,"native tree importance in PCA space, distributed by absolute PCA loading"
Combined,Random Forest,4,long PTT,0.012107328657114655,0.012107328657114651,"native tree importance in PCA space, distributed by absolute PCA loading"
Combined,Random Forest,4,long PT,0.010517909953364383,0.010517909953364381,"native tree importance in PCA space, distributed by absolute PCA loading"
Combined,Random Forest,4,long INR,0.010304473109966905,0.010304473109966903,"native tree importance in PCA space, distributed by absolute PCA loading"
Combined,Random Forest,4,kidney failure,0.010623210938848302,0.0106232109388483,"native tree importance in PCA space, distributed by absolute PCA loading"
Combined,Random Forest,5,original__shape__Elongation,0.007227031020570532,0.007227031020570532,"native tree importance in PCA space, distributed by absolute PCA loading"
Combined,Random Forest,5,original__shape__Flatness,0.010565316784571193,0.010565316784571193,"native tree importance in PCA space, distributed by absolute PCA loading"
Combined,Random Forest,5,original__shape__LeastAxisLength,0.011582510168569014,0.011582510168569014,"native tree importance in PCA space, distributed by absolute PCA loading"
Combined,Random Forest,5,original__shape__MajorAxisLength,0.011723708952141415,0.011723708952141415,"native tree importance in PCA space, distributed by absolute PCA loading"
Combined,Random Forest,5,original__shape__Maximum2DDiameterColumn,0.01043346014535794,0.01043346014535794,"native tree importance in PCA space, distributed by absolute PCA loading"
Combined,Random Forest,5,original__shape__Maximum2DDiameterRow,0.010649214295421181,0.010649214295421181,"native tree importance in PCA space, distributed by absolute PCA loading"
Combined,Random Forest,5,original__shape__Maximum2DDiameterSlice,0.00974651621898471,0.00974651621898471,"native tree importance in PCA space, distributed by absolute PCA loading"
Combined,Random Forest,5,original__shape__Maximum3DDiameter,0.008126614194572735,0.008126614194572735,"native tree importance in PCA space, distributed by absolute PCA loading"
Combined,Random Forest,5,original__shape__MeshVolume,0.008163336909253343,0.008163336909253343,"native tree importance in PCA space, distributed by absolute PCA loading"
Combined,Random Forest,5,original__shape__MinorAxisLength,0.00962751128170357,0.00962751128170357,"native tree importance in PCA space, distributed by absolute PCA loading"
Combined,Random Forest,5,original__shape__Sphericity,0.009773309502347092,0.009773309502347092,"native tree importance in PCA space, distributed by absolute PCA loading"
Combined,Random Forest,5,original__shape__SurfaceArea,0.005399567902679098,0.005399567902679098,"native tree importance in PCA space, distributed by absolute PCA loading"
Combined,Random Forest,5,original__shape__SurfaceVolumeRatio,0.01106829670421312,0.01106829670421312,"native tree importance in PCA space, distributed by absolute PCA loading"
Combined,Random Forest,5,original__shape__VoxelVolume,0.007162762966270231,0.007162762966270231,"native tree importance in PCA space, distributed by absolute PCA loading"
Combined,Random Forest,5,original__firstorder__10Percentile,0.005866431739064251,0.005866431739064251,"native tree importance in PCA space, distributed by absolute PCA loading"
Combined,Random Forest,5,original__firstorder__90Percentile,0.004490614512780933,0.004490614512780933,"native tree importance in PCA space, distributed by absolute PCA loading"
Combined,Random Forest,5,original__firstorder__Energy,0.005311636323516509,0.005311636323516509,"native tree importance in PCA space, distributed by absolute PCA loading"
Combined,Random Forest,5,original__firstorder__Entropy,0.0023822416170367062,0.0023822416170367062,"native tree importance in PCA space, distributed by absolute PCA loading"
Combined,Random Forest,5,original__firstorder__InterquartileRange,0.008649598588217835,0.008649598588217835,"native tree importance in PCA space, distributed by absolute PCA loading"
Combined,Random Forest,5,original__firstorder__Kurtosis,0.007822094708907271,0.007822094708907271,"native tree importance in PCA space, distributed by absolute PCA loading"
Combined,Random Forest,5,original__firstorder__Maximum,0.009154742584559967,0.009154742584559967,"native tree importance in PCA space, distributed by absolute PCA loading"
Combined,Random Forest,5,original__firstorder__MeanAbsoluteDeviation,0.008231222198301762,0.008231222198301762,"native tree importance in PCA space, distributed by absolute PCA loading"
Combined,Random Forest,5,original__firstorder__Mean,0.005553528626091935,0.005553528626091935,"native tree importance in PCA space, distributed by absolute PCA loading"
Combined,Random Forest,5,original__firstorder__Median,0.005074623663139819,0.005074623663139819,"native tree importance in PCA space, distributed by absolute PCA loading"
Combined,Random Forest,5,original__firstorder__Minimum,0.004222907973361548,0.004222907973361548,"native tree importance in PCA space, distributed by absolute PCA loading"
Combined,Random Forest,5,original__firstorder__Range,0.005740569549394759,0.005740569549394759,"native tree importance in PCA space, distributed by absolute PCA loading"
Combined,Random Forest,5,original__firstorder__RobustMeanAbsoluteDeviation,0.007938344929384278,0.007938344929384278,"native tree importance in PCA space, distributed by absolute PCA loading"
Combined,Random Forest,5,original__firstorder__RootMeanSquared,0.005766134158647511,0.005766134158647511,"native tree importance in PCA space, distributed by absolute PCA loading"
Combined,Random Forest,5,original__firstorder__Skewness,0.008199822371059744,0.008199822371059744,"native tree importance in PCA space, distributed by absolute PCA loading"
Combined,Random Forest,5,original__firstorder__TotalEnergy,0.007212461293342867,0.007212461293342867,"native tree importance in PCA space, distributed by absolute PCA loading"
Combined,Random Forest,5,original__firstorder__Uniformity,0.004282635404792621,0.004282635404792621,"native tree importance in PCA space, distributed by absolute PCA loading"
Combined,Random Forest,5,original__firstorder__Variance,0.007427736969299338,0.007427736969299338,"native tree importance in PCA space, distributed by absolute PCA loading"
Combined,Random Forest,5,original__glcm__Autocorrelation,0.005263525490619286,0.005263525490619286,"native tree importance in PCA space, distributed by absolute PCA loading"
Combined,Random Forest,5,original__glcm__ClusterProminence,0.009286895358904278,0.009286895358904278,"native tree importance in PCA space, distributed by absolute PCA loading"
Combined,Random Forest,5,original__glcm__ClusterShade,0.010634884701820991,0.010634884701820991,"native tree importance in PCA space, distributed by absolute PCA loading"
Combined,Random Forest,5,original__glcm__ClusterTendency,0.0034854816001117254,0.0034854816001117254,"native tree importance in PCA space, distributed by absolute PCA loading"
Combined,Random Forest,5,original__glcm__Contrast,0.0028675455896576807,0.0028675455896576807,"native tree importance in PCA space, distributed by absolute PCA loading"
Combined,Random Forest,5,original__glcm__Correlation,0.011207609110275121,0.011207609110275121,"native tree importance in PCA space, distributed by absolute PCA loading"
Combined,Random Forest,5,original__glcm__DifferenceAverage,0.0028670329585505274,0.0028670329585505274,"native tree importance in PCA space, distributed by absolute PCA loading"
Combined,Random Forest,5,original__glcm__DifferenceEntropy,0.003125254855771985,0.003125254855771985,"native tree importance in PCA space, distributed by absolute PCA loading"
Combined,Random Forest,5,original__glcm__DifferenceVariance,0.002651598538631206,0.002651598538631206,"native tree importance in PCA space, distributed by absolute PCA loading"
Combined,Random Forest,5,original__glcm__Id,0.0029140348359594477,0.0029140348359594477,"native tree importance in PCA space, distributed by absolute PCA loading"
Combined,Random Forest,5,original__glcm__Idm,0.004721656816480433,0.004721656816480433,"native tree importance in PCA space, distributed by absolute PCA loading"
Combined,Random Forest,5,original__glcm__Idmn,0.00686685206365482,0.00686685206365482,"native tree importance in PCA space, distributed by absolute PCA loading"
Combined,Random Forest,5,original__glcm__Idn,0.0063635872814342305,0.0063635872814342305,"native tree importance in PCA space, distributed by absolute PCA loading"
Combined,Random Forest,5,original__glcm__Imc1,0.009969635599743043,0.009969635599743043,"native tree importance in PCA space, distributed by absolute PCA loading"
Combined,Random Forest,5,original__glcm__Imc2,0.0072152194032841085,0.0072152194032841085,"native tree importance in PCA space, distributed by absolute PCA loading"
Combined,Random Forest,5,original__glcm__InverseVariance,0.0029720276657210134,0.0029720276657210134,"native tree importance in PCA space, distributed by absolute PCA loading"
Combined,Random Forest,5,original__glcm__JointAverage,0.004913162796265625,0.004913162796265625,"native tree importance in PCA space, distributed by absolute PCA loading"
Combined,Random Forest,5,original__glcm__JointEnergy,0.004893174232961496,0.004893174232961496,"native tree importance in PCA space, distributed by absolute PCA loading"
Combined,Random Forest,5,original__glcm__JointEntropy,0.002590538680086367,0.002590538680086367,"native tree importance in PCA space, distributed by absolute PCA loading"
Combined,Random Forest,5,original__glcm__MCC,0.009167090894718807,0.009167090894718807,"native tree importance in PCA space, distributed by absolute PCA loading"
Combined,Random Forest,5,original__glcm__MaximumProbability,0.0035112282303898143,0.0035112282303898143,"native tree importance in PCA space, distributed by absolute PCA loading"
Combined,Random Forest,5,original__glcm__SumAverage,0.004074861292134898,0.004074861292134898,"native tree importance in PCA space, distributed by absolute PCA loading"
Combined,Random Forest,5,original__glcm__SumEntropy,0.0027210734108248785,0.0027210734108248785,"native tree importance in PCA space, distributed by absolute PCA loading"
Combined,Random Forest,5,original__glcm__SumSquares,0.003065287622832214,0.003065287622832214,"native tree importance in PCA space, distributed by absolute PCA loading"
Combined,Random Forest,5,original__gldm__DependenceEntropy,0.005501229728400283,0.005501229728400283,"native tree importance in PCA space, distributed by absolute PCA loading"
Combined,Random Forest,5,original__gldm__DependenceNonUniformity,0.006281821069415544,0.006281821069415544,"native tree importance in PCA space, distributed by absolute PCA loading"
Combined,Random Forest,5,original__gldm__DependenceNonUniformityNormalized,0.006595952507824635,0.006595952507824635,"native tree importance in PCA space, distributed by absolute PCA loading"
Combined,Random Forest,5,original__gldm__DependenceVariance,0.008175706771512118,0.008175706771512118,"native tree importance in PCA space, distributed by absolute PCA loading"
Combined,Random Forest,5,original__gldm__GrayLevelNonUniformity,0.005387874308463829,0.005387874308463829,"native tree importance in PCA space, distributed by absolute PCA loading"
Combined,Random Forest,5,original__gldm__GrayLevelVariance,0.0030033093285544675,0.0030033093285544675,"native tree importance in PCA space, distributed by absolute PCA loading"
Combined,Random Forest,5,original__gldm__HighGrayLevelEmphasis,0.005002361389802166,0.005002361389802166,"native tree importance in PCA space, distributed by absolute PCA loading"
Combined,Random Forest,5,original__gldm__LargeDependenceEmphasis,0.0061321990948256236,0.0061321990948256236,"native tree importance in PCA space, distributed by absolute PCA loading"
Combined,Random Forest,5,original__gldm__LargeDependenceHighGrayLevelEmphasis,0.006579541955529713,0.006579541955529713,"native tree importance in PCA space, distributed by absolute PCA loading"
Combined,Random Forest,5,original__gldm__LargeDependenceLowGrayLevelEmphasis,0.005474665728528242,0.005474665728528242,"native tree importance in PCA space, distributed by absolute PCA loading"
Combined,Random Forest,5,original__gldm__LowGrayLevelEmphasis,0.00501393421198168,0.00501393421198168,"native tree importance in PCA space, distributed by absolute PCA loading"
Combined,Random Forest,5,original__gldm__SmallDependenceEmphasis,0.005957083512207334,0.005957083512207334,"native tree importance in PCA space, distributed by absolute PCA loading"
Combined,Random Forest,5,original__gldm__SmallDependenceHighGrayLevelEmphasis,0.003506688656895154,0.003506688656895154,"native tree importance in PCA space, distributed by absolute PCA loading"
Combined,Random Forest,5,original__gldm__SmallDependenceLowGrayLevelEmphasis,0.007675161637893901,0.007675161637893901,"native tree importance in PCA space, distributed by absolute PCA loading"
Combined,Random Forest,5,original__glrlm__GrayLevelNonUniformity,0.005558061330520487,0.005558061330520487,"native tree importance in PCA space, distributed by absolute PCA loading"
Combined,Random Forest,5,original__glrlm__GrayLevelNonUniformityNormalized,0.003070842071718453,0.003070842071718453,"native tree importance in PCA space, distributed by absolute PCA loading"
Combined,Random Forest,5,original__glrlm__GrayLevelVariance,0.0029681038612479156,0.0029681038612479156,"native tree importance in PCA space, distributed by absolute PCA loading"
Combined,Random Forest,5,original__glrlm__HighGrayLevelRunEmphasis,0.004944075767156986,0.004944075767156986,"native tree importance in PCA space, distributed by absolute PCA loading"
Combined,Random Forest,5,original__glrlm__LongRunEmphasis,0.005602506398169568,0.005602506398169568,"native tree importance in PCA space, distributed by absolute PCA loading"
Combined,Random Forest,5,original__glrlm__LongRunHighGrayLevelEmphasis,0.006803614959969912,0.006803614959969912,"native tree importance in PCA space, distributed by absolute PCA loading"
Combined,Random Forest,5,original__glrlm__LongRunLowGrayLevelEmphasis,0.0052883505672125675,0.0052883505672125675,"native tree importance in PCA space, distributed by absolute PCA loading"
Combined,Random Forest,5,original__glrlm__LowGrayLevelRunEmphasis,0.005688047097337567,0.005688047097337567,"native tree importance in PCA space, distributed by absolute PCA loading"
Combined,Random Forest,5,original__glrlm__RunEntropy,0.006941991146753453,0.006941991146753453,"native tree importance in PCA space, distributed by absolute PCA loading"
Combined,Random Forest,5,original__glrlm__RunLengthNonUniformity,0.006649222179051265,0.006649222179051265,"native tree importance in PCA space, distributed by absolute PCA loading"
Combined,Random Forest,5,original__glrlm__RunLengthNonUniformityNormalized,0.004467491979254949,0.004467491979254949,"native tree importance in PCA space, distributed by absolute PCA loading"
Combined,Random Forest,5,original__glrlm__RunPercentage,0.006266587892295073,0.006266587892295073,"native tree importance in PCA space, distributed by absolute PCA loading"
Combined,Random Forest,5,original__glrlm__RunVariance,0.011008585607706536,0.011008585607706536,"native tree importance in PCA space, distributed by absolute PCA loading"
Combined,Random Forest,5,original__glrlm__ShortRunEmphasis,0.00458448497526644,0.00458448497526644,"native tree importance in PCA space, distributed by absolute PCA loading"
Combined,Random Forest,5,original__glrlm__ShortRunHighGrayLevelEmphasis,0.005210528475638922,0.005210528475638922,"native tree importance in PCA space, distributed by absolute PCA loading"
Combined,Random Forest,5,original__glrlm__ShortRunLowGrayLevelEmphasis,0.0060960918817628265,0.0060960918817628265,"native tree importance in PCA space, distributed by absolute PCA loading"
Combined,Random Forest,5,original__glszm__GrayLevelNonUniformity,0.009571847240165087,0.009571847240165087,"native tree importance in PCA space, distributed by absolute PCA loading"
Combined,Random Forest,5,original__glszm__GrayLevelNonUniformityNormalized,0.004197498926760852,0.004197498926760852,"native tree importance in PCA space, distributed by absolute PCA loading"
Combined,Random Forest,5,original__glszm__GrayLevelVariance,0.006135151248168744,0.006135151248168744,"native tree importance in PCA space, distributed by absolute PCA loading"
Combined,Random Forest,5,original__glszm__HighGrayLevelZoneEmphasis,0.0050402667001331,0.0050402667001331,"native tree importance in PCA space, distributed by absolute PCA loading"
Combined,Random Forest,5,original__glszm__LargeAreaEmphasis,0.006806985485171986,0.006806985485171986,"native tree importance in PCA space, distributed by absolute PCA loading"
Combined,Random Forest,5,original__glszm__LargeAreaHighGrayLevelEmphasis,0.006245387090706542,0.006245387090706542,"native tree importance in PCA space, distributed by absolute PCA loading"
Combined,Random Forest,5,original__glszm__LargeAreaLowGrayLevelEmphasis,0.00999950291374766,0.00999950291374766,"native tree importance in PCA space, distributed by absolute PCA loading"
Combined,Random Forest,5,original__glszm__LowGrayLevelZoneEmphasis,0.005012122755680838,0.005012122755680838,"native tree importance in PCA space, distributed by absolute PCA loading"
Combined,Random Forest,5,original__glszm__SizeZoneNonUniformity,0.00844189683506958,0.00844189683506958,"native tree importance in PCA space, distributed by absolute PCA loading"
Combined,Random Forest,5,original__glszm__SizeZoneNonUniformityNormalized,0.006392171161470999,0.006392171161470999,"native tree importance in PCA space, distributed by absolute PCA loading"
Combined,Random Forest,5,original__glszm__SmallAreaEmphasis,0.006914267061680796,0.006914267061680796,"native tree importance in PCA space, distributed by absolute PCA loading"
Combined,Random Forest,5,original__glszm__SmallAreaHighGrayLevelEmphasis,0.005634162651400458,0.005634162651400458,"native tree importance in PCA space, distributed by absolute PCA loading"
Combined,Random Forest,5,original__glszm__SmallAreaLowGrayLevelEmphasis,0.004588590654233854,0.004588590654233854,"native tree importance in PCA space, distributed by absolute PCA loading"
Combined,Random Forest,5,original__glszm__ZoneEntropy,0.008215808862082554,0.008215808862082554,"native tree importance in PCA space, distributed by absolute PCA loading"
Combined,Random Forest,5,original__glszm__ZonePercentage,0.006309003902587634,0.006309003902587634,"native tree importance in PCA space, distributed by absolute PCA loading"
Combined,Random Forest,5,original__glszm__ZoneVariance,0.006826366910088547,0.006826366910088547,"native tree importance in PCA space, distributed by absolute PCA loading"
Combined,Random Forest,5,original__ngtdm__Busyness,0.007826903230297177,0.007826903230297177,"native tree importance in PCA space, distributed by absolute PCA loading"
Combined,Random Forest,5,original__ngtdm__Coarseness,0.007179682305680843,0.007179682305680843,"native tree importance in PCA space, distributed by absolute PCA loading"
Combined,Random Forest,5,original__ngtdm__Complexity,0.006476327840448764,0.006476327840448764,"native tree importance in PCA space, distributed by absolute PCA loading"
Combined,Random Forest,5,original__ngtdm__Contrast,0.008123576671346885,0.008123576671346885,"native tree importance in PCA space, distributed by absolute PCA loading"
Combined,Random Forest,5,original__ngtdm__Strength,0.006743712962177334,0.006743712962177334,"native tree importance in PCA space, distributed by absolute PCA loading"
Combined,Random Forest,5,Age,0.008884407017551636,0.008884407017551636,"native tree importance in PCA space, distributed by absolute PCA loading"
Combined,Random Forest,5,Sex,0.010788890872806704,0.010788890872806704,"native tree importance in PCA space, distributed by absolute PCA loading"
Combined,Random Forest,5,High blood pressure,0.011007358255565617,0.011007358255565617,"native tree importance in PCA space, distributed by absolute PCA loading"
Combined,Random Forest,5,Degenerative brain disease,0.011159509739850748,0.011159509739850748,"native tree importance in PCA space, distributed by absolute PCA loading"
Combined,Random Forest,5,type of degenerative brain disease,0.01155918745806966,0.01155918745806966,"native tree importance in PCA space, distributed by absolute PCA loading"
Combined,Random Forest,5,WBC,0.0116071853870412,0.0116071853870412,"native tree importance in PCA space, distributed by absolute PCA loading"
Combined,Random Forest,5,RBC,0.009971314119023956,0.009971314119023956,"native tree importance in PCA space, distributed by absolute PCA loading"
Combined,Random Forest,5,hemoglobin,0.011030173324733963,0.011030173324733963,"native tree importance in PCA space, distributed by absolute PCA loading"
Combined,Random Forest,5,Anemia,0.01125798372126402,0.01125798372126402,"native tree importance in PCA space, distributed by absolute PCA loading"
Combined,Random Forest,5,platelet count,0.010552783508254284,0.010552783508254284,"native tree importance in PCA space, distributed by absolute PCA loading"
Combined,Random Forest,5,PTT,0.009971167380451193,0.009971167380451193,"native tree importance in PCA space, distributed by absolute PCA loading"
Combined,Random Forest,5,PT,0.008992312594076004,0.008992312594076004,"native tree importance in PCA space, distributed by absolute PCA loading"
Combined,Random Forest,5,INR,0.008547651537888397,0.008547651537888397,"native tree importance in PCA space, distributed by absolute PCA loading"
Combined,Random Forest,5,Creatinin,0.015968004323031103,0.015968004323031103,"native tree importance in PCA space, distributed by absolute PCA loading"
Combined,Random Forest,5,on admission GCS,0.010543431199718381,0.010543431199718381,"native tree importance in PCA space, distributed by absolute PCA loading"
Combined,Random Forest,5,Contusion,0.01113041092114914,0.01113041092114914,"native tree importance in PCA space, distributed by absolute PCA loading"
Combined,Random Forest,5,Intraparenchymal,0.014107655272141672,0.014107655272141672,"native tree importance in PCA space, distributed by absolute PCA loading"
Combined,Random Forest,5,Subdural,0.01110981837395078,0.01110981837395078,"native tree importance in PCA space, distributed by absolute PCA loading"
Combined,Random Forest,5,Subarachnoid,0.011980974928539752,0.011980974928539752,"native tree importance in PCA space, distributed by absolute PCA loading"
Combined,Random Forest,5,Epidural,0.011704683379339347,0.011704683379339347,"native tree importance in PCA space, distributed by absolute PCA loading"
Combined,Random Forest,5,IVH,0.012822011795643988,0.012822011795643988,"native tree importance in PCA space, distributed by absolute PCA loading"
Combined,Random Forest,5,type_of_hemorrhage_num,0.013127160685738413,0.013127160685738413,"native tree importance in PCA space, distributed by absolute PCA loading"
Combined,Random Forest,5,leukocytosis,0.008966349667441134,0.008966349667441134,"native tree importance in PCA space, distributed by absolute PCA loading"
Combined,Random Forest,5,thrombocytopenia,0.009810748141258319,0.009810748141258319,"native tree importance in PCA space, distributed by absolute PCA loading"
Combined,Random Forest,5,long PTT,0.010750513287803493,0.010750513287803493,"native tree importance in PCA space, distributed by absolute PCA loading"
Combined,Random Forest,5,long PT,0.010828353899633138,0.010828353899633138,"native tree importance in PCA space, distributed by absolute PCA loading"
Combined,Random Forest,5,long INR,0.010799923331292016,0.010799923331292016,"native tree importance in PCA space, distributed by absolute PCA loading"
Combined,Random Forest,5,kidney failure,0.014976923086355414,0.014976923086355414,"native tree importance in PCA space, distributed by absolute PCA loading"
Combined,Gradient Boosting,1,original__shape__Elongation,0.004884077081314744,0.0048840770813147446,"native tree importance in PCA space, distributed by absolute PCA loading"
Combined,Gradient Boosting,1,original__shape__Flatness,0.009945188652839502,0.009945188652839504,"native tree importance in PCA space, distributed by absolute PCA loading"
Combined,Gradient Boosting,1,original__shape__LeastAxisLength,0.006180512343789158,0.006180512343789159,"native tree importance in PCA space, distributed by absolute PCA loading"
Combined,Gradient Boosting,1,original__shape__MajorAxisLength,0.011706809163424488,0.01170680916342449,"native tree importance in PCA space, distributed by absolute PCA loading"
Combined,Gradient Boosting,1,original__shape__Maximum2DDiameterColumn,0.010620142777122248,0.01062014277712225,"native tree importance in PCA space, distributed by absolute PCA loading"
Combined,Gradient Boosting,1,original__shape__Maximum2DDiameterRow,0.007695256771424238,0.007695256771424239,"native tree importance in PCA space, distributed by absolute PCA loading"
Combined,Gradient Boosting,1,original__shape__Maximum2DDiameterSlice,0.00841099821029684,0.008410998210296842,"native tree importance in PCA space, distributed by absolute PCA loading"
Combined,Gradient Boosting,1,original__shape__Maximum3DDiameter,0.009800634183042436,0.009800634183042438,"native tree importance in PCA space, distributed by absolute PCA loading"
Combined,Gradient Boosting,1,original__shape__MeshVolume,0.008009619593712877,0.008009619593712878,"native tree importance in PCA space, distributed by absolute PCA loading"
Combined,Gradient Boosting,1,original__shape__MinorAxisLength,0.00965377544065949,0.009653775440659491,"native tree importance in PCA space, distributed by absolute PCA loading"
Combined,Gradient Boosting,1,original__shape__Sphericity,0.006014280024273855,0.006014280024273856,"native tree importance in PCA space, distributed by absolute PCA loading"
Combined,Gradient Boosting,1,original__shape__SurfaceArea,0.006327857110072961,0.006327857110072962,"native tree importance in PCA space, distributed by absolute PCA loading"
Combined,Gradient Boosting,1,original__shape__SurfaceVolumeRatio,0.006732650715369335,0.0067326507153693356,"native tree importance in PCA space, distributed by absolute PCA loading"
Combined,Gradient Boosting,1,original__shape__VoxelVolume,0.007571452969120844,0.0075714529691208446,"native tree importance in PCA space, distributed by absolute PCA loading"
Combined,Gradient Boosting,1,original__firstorder__10Percentile,0.010714662847405295,0.010714662847405297,"native tree importance in PCA space, distributed by absolute PCA loading"
Combined,Gradient Boosting,1,original__firstorder__90Percentile,0.005087090347616516,0.005087090347616517,"native tree importance in PCA space, distributed by absolute PCA loading"
Combined,Gradient Boosting,1,original__firstorder__Energy,0.00749678112934756,0.0074967811293475605,"native tree importance in PCA space, distributed by absolute PCA loading"
Combined,Gradient Boosting,1,original__firstorder__Entropy,0.0036765449351109803,0.0036765449351109807,"native tree importance in PCA space, distributed by absolute PCA loading"
Combined,Gradient Boosting,1,original__firstorder__InterquartileRange,0.00882587142475693,0.008825871424756932,"native tree importance in PCA space, distributed by absolute PCA loading"
Combined,Gradient Boosting,1,original__firstorder__Kurtosis,0.010423926428281584,0.010423926428281586,"native tree importance in PCA space, distributed by absolute PCA loading"
Combined,Gradient Boosting,1,original__firstorder__Maximum,0.008126665656884599,0.0081266656568846,"native tree importance in PCA space, distributed by absolute PCA loading"
Combined,Gradient Boosting,1,original__firstorder__MeanAbsoluteDeviation,0.005024831766582014,0.0050248317665820144,"native tree importance in PCA space, distributed by absolute PCA loading"
Combined,Gradient Boosting,1,original__firstorder__Mean,0.006863827808210594,0.006863827808210595,"native tree importance in PCA space, distributed by absolute PCA loading"
Combined,Gradient Boosting,1,original__firstorder__Median,0.006953966899412301,0.006953966899412302,"native tree importance in PCA space, distributed by absolute PCA loading"
Combined,Gradient Boosting,1,original__firstorder__Minimum,0.004486470061618646,0.004486470061618647,"native tree importance in PCA space, distributed by absolute PCA loading"
Combined,Gradient Boosting,1,original__firstorder__Range,0.005571815672297862,0.005571815672297863,"native tree importance in PCA space, distributed by absolute PCA loading"
Combined,Gradient Boosting,1,original__firstorder__RobustMeanAbsoluteDeviation,0.009798977719907532,0.009798977719907533,"native tree importance in PCA space, distributed by absolute PCA loading"
Combined,Gradient Boosting,1,original__firstorder__RootMeanSquared,0.006766673267951317,0.006766673267951318,"native tree importance in PCA space, distributed by absolute PCA loading"
Combined,Gradient Boosting,1,original__firstorder__Skewness,0.008448259666172117,0.008448259666172119,"native tree importance in PCA space, distributed by absolute PCA loading"
Combined,Gradient Boosting,1,original__firstorder__TotalEnergy,0.0068699187161838276,0.006869918716183828,"native tree importance in PCA space, distributed by absolute PCA loading"
Combined,Gradient Boosting,1,original__firstorder__Uniformity,0.005383655608040103,0.005383655608040104,"native tree importance in PCA space, distributed by absolute PCA loading"
Combined,Gradient Boosting,1,original__firstorder__Variance,0.006900581365754021,0.006900581365754022,"native tree importance in PCA space, distributed by absolute PCA loading"
Combined,Gradient Boosting,1,original__glcm__Autocorrelation,0.0045766267750127895,0.00457662677501279,"native tree importance in PCA space, distributed by absolute PCA loading"
Combined,Gradient Boosting,1,original__glcm__ClusterProminence,0.005989939530174688,0.0059899395301746886,"native tree importance in PCA space, distributed by absolute PCA loading"
Combined,Gradient Boosting,1,original__glcm__ClusterShade,0.009316052421250548,0.00931605242125055,"native tree importance in PCA space, distributed by absolute PCA loading"
Combined,Gradient Boosting,1,original__glcm__ClusterTendency,0.005965664745764301,0.005965664745764302,"native tree importance in PCA space, distributed by absolute PCA loading"
Combined,Gradient Boosting,1,original__glcm__Contrast,0.0066072939790332305,0.006607293979033231,"native tree importance in PCA space, distributed by absolute PCA loading"
Combined,Gradient Boosting,1,original__glcm__Correlation,0.008232055335512353,0.008232055335512354,"native tree importance in PCA space, distributed by absolute PCA loading"
Combined,Gradient Boosting,1,original__glcm__DifferenceAverage,0.0037266142408772756,0.003726614240877276,"native tree importance in PCA space, distributed by absolute PCA loading"
Combined,Gradient Boosting,1,original__glcm__DifferenceEntropy,0.0021758961755412886,0.002175896175541289,"native tree importance in PCA space, distributed by absolute PCA loading"
Combined,Gradient Boosting,1,original__glcm__DifferenceVariance,0.007404490384732804,0.007404490384732805,"native tree importance in PCA space, distributed by absolute PCA loading"
Combined,Gradient Boosting,1,original__glcm__Id,0.0035020625110666814,0.003502062511066682,"native tree importance in PCA space, distributed by absolute PCA loading"
Combined,Gradient Boosting,1,original__glcm__Idm,0.0063640129974029385,0.006364012997402939,"native tree importance in PCA space, distributed by absolute PCA loading"
Combined,Gradient Boosting,1,original__glcm__Idmn,0.008038142171651313,0.008038142171651315,"native tree importance in PCA space, distributed by absolute PCA loading"
Combined,Gradient Boosting,1,original__glcm__Idn,0.006439379465777304,0.006439379465777305,"native tree importance in PCA space, distributed by absolute PCA loading"
Combined,Gradient Boosting,1,original__glcm__Imc1,0.006132991991870379,0.00613299199187038,"native tree importance in PCA space, distributed by absolute PCA loading"
Combined,Gradient Boosting,1,original__glcm__Imc2,0.0043928854202268785,0.004392885420226879,"native tree importance in PCA space, distributed by absolute PCA loading"
Combined,Gradient Boosting,1,original__glcm__InverseVariance,0.0034072337945677787,0.003407233794567779,"native tree importance in PCA space, distributed by absolute PCA loading"
Combined,Gradient Boosting,1,original__glcm__JointAverage,0.005574321955233573,0.005574321955233574,"native tree importance in PCA space, distributed by absolute PCA loading"
Combined,Gradient Boosting,1,original__glcm__JointEnergy,0.005908550838599287,0.0059085508385992875,"native tree importance in PCA space, distributed by absolute PCA loading"
Combined,Gradient Boosting,1,original__glcm__JointEntropy,0.0028148924229461614,0.002814892422946162,"native tree importance in PCA space, distributed by absolute PCA loading"
Combined,Gradient Boosting,1,original__glcm__MCC,0.008624886669286944,0.008624886669286945,"native tree importance in PCA space, distributed by absolute PCA loading"
Combined,Gradient Boosting,1,original__glcm__MaximumProbability,0.004576891343607984,0.0045768913436079845,"native tree importance in PCA space, distributed by absolute PCA loading"
Combined,Gradient Boosting,1,original__glcm__SumAverage,0.004449176547160069,0.00444917654716007,"native tree importance in PCA space, distributed by absolute PCA loading"
Combined,Gradient Boosting,1,original__glcm__SumEntropy,0.0024946716637468465,0.002494671663746847,"native tree importance in PCA space, distributed by absolute PCA loading"
Combined,Gradient Boosting,1,original__glcm__SumSquares,0.005940622246091285,0.005940622246091286,"native tree importance in PCA space, distributed by absolute PCA loading"
Combined,Gradient Boosting,1,original__gldm__DependenceEntropy,0.006679427729009283,0.006679427729009284,"native tree importance in PCA space, distributed by absolute PCA loading"
Combined,Gradient Boosting,1,original__gldm__DependenceNonUniformity,0.007133456047314404,0.007133456047314405,"native tree importance in PCA space, distributed by absolute PCA loading"
Combined,Gradient Boosting,1,original__gldm__DependenceNonUniformityNormalized,0.006101041859920981,0.006101041859920982,"native tree importance in PCA space, distributed by absolute PCA loading"
Combined,Gradient Boosting,1,original__gldm__DependenceVariance,0.008165807045019985,0.008165807045019987,"native tree importance in PCA space, distributed by absolute PCA loading"
Combined,Gradient Boosting,1,original__gldm__GrayLevelNonUniformity,0.0053874134804244205,0.005387413480424421,"native tree importance in PCA space, distributed by absolute PCA loading"
Combined,Gradient Boosting,1,original__gldm__GrayLevelVariance,0.005715546051787404,0.005715546051787405,"native tree importance in PCA space, distributed by absolute PCA loading"
Combined,Gradient Boosting,1,original__gldm__HighGrayLevelEmphasis,0.005589350112373429,0.00558935011237343,"native tree importance in PCA space, distributed by absolute PCA loading"
Combined,Gradient Boosting,1,original__gldm__LargeDependenceEmphasis,0.007124019724129013,0.007124019724129014,"native tree importance in PCA space, distributed by absolute PCA loading"
Combined,Gradient Boosting,1,original__gldm__LargeDependenceHighGrayLevelEmphasis,0.007746459888289791,0.007746459888289792,"native tree importance in PCA space, distributed by absolute PCA loading"
Combined,Gradient Boosting,1,original__gldm__LargeDependenceLowGrayLevelEmphasis,0.006600393314894778,0.006600393314894779,"native tree importance in PCA space, distributed by absolute PCA loading"
Combined,Gradient Boosting,1,original__gldm__LowGrayLevelEmphasis,0.005784797663891976,0.0057847976638919765,"native tree importance in PCA space, distributed by absolute PCA loading"
Combined,Gradient Boosting,1,original__gldm__SmallDependenceEmphasis,0.006654365201664104,0.0066543652016641044,"native tree importance in PCA space, distributed by absolute PCA loading"
Combined,Gradient Boosting,1,original__gldm__SmallDependenceHighGrayLevelEmphasis,0.0043035491412623875,0.004303549141262388,"native tree importance in PCA space, distributed by absolute PCA loading"
Combined,Gradient Boosting,1,original__gldm__SmallDependenceLowGrayLevelEmphasis,0.009013404833833108,0.00901340483383311,"native tree importance in PCA space, distributed by absolute PCA loading"
Combined,Gradient Boosting,1,original__glrlm__GrayLevelNonUniformity,0.00545715642980581,0.005457156429805811,"native tree importance in PCA space, distributed by absolute PCA loading"
Combined,Gradient Boosting,1,original__glrlm__GrayLevelNonUniformityNormalized,0.0032485034752536106,0.003248503475253611,"native tree importance in PCA space, distributed by absolute PCA loading"
Combined,Gradient Boosting,1,original__glrlm__GrayLevelVariance,0.005558009239701307,0.0055580092397013075,"native tree importance in PCA space, distributed by absolute PCA loading"
Combined,Gradient Boosting,1,original__glrlm__HighGrayLevelRunEmphasis,0.005580531182494686,0.005580531182494687,"native tree importance in PCA space, distributed by absolute PCA loading"
Combined,Gradient Boosting,1,original__glrlm__LongRunEmphasis,0.00734020534002104,0.007340205340021041,"native tree importance in PCA space, distributed by absolute PCA loading"
Combined,Gradient Boosting,1,original__glrlm__LongRunHighGrayLevelEmphasis,0.006277707857147489,0.00627770785714749,"native tree importance in PCA space, distributed by absolute PCA loading"
Combined,Gradient Boosting,1,original__glrlm__LongRunLowGrayLevelEmphasis,0.006618020600472619,0.00661802060047262,"native tree importance in PCA space, distributed by absolute PCA loading"
Combined,Gradient Boosting,1,original__glrlm__LowGrayLevelRunEmphasis,0.0075676344024040556,0.007567634402404056,"native tree importance in PCA space, distributed by absolute PCA loading"
Combined,Gradient Boosting,1,original__glrlm__RunEntropy,0.006291644641589304,0.006291644641589305,"native tree importance in PCA space, distributed by absolute PCA loading"
Combined,Gradient Boosting,1,original__glrlm__RunLengthNonUniformity,0.00812842244991873,0.008128422449918732,"native tree importance in PCA space, distributed by absolute PCA loading"
Combined,Gradient Boosting,1,original__glrlm__RunLengthNonUniformityNormalized,0.0055177640648950465,0.005517764064895047,"native tree importance in PCA space, distributed by absolute PCA loading"
Combined,Gradient Boosting,1,original__glrlm__RunPercentage,0.00608295881572496,0.006082958815724961,"native tree importance in PCA space, distributed by absolute PCA loading"
Combined,Gradient Boosting,1,original__glrlm__RunVariance,0.008270661582934524,0.008270661582934526,"native tree importance in PCA space, distributed by absolute PCA loading"
Combined,Gradient Boosting,1,original__glrlm__ShortRunEmphasis,0.005719052102975615,0.0057190521029756155,"native tree importance in PCA space, distributed by absolute PCA loading"
Combined,Gradient Boosting,1,original__glrlm__ShortRunHighGrayLevelEmphasis,0.004356133701646392,0.004356133701646393,"native tree importance in PCA space, distributed by absolute PCA loading"
Combined,Gradient Boosting,1,original__glrlm__ShortRunLowGrayLevelEmphasis,0.007869770684101147,0.007869770684101149,"native tree importance in PCA space, distributed by absolute PCA loading"
Combined,Gradient Boosting,1,original__glszm__GrayLevelNonUniformity,0.009285440727805253,0.009285440727805254,"native tree importance in PCA space, distributed by absolute PCA loading"
Combined,Gradient Boosting,1,original__glszm__GrayLevelNonUniformityNormalized,0.00504523570780238,0.005045235707802381,"native tree importance in PCA space, distributed by absolute PCA loading"
Combined,Gradient Boosting,1,original__glszm__GrayLevelVariance,0.006151292138803032,0.0061512921388030325,"native tree importance in PCA space, distributed by absolute PCA loading"
Combined,Gradient Boosting,1,original__glszm__HighGrayLevelZoneEmphasis,0.00556952681506587,0.005569526815065871,"native tree importance in PCA space, distributed by absolute PCA loading"
Combined,Gradient Boosting,1,original__glszm__LargeAreaEmphasis,0.007057461420683911,0.007057461420683912,"native tree importance in PCA space, distributed by absolute PCA loading"
Combined,Gradient Boosting,1,original__glszm__LargeAreaHighGrayLevelEmphasis,0.007498336142350814,0.007498336142350815,"native tree importance in PCA space, distributed by absolute PCA loading"
Combined,Gradient Boosting,1,original__glszm__LargeAreaLowGrayLevelEmphasis,0.011045330250100373,0.011045330250100375,"native tree importance in PCA space, distributed by absolute PCA loading"
Combined,Gradient Boosting,1,original__glszm__LowGrayLevelZoneEmphasis,0.00484483211513442,0.0048448321151344205,"native tree importance in PCA space, distributed by absolute PCA loading"
Combined,Gradient Boosting,1,original__glszm__SizeZoneNonUniformity,0.007841702637875559,0.00784170263787556,"native tree importance in PCA space, distributed by absolute PCA loading"
Combined,Gradient Boosting,1,original__glszm__SizeZoneNonUniformityNormalized,0.008274637366099229,0.00827463736609923,"native tree importance in PCA space, distributed by absolute PCA loading"
Combined,Gradient Boosting,1,original__glszm__SmallAreaEmphasis,0.007935377052235723,0.007935377052235725,"native tree importance in PCA space, distributed by absolute PCA loading"
Combined,Gradient Boosting,1,original__glszm__SmallAreaHighGrayLevelEmphasis,0.005136895917405303,0.0051368959174053035,"native tree importance in PCA space, distributed by absolute PCA loading"
Combined,Gradient Boosting,1,original__glszm__SmallAreaLowGrayLevelEmphasis,0.00500225540483813,0.005002255404838131,"native tree importance in PCA space, distributed by absolute PCA loading"
Combined,Gradient Boosting,1,original__glszm__ZoneEntropy,0.00967992690938746,0.009679926909387461,"native tree importance in PCA space, distributed by absolute PCA loading"
Combined,Gradient Boosting,1,original__glszm__ZonePercentage,0.0065002785157299275,0.006500278515729928,"native tree importance in PCA space, distributed by absolute PCA loading"
Combined,Gradient Boosting,1,original__glszm__ZoneVariance,0.0070397645941641315,0.007039764594164132,"native tree importance in PCA space, distributed by absolute PCA loading"
Combined,Gradient Boosting,1,original__ngtdm__Busyness,0.009191110444777398,0.0091911104447774,"native tree importance in PCA space, distributed by absolute PCA loading"
Combined,Gradient Boosting,1,original__ngtdm__Coarseness,0.006124113779734432,0.006124113779734433,"native tree importance in PCA space, distributed by absolute PCA loading"
Combined,Gradient Boosting,1,original__ngtdm__Complexity,0.01011644161636114,0.010116441616361141,"native tree importance in PCA space, distributed by absolute PCA loading"
Combined,Gradient Boosting,1,original__ngtdm__Contrast,0.008516822477940162,0.008516822477940163,"native tree importance in PCA space, distributed by absolute PCA loading"
Combined,Gradient Boosting,1,original__ngtdm__Strength,0.0057123417402293025,0.005712341740229303,"native tree importance in PCA space, distributed by absolute PCA loading"
Combined,Gradient Boosting,1,Age,0.009624042295954278,0.00962404229595428,"native tree importance in PCA space, distributed by absolute PCA loading"
Combined,Gradient Boosting,1,Sex,0.014132411042059185,0.014132411042059187,"native tree importance in PCA space, distributed by absolute PCA loading"
Combined,Gradient Boosting,1,High blood pressure,0.01135397504004032,0.011353975040040322,"native tree importance in PCA space, distributed by absolute PCA loading"
Combined,Gradient Boosting,1,Degenerative brain disease,0.012247175760022403,0.012247175760022405,"native tree importance in PCA space, distributed by absolute PCA loading"
Combined,Gradient Boosting,1,type of degenerative brain disease,0.012247175760022403,0.012247175760022405,"native tree importance in PCA space, distributed by absolute PCA loading"
Combined,Gradient Boosting,1,WBC,0.008228609007256244,0.008228609007256246,"native tree importance in PCA space, distributed by absolute PCA loading"
Combined,Gradient Boosting,1,RBC,0.006280639634985359,0.00628063963498536,"native tree importance in PCA space, distributed by absolute PCA loading"
Combined,Gradient Boosting,1,hemoglobin,0.009084514326751237,0.009084514326751239,"native tree importance in PCA space, distributed by absolute PCA loading"
Combined,Gradient Boosting,1,Anemia,0.007212789555795666,0.007212789555795667,"native tree importance in PCA space, distributed by absolute PCA loading"
Combined,Gradient Boosting,1,platelet count,0.008732827438232341,0.008732827438232343,"native tree importance in PCA space, distributed by absolute PCA loading"
Combined,Gradient Boosting,1,PTT,0.011481695785709217,0.011481695785709218,"native tree importance in PCA space, distributed by absolute PCA loading"
Combined,Gradient Boosting,1,PT,0.005365406178627343,0.0053654061786273435,"native tree importance in PCA space, distributed by absolute PCA loading"
Combined,Gradient Boosting,1,INR,0.008559341039332013,0.008559341039332015,"native tree importance in PCA space, distributed by absolute PCA loading"
Combined,Gradient Boosting,1,Creatinin,0.00899910642494785,0.008999106424947851,"native tree importance in PCA space, distributed by absolute PCA loading"
Combined,Gradient Boosting,1,on admission GCS,0.009053129341565826,0.009053129341565828,"native tree importance in PCA space, distributed by absolute PCA loading"
Combined,Gradient Boosting,1,Contusion,0.00970621838452882,0.009706218384528821,"native tree importance in PCA space, distributed by absolute PCA loading"
Combined,Gradient Boosting,1,Intraparenchymal,0.013477712115168858,0.01347771211516886,"native tree importance in PCA space, distributed by absolute PCA loading"
Combined,Gradient Boosting,1,Subdural,0.011754106817302648,0.01175410681730265,"native tree importance in PCA space, distributed by absolute PCA loading"
Combined,Gradient Boosting,1,Subarachnoid,0.012333106752970908,0.01233310675297091,"native tree importance in PCA space, distributed by absolute PCA loading"
Combined,Gradient Boosting,1,Epidural,0.012609268636443413,0.012609268636443415,"native tree importance in PCA space, distributed by absolute PCA loading"
Combined,Gradient Boosting,1,IVH,0.010137499882924039,0.01013749988292404,"native tree importance in PCA space, distributed by absolute PCA loading"
Combined,Gradient Boosting,1,type_of_hemorrhage_num,0.00957304677360713,0.009573046773607131,"native tree importance in PCA space, distributed by absolute PCA loading"
Combined,Gradient Boosting,1,leukocytosis,0.009349230238901874,0.009349230238901876,"native tree importance in PCA space, distributed by absolute PCA loading"
Combined,Gradient Boosting,1,thrombocytopenia,0.01185275407820277,0.011852754078202772,"native tree importance in PCA space, distributed by absolute PCA loading"
Combined,Gradient Boosting,1,long PTT,0.010316363715347963,0.010316363715347965,"native tree importance in PCA space, distributed by absolute PCA loading"
Combined,Gradient Boosting,1,long PT,0.009695745988700846,0.009695745988700847,"native tree importance in PCA space, distributed by absolute PCA loading"
Combined,Gradient Boosting,1,long INR,0.006450295699378524,0.006450295699378525,"native tree importance in PCA space, distributed by absolute PCA loading"
Combined,Gradient Boosting,1,kidney failure,0.011060347860663655,0.011060347860663657,"native tree importance in PCA space, distributed by absolute PCA loading"
Combined,Gradient Boosting,2,original__shape__Elongation,0.008476591297191133,0.008476591297191133,"native tree importance in PCA space, distributed by absolute PCA loading"
Combined,Gradient Boosting,2,original__shape__Flatness,0.008558598611529121,0.008558598611529121,"native tree importance in PCA space, distributed by absolute PCA loading"
Combined,Gradient Boosting,2,original__shape__LeastAxisLength,0.005849634161524516,0.005849634161524516,"native tree importance in PCA space, distributed by absolute PCA loading"
Combined,Gradient Boosting,2,original__shape__MajorAxisLength,0.008622436609228396,0.008622436609228396,"native tree importance in PCA space, distributed by absolute PCA loading"
Combined,Gradient Boosting,2,original__shape__Maximum2DDiameterColumn,0.0145771019647251,0.0145771019647251,"native tree importance in PCA space, distributed by absolute PCA loading"
Combined,Gradient Boosting,2,original__shape__Maximum2DDiameterRow,0.009198205676710095,0.009198205676710095,"native tree importance in PCA space, distributed by absolute PCA loading"
Combined,Gradient Boosting,2,original__shape__Maximum2DDiameterSlice,0.012687230398325349,0.012687230398325349,"native tree importance in PCA space, distributed by absolute PCA loading"
Combined,Gradient Boosting,2,original__shape__Maximum3DDiameter,0.014185104367945336,0.014185104367945336,"native tree importance in PCA space, distributed by absolute PCA loading"
Combined,Gradient Boosting,2,original__shape__MeshVolume,0.007943691186974756,0.007943691186974756,"native tree importance in PCA space, distributed by absolute PCA loading"
Combined,Gradient Boosting,2,original__shape__MinorAxisLength,0.008029630229283383,0.008029630229283383,"native tree importance in PCA space, distributed by absolute PCA loading"
Combined,Gradient Boosting,2,original__shape__Sphericity,0.00890870976125269,0.00890870976125269,"native tree importance in PCA space, distributed by absolute PCA loading"
Combined,Gradient Boosting,2,original__shape__SurfaceArea,0.005340892586583347,0.005340892586583347,"native tree importance in PCA space, distributed by absolute PCA loading"
Combined,Gradient Boosting,2,original__shape__SurfaceVolumeRatio,0.009466705279356504,0.009466705279356504,"native tree importance in PCA space, distributed by absolute PCA loading"
Combined,Gradient Boosting,2,original__shape__VoxelVolume,0.006492735397081268,0.006492735397081268,"native tree importance in PCA space, distributed by absolute PCA loading"
Combined,Gradient Boosting,2,original__firstorder__10Percentile,0.006863264235591408,0.006863264235591408,"native tree importance in PCA space, distributed by absolute PCA loading"
Combined,Gradient Boosting,2,original__firstorder__90Percentile,0.005467345091556694,0.005467345091556694,"native tree importance in PCA space, distributed by absolute PCA loading"
Combined,Gradient Boosting,2,original__firstorder__Energy,0.004973328303375513,0.004973328303375513,"native tree importance in PCA space, distributed by absolute PCA loading"
Combined,Gradient Boosting,2,original__firstorder__Entropy,0.0028679885407586377,0.0028679885407586377,"native tree importance in PCA space, distributed by absolute PCA loading"
Combined,Gradient Boosting,2,original__firstorder__InterquartileRange,0.004912658941776651,0.004912658941776651,"native tree importance in PCA space, distributed by absolute PCA loading"
Combined,Gradient Boosting,2,original__firstorder__Kurtosis,0.0156513351592366,0.0156513351592366,"native tree importance in PCA space, distributed by absolute PCA loading"
Combined,Gradient Boosting,2,original__firstorder__Maximum,0.010499385670713735,0.010499385670713735,"native tree importance in PCA space, distributed by absolute PCA loading"
Combined,Gradient Boosting,2,original__firstorder__MeanAbsoluteDeviation,0.003483321248381138,0.003483321248381138,"native tree importance in PCA space, distributed by absolute PCA loading"
Combined,Gradient Boosting,2,original__firstorder__Mean,0.006208932237142526,0.006208932237142526,"native tree importance in PCA space, distributed by absolute PCA loading"
Combined,Gradient Boosting,2,original__firstorder__Median,0.004959217128872531,0.004959217128872531,"native tree importance in PCA space, distributed by absolute PCA loading"
Combined,Gradient Boosting,2,original__firstorder__Minimum,0.004188054230609213,0.004188054230609213,"native tree importance in PCA space, distributed by absolute PCA loading"
Combined,Gradient Boosting,2,original__firstorder__Range,0.006942801009258027,0.006942801009258027,"native tree importance in PCA space, distributed by absolute PCA loading"
Combined,Gradient Boosting,2,original__firstorder__RobustMeanAbsoluteDeviation,0.00658986889030505,0.00658986889030505,"native tree importance in PCA space, distributed by absolute PCA loading"
Combined,Gradient Boosting,2,original__firstorder__RootMeanSquared,0.005590009385974513,0.005590009385974513,"native tree importance in PCA space, distributed by absolute PCA loading"
Combined,Gradient Boosting,2,original__firstorder__Skewness,0.012872763055483787,0.012872763055483787,"native tree importance in PCA space, distributed by absolute PCA loading"
Combined,Gradient Boosting,2,original__firstorder__TotalEnergy,0.005011174949743346,0.005011174949743346,"native tree importance in PCA space, distributed by absolute PCA loading"
Combined,Gradient Boosting,2,original__firstorder__Uniformity,0.004918768973966496,0.004918768973966496,"native tree importance in PCA space, distributed by absolute PCA loading"
Combined,Gradient Boosting,2,original__firstorder__Variance,0.008660216557293349,0.008660216557293349,"native tree importance in PCA space, distributed by absolute PCA loading"
Combined,Gradient Boosting,2,original__glcm__Autocorrelation,0.002833010255069959,0.002833010255069959,"native tree importance in PCA space, distributed by absolute PCA loading"
Combined,Gradient Boosting,2,original__glcm__ClusterProminence,0.003863241064080668,0.003863241064080668,"native tree importance in PCA space, distributed by absolute PCA loading"
Combined,Gradient Boosting,2,original__glcm__ClusterShade,0.013936600362506296,0.013936600362506296,"native tree importance in PCA space, distributed by absolute PCA loading"
Combined,Gradient Boosting,2,original__glcm__ClusterTendency,0.003863181183769838,0.003863181183769838,"native tree importance in PCA space, distributed by absolute PCA loading"
Combined,Gradient Boosting,2,original__glcm__Contrast,0.003460365301178093,0.003460365301178093,"native tree importance in PCA space, distributed by absolute PCA loading"
Combined,Gradient Boosting,2,original__glcm__Correlation,0.007813497175847343,0.007813497175847343,"native tree importance in PCA space, distributed by absolute PCA loading"
Combined,Gradient Boosting,2,original__glcm__DifferenceAverage,0.003744769505204307,0.003744769505204307,"native tree importance in PCA space, distributed by absolute PCA loading"
Combined,Gradient Boosting,2,original__glcm__DifferenceEntropy,0.0025620575795901137,0.0025620575795901137,"native tree importance in PCA space, distributed by absolute PCA loading"
Combined,Gradient Boosting,2,original__glcm__DifferenceVariance,0.004486036450862976,0.004486036450862976,"native tree importance in PCA space, distributed by absolute PCA loading"
Combined,Gradient Boosting,2,original__glcm__Id,0.004232113506734161,0.004232113506734161,"native tree importance in PCA space, distributed by absolute PCA loading"
Combined,Gradient Boosting,2,original__glcm__Idm,0.00508810810086102,0.00508810810086102,"native tree importance in PCA space, distributed by absolute PCA loading"
Combined,Gradient Boosting,2,original__glcm__Idmn,0.0048019704984750096,0.0048019704984750096,"native tree importance in PCA space, distributed by absolute PCA loading"
Combined,Gradient Boosting,2,original__glcm__Idn,0.004994529705246012,0.004994529705246012,"native tree importance in PCA space, distributed by absolute PCA loading"
Combined,Gradient Boosting,2,original__glcm__Imc1,0.011832961055837605,0.011832961055837605,"native tree importance in PCA space, distributed by absolute PCA loading"
Combined,Gradient Boosting,2,original__glcm__Imc2,0.009302728156727537,0.009302728156727537,"native tree importance in PCA space, distributed by absolute PCA loading"
Combined,Gradient Boosting,2,original__glcm__InverseVariance,0.004616129704909453,0.004616129704909453,"native tree importance in PCA space, distributed by absolute PCA loading"
Combined,Gradient Boosting,2,original__glcm__JointAverage,0.005353622978278691,0.005353622978278691,"native tree importance in PCA space, distributed by absolute PCA loading"
Combined,Gradient Boosting,2,original__glcm__JointEnergy,0.004638146410881152,0.004638146410881152,"native tree importance in PCA space, distributed by absolute PCA loading"
Combined,Gradient Boosting,2,original__glcm__JointEntropy,0.0028125258619481385,0.0028125258619481385,"native tree importance in PCA space, distributed by absolute PCA loading"
Combined,Gradient Boosting,2,original__glcm__MCC,0.01138465174842324,0.01138465174842324,"native tree importance in PCA space, distributed by absolute PCA loading"
Combined,Gradient Boosting,2,original__glcm__MaximumProbability,0.0047529956329101135,0.0047529956329101135,"native tree importance in PCA space, distributed by absolute PCA loading"
Combined,Gradient Boosting,2,original__glcm__SumAverage,0.0042384725777070194,0.0042384725777070194,"native tree importance in PCA space, distributed by absolute PCA loading"
Combined,Gradient Boosting,2,original__glcm__SumEntropy,0.002766114831708662,0.002766114831708662,"native tree importance in PCA space, distributed by absolute PCA loading"
Combined,Gradient Boosting,2,original__glcm__SumSquares,0.0038559895335842616,0.0038559895335842616,"native tree importance in PCA space, distributed by absolute PCA loading"
Combined,Gradient Boosting,2,original__gldm__DependenceEntropy,0.005089684988514,0.005089684988514,"native tree importance in PCA space, distributed by absolute PCA loading"
Combined,Gradient Boosting,2,original__gldm__DependenceNonUniformity,0.005033608784876227,0.005033608784876227,"native tree importance in PCA space, distributed by absolute PCA loading"
Combined,Gradient Boosting,2,original__gldm__DependenceNonUniformityNormalized,0.006570319822107584,0.006570319822107584,"native tree importance in PCA space, distributed by absolute PCA loading"
Combined,Gradient Boosting,2,original__gldm__DependenceVariance,0.007700168269570962,0.007700168269570962,"native tree importance in PCA space, distributed by absolute PCA loading"
Combined,Gradient Boosting,2,original__gldm__GrayLevelNonUniformity,0.005350318250189347,0.005350318250189347,"native tree importance in PCA space, distributed by absolute PCA loading"
Combined,Gradient Boosting,2,original__gldm__GrayLevelVariance,0.0037471403087205313,0.0037471403087205313,"native tree importance in PCA space, distributed by absolute PCA loading"
Combined,Gradient Boosting,2,original__gldm__HighGrayLevelEmphasis,0.005452221117663058,0.005452221117663058,"native tree importance in PCA space, distributed by absolute PCA loading"
Combined,Gradient Boosting,2,original__gldm__LargeDependenceEmphasis,0.0054170390892181956,0.0054170390892181956,"native tree importance in PCA space, distributed by absolute PCA loading"
Combined,Gradient Boosting,2,original__gldm__LargeDependenceHighGrayLevelEmphasis,0.004729056553915146,0.004729056553915146,"native tree importance in PCA space, distributed by absolute PCA loading"
Combined,Gradient Boosting,2,original__gldm__LargeDependenceLowGrayLevelEmphasis,0.004763815327768593,0.004763815327768593,"native tree importance in PCA space, distributed by absolute PCA loading"
Combined,Gradient Boosting,2,original__gldm__LowGrayLevelEmphasis,0.006022495203569555,0.006022495203569555,"native tree importance in PCA space, distributed by absolute PCA loading"
Combined,Gradient Boosting,2,original__gldm__SmallDependenceEmphasis,0.004452521183206483,0.004452521183206483,"native tree importance in PCA space, distributed by absolute PCA loading"
Combined,Gradient Boosting,2,original__gldm__SmallDependenceHighGrayLevelEmphasis,0.0037736093430455926,0.0037736093430455926,"native tree importance in PCA space, distributed by absolute PCA loading"
Combined,Gradient Boosting,2,original__gldm__SmallDependenceLowGrayLevelEmphasis,0.00666216339936204,0.00666216339936204,"native tree importance in PCA space, distributed by absolute PCA loading"
Combined,Gradient Boosting,2,original__glrlm__GrayLevelNonUniformity,0.005300144627818241,0.005300144627818241,"native tree importance in PCA space, distributed by absolute PCA loading"
Combined,Gradient Boosting,2,original__glrlm__GrayLevelNonUniformityNormalized,0.004185426289527112,0.004185426289527112,"native tree importance in PCA space, distributed by absolute PCA loading"
Combined,Gradient Boosting,2,original__glrlm__GrayLevelVariance,0.00369318413824481,0.00369318413824481,"native tree importance in PCA space, distributed by absolute PCA loading"
Combined,Gradient Boosting,2,original__glrlm__HighGrayLevelRunEmphasis,0.005401262603993556,0.005401262603993556,"native tree importance in PCA space, distributed by absolute PCA loading"
Combined,Gradient Boosting,2,original__glrlm__LongRunEmphasis,0.006564472043084919,0.006564472043084919,"native tree importance in PCA space, distributed by absolute PCA loading"
Combined,Gradient Boosting,2,original__glrlm__LongRunHighGrayLevelEmphasis,0.005991226673296686,0.005991226673296686,"native tree importance in PCA space, distributed by absolute PCA loading"
Combined,Gradient Boosting,2,original__glrlm__LongRunLowGrayLevelEmphasis,0.004816790990889443,0.004816790990889443,"native tree importance in PCA space, distributed by absolute PCA loading"
Combined,Gradient Boosting,2,original__glrlm__LowGrayLevelRunEmphasis,0.006379386238438835,0.006379386238438835,"native tree importance in PCA space, distributed by absolute PCA loading"
Combined,Gradient Boosting,2,original__glrlm__RunEntropy,0.005317746672728009,0.005317746672728009,"native tree importance in PCA space, distributed by absolute PCA loading"
Combined,Gradient Boosting,2,original__glrlm__RunLengthNonUniformity,0.00699489664277859,0.00699489664277859,"native tree importance in PCA space, distributed by absolute PCA loading"
Combined,Gradient Boosting,2,original__glrlm__RunLengthNonUniformityNormalized,0.003298039181061908,0.003298039181061908,"native tree importance in PCA space, distributed by absolute PCA loading"
Combined,Gradient Boosting,2,original__glrlm__RunPercentage,0.0066596140458880584,0.0066596140458880584,"native tree importance in PCA space, distributed by absolute PCA loading"
Combined,Gradient Boosting,2,original__glrlm__RunVariance,0.008084884667216047,0.008084884667216047,"native tree importance in PCA space, distributed by absolute PCA loading"
Combined,Gradient Boosting,2,original__glrlm__ShortRunEmphasis,0.0029770647385599022,0.0029770647385599022,"native tree importance in PCA space, distributed by absolute PCA loading"
Combined,Gradient Boosting,2,original__glrlm__ShortRunHighGrayLevelEmphasis,0.002723647232893914,0.002723647232893914,"native tree importance in PCA space, distributed by absolute PCA loading"
Combined,Gradient Boosting,2,original__glrlm__ShortRunLowGrayLevelEmphasis,0.006614520138109179,0.006614520138109179,"native tree importance in PCA space, distributed by absolute PCA loading"
Combined,Gradient Boosting,2,original__glszm__GrayLevelNonUniformity,0.013076778431626069,0.013076778431626069,"native tree importance in PCA space, distributed by absolute PCA loading"
Combined,Gradient Boosting,2,original__glszm__GrayLevelNonUniformityNormalized,0.005445562312194913,0.005445562312194913,"native tree importance in PCA space, distributed by absolute PCA loading"
Combined,Gradient Boosting,2,original__glszm__GrayLevelVariance,0.003493885813893934,0.003493885813893934,"native tree importance in PCA space, distributed by absolute PCA loading"
Combined,Gradient Boosting,2,original__glszm__HighGrayLevelZoneEmphasis,0.0053871940598724495,0.0053871940598724495,"native tree importance in PCA space, distributed by absolute PCA loading"
Combined,Gradient Boosting,2,original__glszm__LargeAreaEmphasis,0.00535185046932331,0.00535185046932331,"native tree importance in PCA space, distributed by absolute PCA loading"
Combined,Gradient Boosting,2,original__glszm__LargeAreaHighGrayLevelEmphasis,0.006190036195828875,0.006190036195828875,"native tree importance in PCA space, distributed by absolute PCA loading"
Combined,Gradient Boosting,2,original__glszm__LargeAreaLowGrayLevelEmphasis,0.014266216229848479,0.014266216229848479,"native tree importance in PCA space, distributed by absolute PCA loading"
Combined,Gradient Boosting,2,original__glszm__LowGrayLevelZoneEmphasis,0.0054263974855271405,0.0054263974855271405,"native tree importance in PCA space, distributed by absolute PCA loading"
Combined,Gradient Boosting,2,original__glszm__SizeZoneNonUniformity,0.0096164205910802,0.0096164205910802,"native tree importance in PCA space, distributed by absolute PCA loading"
Combined,Gradient Boosting,2,original__glszm__SizeZoneNonUniformityNormalized,0.005269610502021626,0.005269610502021626,"native tree importance in PCA space, distributed by absolute PCA loading"
Combined,Gradient Boosting,2,original__glszm__SmallAreaEmphasis,0.005256669643701426,0.005256669643701426,"native tree importance in PCA space, distributed by absolute PCA loading"
Combined,Gradient Boosting,2,original__glszm__SmallAreaHighGrayLevelEmphasis,0.0032880386626130335,0.0032880386626130335,"native tree importance in PCA space, distributed by absolute PCA loading"
Combined,Gradient Boosting,2,original__glszm__SmallAreaLowGrayLevelEmphasis,0.004517149680768092,0.004517149680768092,"native tree importance in PCA space, distributed by absolute PCA loading"
Combined,Gradient Boosting,2,original__glszm__ZoneEntropy,0.004730935128829336,0.004730935128829336,"native tree importance in PCA space, distributed by absolute PCA loading"
Combined,Gradient Boosting,2,original__glszm__ZonePercentage,0.005104622287866291,0.005104622287866291,"native tree importance in PCA space, distributed by absolute PCA loading"
Combined,Gradient Boosting,2,original__glszm__ZoneVariance,0.005368069076466697,0.005368069076466697,"native tree importance in PCA space, distributed by absolute PCA loading"
Combined,Gradient Boosting,2,original__ngtdm__Busyness,0.00565478254409166,0.00565478254409166,"native tree importance in PCA space, distributed by absolute PCA loading"
Combined,Gradient Boosting,2,original__ngtdm__Coarseness,0.006727202466579698,0.006727202466579698,"native tree importance in PCA space, distributed by absolute PCA loading"
Combined,Gradient Boosting,2,original__ngtdm__Complexity,0.005135613394083236,0.005135613394083236,"native tree importance in PCA space, distributed by absolute PCA loading"
Combined,Gradient Boosting,2,original__ngtdm__Contrast,0.00607932211874631,0.00607932211874631,"native tree importance in PCA space, distributed by absolute PCA loading"
Combined,Gradient Boosting,2,original__ngtdm__Strength,0.006322393244793353,0.006322393244793353,"native tree importance in PCA space, distributed by absolute PCA loading"
Combined,Gradient Boosting,2,Age,0.00964743385907852,0.00964743385907852,"native tree importance in PCA space, distributed by absolute PCA loading"
Combined,Gradient Boosting,2,Sex,0.013739423204183254,0.013739423204183254,"native tree importance in PCA space, distributed by absolute PCA loading"
Combined,Gradient Boosting,2,High blood pressure,0.018141697465675694,0.018141697465675694,"native tree importance in PCA space, distributed by absolute PCA loading"
Combined,Gradient Boosting,2,Degenerative brain disease,0.01142953929286321,0.01142953929286321,"native tree importance in PCA space, distributed by absolute PCA loading"
Combined,Gradient Boosting,2,type of degenerative brain disease,0.012877737625539069,0.012877737625539069,"native tree importance in PCA space, distributed by absolute PCA loading"
Combined,Gradient Boosting,2,WBC,0.014605147027319096,0.014605147027319096,"native tree importance in PCA space, distributed by absolute PCA loading"
Combined,Gradient Boosting,2,RBC,0.007902834552366192,0.007902834552366192,"native tree importance in PCA space, distributed by absolute PCA loading"
Combined,Gradient Boosting,2,hemoglobin,0.008391846949650221,0.008391846949650221,"native tree importance in PCA space, distributed by absolute PCA loading"
Combined,Gradient Boosting,2,Anemia,0.010198740456952236,0.010198740456952236,"native tree importance in PCA space, distributed by absolute PCA loading"
Combined,Gradient Boosting,2,platelet count,0.01115199542361012,0.01115199542361012,"native tree importance in PCA space, distributed by absolute PCA loading"
Combined,Gradient Boosting,2,PTT,0.014393800590058473,0.014393800590058473,"native tree importance in PCA space, distributed by absolute PCA loading"
Combined,Gradient Boosting,2,PT,0.006584353162084019,0.006584353162084019,"native tree importance in PCA space, distributed by absolute PCA loading"
Combined,Gradient Boosting,2,INR,0.006653993105062974,0.006653993105062974,"native tree importance in PCA space, distributed by absolute PCA loading"
Combined,Gradient Boosting,2,Creatinin,0.011259299901895442,0.011259299901895442,"native tree importance in PCA space, distributed by absolute PCA loading"
Combined,Gradient Boosting,2,on admission GCS,0.0132781227802845,0.0132781227802845,"native tree importance in PCA space, distributed by absolute PCA loading"
Combined,Gradient Boosting,2,Contusion,0.011847741628431333,0.011847741628431333,"native tree importance in PCA space, distributed by absolute PCA loading"
Combined,Gradient Boosting,2,Intraparenchymal,0.014441888273630323,0.014441888273630323,"native tree importance in PCA space, distributed by absolute PCA loading"
Combined,Gradient Boosting,2,Subdural,0.013047411611679348,0.013047411611679348,"native tree importance in PCA space, distributed by absolute PCA loading"
Combined,Gradient Boosting,2,Subarachnoid,0.007888299132199827,0.007888299132199827,"native tree importance in PCA space, distributed by absolute PCA loading"
Combined,Gradient Boosting,2,Epidural,0.012733298336087155,0.012733298336087155,"native tree importance in PCA space, distributed by absolute PCA loading"
Combined,Gradient Boosting,2,IVH,0.018827311950086023,0.018827311950086023,"native tree importance in PCA space, distributed by absolute PCA loading"
Combined,Gradient Boosting,2,type_of_hemorrhage_num,0.01392027141031364,0.01392027141031364,"native tree importance in PCA space, distributed by absolute PCA loading"
Combined,Gradient Boosting,2,leukocytosis,0.01662632648222477,0.01662632648222477,"native tree importance in PCA space, distributed by absolute PCA loading"
Combined,Gradient Boosting,2,thrombocytopenia,0.008480729705399558,0.008480729705399558,"native tree importance in PCA space, distributed by absolute PCA loading"
Combined,Gradient Boosting,2,long PTT,0.014403366548263984,0.014403366548263984,"native tree importance in PCA space, distributed by absolute PCA loading"
Combined,Gradient Boosting,2,long PT,0.0067669083942034445,0.0067669083942034445,"native tree importance in PCA space, distributed by absolute PCA loading"
Combined,Gradient Boosting,2,long INR,0.0057791590583027765,0.0057791590583027765,"native tree importance in PCA space, distributed by absolute PCA loading"
Combined,Gradient Boosting,2,kidney failure,0.013274582846450325,0.013274582846450325,"native tree importance in PCA space, distributed by absolute PCA loading"
Combined,Gradient Boosting,3,original__shape__Elongation,0.009031676598610231,0.00903167659861023,"native tree importance in PCA space, distributed by absolute PCA loading"
Combined,Gradient Boosting,3,original__shape__Flatness,0.008419655075679992,0.00841965507567999,"native tree importance in PCA space, distributed by absolute PCA loading"
Combined,Gradient Boosting,3,original__shape__LeastAxisLength,0.006672693290551834,0.006672693290551832,"native tree importance in PCA space, distributed by absolute PCA loading"
Combined,Gradient Boosting,3,original__shape__MajorAxisLength,0.008124712353047476,0.008124712353047474,"native tree importance in PCA space, distributed by absolute PCA loading"
Combined,Gradient Boosting,3,original__shape__Maximum2DDiameterColumn,0.007860433265170922,0.00786043326517092,"native tree importance in PCA space, distributed by absolute PCA loading"
Combined,Gradient Boosting,3,original__shape__Maximum2DDiameterRow,0.01025905327876802,0.010259053278768018,"native tree importance in PCA space, distributed by absolute PCA loading"
Combined,Gradient Boosting,3,original__shape__Maximum2DDiameterSlice,0.008326730191349468,0.008326730191349467,"native tree importance in PCA space, distributed by absolute PCA loading"
Combined,Gradient Boosting,3,original__shape__Maximum3DDiameter,0.009479589818726963,0.009479589818726961,"native tree importance in PCA space, distributed by absolute PCA loading"
Combined,Gradient Boosting,3,original__shape__MeshVolume,0.008575812635224984,0.008575812635224982,"native tree importance in PCA space, distributed by absolute PCA loading"
Combined,Gradient Boosting,3,original__shape__MinorAxisLength,0.008044269703528863,0.008044269703528862,"native tree importance in PCA space, distributed by absolute PCA loading"
Combined,Gradient Boosting,3,original__shape__Sphericity,0.010364707236289563,0.010364707236289562,"native tree importance in PCA space, distributed by absolute PCA loading"
Combined,Gradient Boosting,3,original__shape__SurfaceArea,0.006094671374691605,0.0060946713746916036,"native tree importance in PCA space, distributed by absolute PCA loading"
Combined,Gradient Boosting,3,original__shape__SurfaceVolumeRatio,0.008301772644695912,0.00830177264469591,"native tree importance in PCA space, distributed by absolute PCA loading"
Combined,Gradient Boosting,3,original__shape__VoxelVolume,0.007514009717161262,0.00751400971716126,"native tree importance in PCA space, distributed by absolute PCA loading"
Combined,Gradient Boosting,3,original__firstorder__10Percentile,0.00790913472644978,0.007909134726449779,"native tree importance in PCA space, distributed by absolute PCA loading"
Combined,Gradient Boosting,3,original__firstorder__90Percentile,0.004817748322872916,0.004817748322872915,"native tree importance in PCA space, distributed by absolute PCA loading"
Combined,Gradient Boosting,3,original__firstorder__Energy,0.005932590759778361,0.005932590759778359,"native tree importance in PCA space, distributed by absolute PCA loading"
Combined,Gradient Boosting,3,original__firstorder__Entropy,0.003459108658723385,0.0034591086587233842,"native tree importance in PCA space, distributed by absolute PCA loading"
Combined,Gradient Boosting,3,original__firstorder__InterquartileRange,0.007001191880304789,0.007001191880304787,"native tree importance in PCA space, distributed by absolute PCA loading"
Combined,Gradient Boosting,3,original__firstorder__Kurtosis,0.009632545928198576,0.009632545928198575,"native tree importance in PCA space, distributed by absolute PCA loading"
Combined,Gradient Boosting,3,original__firstorder__Maximum,0.009390437872387983,0.009390437872387981,"native tree importance in PCA space, distributed by absolute PCA loading"
Combined,Gradient Boosting,3,original__firstorder__MeanAbsoluteDeviation,0.0041374851316191745,0.004137485131619174,"native tree importance in PCA space, distributed by absolute PCA loading"
Combined,Gradient Boosting,3,original__firstorder__Mean,0.007019096774091058,0.007019096774091056,"native tree importance in PCA space, distributed by absolute PCA loading"
Combined,Gradient Boosting,3,original__firstorder__Median,0.006762219559753436,0.0067622195597534344,"native tree importance in PCA space, distributed by absolute PCA loading"
Combined,Gradient Boosting,3,original__firstorder__Minimum,0.004577910497120388,0.0045779104971203875,"native tree importance in PCA space, distributed by absolute PCA loading"
Combined,Gradient Boosting,3,original__firstorder__Range,0.005937385186256809,0.005937385186256808,"native tree importance in PCA space, distributed by absolute PCA loading"
Combined,Gradient Boosting,3,original__firstorder__RobustMeanAbsoluteDeviation,0.007407487415460027,0.007407487415460026,"native tree importance in PCA space, distributed by absolute PCA loading"
Combined,Gradient Boosting,3,original__firstorder__RootMeanSquared,0.00590437885762963,0.005904378857629628,"native tree importance in PCA space, distributed by absolute PCA loading"
Combined,Gradient Boosting,3,original__firstorder__Skewness,0.009925050786972712,0.00992505078697271,"native tree importance in PCA space, distributed by absolute PCA loading"
Combined,Gradient Boosting,3,original__firstorder__TotalEnergy,0.006472592481607427,0.006472592481607425,"native tree importance in PCA space, distributed by absolute PCA loading"
Combined,Gradient Boosting,3,original__firstorder__Uniformity,0.004891855098254344,0.0048918550982543435,"native tree importance in PCA space, distributed by absolute PCA loading"
Combined,Gradient Boosting,3,original__firstorder__Variance,0.0080611498417904,0.008061149841790398,"native tree importance in PCA space, distributed by absolute PCA loading"
Combined,Gradient Boosting,3,original__glcm__Autocorrelation,0.0038300476406086755,0.0038300476406086747,"native tree importance in PCA space, distributed by absolute PCA loading"
Combined,Gradient Boosting,3,original__glcm__ClusterProminence,0.005047242364856885,0.005047242364856884,"native tree importance in PCA space, distributed by absolute PCA loading"
Combined,Gradient Boosting,3,original__glcm__ClusterShade,0.008365492882412123,0.008365492882412121,"native tree importance in PCA space, distributed by absolute PCA loading"
Combined,Gradient Boosting,3,original__glcm__ClusterTendency,0.005041683951428152,0.0050416839514281515,"native tree importance in PCA space, distributed by absolute PCA loading"
Combined,Gradient Boosting,3,original__glcm__Contrast,0.00506207832002031,0.005062078320020309,"native tree importance in PCA space, distributed by absolute PCA loading"
Combined,Gradient Boosting,3,original__glcm__Correlation,0.008589881387871477,0.008589881387871475,"native tree importance in PCA space, distributed by absolute PCA loading"
Combined,Gradient Boosting,3,original__glcm__DifferenceAverage,0.003856024426651838,0.003856024426651837,"native tree importance in PCA space, distributed by absolute PCA loading"
Combined,Gradient Boosting,3,original__glcm__DifferenceEntropy,0.003441874700368305,0.0034418747003683043,"native tree importance in PCA space, distributed by absolute PCA loading"
Combined,Gradient Boosting,3,original__glcm__DifferenceVariance,0.005804956220638297,0.005804956220638296,"native tree importance in PCA space, distributed by absolute PCA loading"
Combined,Gradient Boosting,3,original__glcm__Id,0.0043303385508019765,0.004330338550801976,"native tree importance in PCA space, distributed by absolute PCA loading"
Combined,Gradient Boosting,3,original__glcm__Idm,0.004720165546441049,0.004720165546441048,"native tree importance in PCA space, distributed by absolute PCA loading"
Combined,Gradient Boosting,3,original__glcm__Idmn,0.008580763774186479,0.008580763774186477,"native tree importance in PCA space, distributed by absolute PCA loading"
Combined,Gradient Boosting,3,original__glcm__Idn,0.006867504865185356,0.006867504865185354,"native tree importance in PCA space, distributed by absolute PCA loading"
Combined,Gradient Boosting,3,original__glcm__Imc1,0.007247094447588586,0.007247094447588584,"native tree importance in PCA space, distributed by absolute PCA loading"
Combined,Gradient Boosting,3,original__glcm__Imc2,0.006156763870821935,0.006156763870821934,"native tree importance in PCA space, distributed by absolute PCA loading"
Combined,Gradient Boosting,3,original__glcm__InverseVariance,0.0046634749485159775,0.004663474948515977,"native tree importance in PCA space, distributed by absolute PCA loading"
Combined,Gradient Boosting,3,original__glcm__JointAverage,0.00600734665905169,0.0060073466590516884,"native tree importance in PCA space, distributed by absolute PCA loading"
Combined,Gradient Boosting,3,original__glcm__JointEnergy,0.004539496358270701,0.0045394963582707,"native tree importance in PCA space, distributed by absolute PCA loading"
Combined,Gradient Boosting,3,original__glcm__JointEntropy,0.003642185190234588,0.0036421851902345872,"native tree importance in PCA space, distributed by absolute PCA loading"
Combined,Gradient Boosting,3,original__glcm__MCC,0.009137080986652184,0.009137080986652182,"native tree importance in PCA space, distributed by absolute PCA loading"
Combined,Gradient Boosting,3,original__glcm__MaximumProbability,0.004840552380342246,0.004840552380342245,"native tree importance in PCA space, distributed by absolute PCA loading"
Combined,Gradient Boosting,3,original__glcm__SumAverage,0.004456117458954099,0.004456117458954098,"native tree importance in PCA space, distributed by absolute PCA loading"
Combined,Gradient Boosting,3,original__glcm__SumEntropy,0.0037604341187732516,0.0037604341187732508,"native tree importance in PCA space, distributed by absolute PCA loading"
Combined,Gradient Boosting,3,original__glcm__SumSquares,0.005031796539086263,0.0050317965390862624,"native tree importance in PCA space, distributed by absolute PCA loading"
Combined,Gradient Boosting,3,original__gldm__DependenceEntropy,0.006071088939866976,0.006071088939866974,"native tree importance in PCA space, distributed by absolute PCA loading"
Combined,Gradient Boosting,3,original__gldm__DependenceNonUniformity,0.007334516634973123,0.007334516634973121,"native tree importance in PCA space, distributed by absolute PCA loading"
Combined,Gradient Boosting,3,original__gldm__DependenceNonUniformityNormalized,0.006143040999197331,0.00614304099919733,"native tree importance in PCA space, distributed by absolute PCA loading"
Combined,Gradient Boosting,3,original__gldm__DependenceVariance,0.007546897327351641,0.007546897327351639,"native tree importance in PCA space, distributed by absolute PCA loading"
Combined,Gradient Boosting,3,original__gldm__GrayLevelNonUniformity,0.006380159194464174,0.006380159194464172,"native tree importance in PCA space, distributed by absolute PCA loading"
Combined,Gradient Boosting,3,original__gldm__GrayLevelVariance,0.004843156370033382,0.004843156370033381,"native tree importance in PCA space, distributed by absolute PCA loading"
Combined,Gradient Boosting,3,original__gldm__HighGrayLevelEmphasis,0.0060122308900693215,0.00601223089006932,"native tree importance in PCA space, distributed by absolute PCA loading"
Combined,Gradient Boosting,3,original__gldm__LargeDependenceEmphasis,0.005942629317950806,0.005942629317950804,"native tree importance in PCA space, distributed by absolute PCA loading"
Combined,Gradient Boosting,3,original__gldm__LargeDependenceHighGrayLevelEmphasis,0.0061584072007718395,0.006158407200771838,"native tree importance in PCA space, distributed by absolute PCA loading"
Combined,Gradient Boosting,3,original__gldm__LargeDependenceLowGrayLevelEmphasis,0.006268237304103733,0.006268237304103731,"native tree importance in PCA space, distributed by absolute PCA loading"
Combined,Gradient Boosting,3,original__gldm__LowGrayLevelEmphasis,0.005807693454609793,0.005807693454609792,"native tree importance in PCA space, distributed by absolute PCA loading"
Combined,Gradient Boosting,3,original__gldm__SmallDependenceEmphasis,0.006567169854844605,0.006567169854844603,"native tree importance in PCA space, distributed by absolute PCA loading"
Combined,Gradient Boosting,3,original__gldm__SmallDependenceHighGrayLevelEmphasis,0.0046891475651025935,0.004689147565102593,"native tree importance in PCA space, distributed by absolute PCA loading"
Combined,Gradient Boosting,3,original__gldm__SmallDependenceLowGrayLevelEmphasis,0.008140629397917975,0.008140629397917973,"native tree importance in PCA space, distributed by absolute PCA loading"
Combined,Gradient Boosting,3,original__glrlm__GrayLevelNonUniformity,0.006735908069521003,0.0067359080695210015,"native tree importance in PCA space, distributed by absolute PCA loading"
Combined,Gradient Boosting,3,original__glrlm__GrayLevelNonUniformityNormalized,0.0036321076162470524,0.0036321076162470515,"native tree importance in PCA space, distributed by absolute PCA loading"
Combined,Gradient Boosting,3,original__glrlm__GrayLevelVariance,0.004717857467986739,0.0047178574679867386,"native tree importance in PCA space, distributed by absolute PCA loading"
Combined,Gradient Boosting,3,original__glrlm__HighGrayLevelRunEmphasis,0.005989455013279411,0.005989455013279409,"native tree importance in PCA space, distributed by absolute PCA loading"
Combined,Gradient Boosting,3,original__glrlm__LongRunEmphasis,0.006540036807589144,0.006540036807589142,"native tree importance in PCA space, distributed by absolute PCA loading"
Combined,Gradient Boosting,3,original__glrlm__LongRunHighGrayLevelEmphasis,0.006692918185055698,0.006692918185055696,"native tree importance in PCA space, distributed by absolute PCA loading"
Combined,Gradient Boosting,3,original__glrlm__LongRunLowGrayLevelEmphasis,0.0064321720081332535,0.006432172008133252,"native tree importance in PCA space, distributed by absolute PCA loading"
Combined,Gradient Boosting,3,original__glrlm__LowGrayLevelRunEmphasis,0.005935866525060114,0.005935866525060112,"native tree importance in PCA space, distributed by absolute PCA loading"
Combined,Gradient Boosting,3,original__glrlm__RunEntropy,0.0056949424411547826,0.005694942441154782,"native tree importance in PCA space, distributed by absolute PCA loading"
Combined,Gradient Boosting,3,original__glrlm__RunLengthNonUniformity,0.006803189440522717,0.006803189440522715,"native tree importance in PCA space, distributed by absolute PCA loading"
Combined,Gradient Boosting,3,original__glrlm__RunLengthNonUniformityNormalized,0.005001883462946027,0.0050018834629460265,"native tree importance in PCA space, distributed by absolute PCA loading"
Combined,Gradient Boosting,3,original__glrlm__RunPercentage,0.006657358199417761,0.00665735819941776,"native tree importance in PCA space, distributed by absolute PCA loading"
Combined,Gradient Boosting,3,original__glrlm__RunVariance,0.010113918531195722,0.01011391853119572,"native tree importance in PCA space, distributed by absolute PCA loading"
Combined,Gradient Boosting,3,original__glrlm__ShortRunEmphasis,0.005490201923068314,0.005490201923068313,"native tree importance in PCA space, distributed by absolute PCA loading"
Combined,Gradient Boosting,3,original__glrlm__ShortRunHighGrayLevelEmphasis,0.003708195261220366,0.0037081952612203653,"native tree importance in PCA space, distributed by absolute PCA loading"
Combined,Gradient Boosting,3,original__glrlm__ShortRunLowGrayLevelEmphasis,0.006553832761370327,0.006553832761370325,"native tree importance in PCA space, distributed by absolute PCA loading"
Combined,Gradient Boosting,3,original__glszm__GrayLevelNonUniformity,0.008951036801667084,0.008951036801667082,"native tree importance in PCA space, distributed by absolute PCA loading"
Combined,Gradient Boosting,3,original__glszm__GrayLevelNonUniformityNormalized,0.0051747468308254545,0.005174746830825454,"native tree importance in PCA space, distributed by absolute PCA loading"
Combined,Gradient Boosting,3,original__glszm__GrayLevelVariance,0.005478128349874747,0.005478128349874746,"native tree importance in PCA space, distributed by absolute PCA loading"
Combined,Gradient Boosting,3,original__glszm__HighGrayLevelZoneEmphasis,0.006032814187707199,0.006032814187707197,"native tree importance in PCA space, distributed by absolute PCA loading"
Combined,Gradient Boosting,3,original__glszm__LargeAreaEmphasis,0.005990323344156543,0.0059903233441565415,"native tree importance in PCA space, distributed by absolute PCA loading"
Combined,Gradient Boosting,3,original__glszm__LargeAreaHighGrayLevelEmphasis,0.005730503216658465,0.005730503216658464,"native tree importance in PCA space, distributed by absolute PCA loading"
Combined,Gradient Boosting,3,original__glszm__LargeAreaLowGrayLevelEmphasis,0.01065798980613259,0.010657989806132587,"native tree importance in PCA space, distributed by absolute PCA loading"
Combined,Gradient Boosting,3,original__glszm__LowGrayLevelZoneEmphasis,0.005300851669042042,0.005300851669042041,"native tree importance in PCA space, distributed by absolute PCA loading"
Combined,Gradient Boosting,3,original__glszm__SizeZoneNonUniformity,0.008476506720269558,0.008476506720269556,"native tree importance in PCA space, distributed by absolute PCA loading"
Combined,Gradient Boosting,3,original__glszm__SizeZoneNonUniformityNormalized,0.007552177003596568,0.007552177003596566,"native tree importance in PCA space, distributed by absolute PCA loading"
Combined,Gradient Boosting,3,original__glszm__SmallAreaEmphasis,0.007296021644501297,0.007296021644501295,"native tree importance in PCA space, distributed by absolute PCA loading"
Combined,Gradient Boosting,3,original__glszm__SmallAreaHighGrayLevelEmphasis,0.0043716627001217185,0.004371662700121718,"native tree importance in PCA space, distributed by absolute PCA loading"
Combined,Gradient Boosting,3,original__glszm__SmallAreaLowGrayLevelEmphasis,0.005970025676832838,0.005970025676832837,"native tree importance in PCA space, distributed by absolute PCA loading"
Combined,Gradient Boosting,3,original__glszm__ZoneEntropy,0.00925876762525905,0.009258767625259049,"native tree importance in PCA space, distributed by absolute PCA loading"
Combined,Gradient Boosting,3,original__glszm__ZonePercentage,0.006767834717185161,0.006767834717185159,"native tree importance in PCA space, distributed by absolute PCA loading"
Combined,Gradient Boosting,3,original__glszm__ZoneVariance,0.006024073037082474,0.006024073037082472,"native tree importance in PCA space, distributed by absolute PCA loading"
Combined,Gradient Boosting,3,original__ngtdm__Busyness,0.008706512445001,0.008706512445000997,"native tree importance in PCA space, distributed by absolute PCA loading"
Combined,Gradient Boosting,3,original__ngtdm__Coarseness,0.006763045713251196,0.006763045713251194,"native tree importance in PCA space, distributed by absolute PCA loading"
Combined,Gradient Boosting,3,original__ngtdm__Complexity,0.007725216931163101,0.007725216931163099,"native tree importance in PCA space, distributed by absolute PCA loading"
Combined,Gradient Boosting,3,original__ngtdm__Contrast,0.008584975195534984,0.008584975195534982,"native tree importance in PCA space, distributed by absolute PCA loading"
Combined,Gradient Boosting,3,original__ngtdm__Strength,0.007688956248879879,0.007688956248879877,"native tree importance in PCA space, distributed by absolute PCA loading"
Combined,Gradient Boosting,3,Age,0.008020655958213984,0.008020655958213982,"native tree importance in PCA space, distributed by absolute PCA loading"
Combined,Gradient Boosting,3,Sex,0.0079053353232252,0.007905335323225198,"native tree importance in PCA space, distributed by absolute PCA loading"
Combined,Gradient Boosting,3,High blood pressure,0.00870548711783343,0.008705487117833428,"native tree importance in PCA space, distributed by absolute PCA loading"
Combined,Gradient Boosting,3,Degenerative brain disease,0.010650379458388343,0.010650379458388341,"native tree importance in PCA space, distributed by absolute PCA loading"
Combined,Gradient Boosting,3,type of degenerative brain disease,0.010367683805056295,0.010367683805056293,"native tree importance in PCA space, distributed by absolute PCA loading"
Combined,Gradient Boosting,3,WBC,0.013566289381596859,0.013566289381596855,"native tree importance in PCA space, distributed by absolute PCA loading"
Combined,Gradient Boosting,3,RBC,0.009449135605645857,0.009449135605645856,"native tree importance in PCA space, distributed by absolute PCA loading"
Combined,Gradient Boosting,3,hemoglobin,0.009072379447699567,0.009072379447699565,"native tree importance in PCA space, distributed by absolute PCA loading"
Combined,Gradient Boosting,3,Anemia,0.011023414052583204,0.011023414052583202,"native tree importance in PCA space, distributed by absolute PCA loading"
Combined,Gradient Boosting,3,platelet count,0.011156863319099066,0.011156863319099064,"native tree importance in PCA space, distributed by absolute PCA loading"
Combined,Gradient Boosting,3,PTT,0.012128197418380492,0.012128197418380489,"native tree importance in PCA space, distributed by absolute PCA loading"
Combined,Gradient Boosting,3,PT,0.00908476882685539,0.009084768826855388,"native tree importance in PCA space, distributed by absolute PCA loading"
Combined,Gradient Boosting,3,INR,0.010626214696549428,0.010626214696549426,"native tree importance in PCA space, distributed by absolute PCA loading"
Combined,Gradient Boosting,3,Creatinin,0.012405999637729339,0.012405999637729336,"native tree importance in PCA space, distributed by absolute PCA loading"
Combined,Gradient Boosting,3,on admission GCS,0.01011108642440903,0.010111086424409029,"native tree importance in PCA space, distributed by absolute PCA loading"
Combined,Gradient Boosting,3,Contusion,0.009583587949967963,0.009583587949967961,"native tree importance in PCA space, distributed by absolute PCA loading"
Combined,Gradient Boosting,3,Intraparenchymal,0.012672848640884114,0.01267284864088411,"native tree importance in PCA space, distributed by absolute PCA loading"
Combined,Gradient Boosting,3,Subdural,0.009746566120787,0.009746566120786998,"native tree importance in PCA space, distributed by absolute PCA loading"
Combined,Gradient Boosting,3,Subarachnoid,0.010711857431468037,0.010711857431468035,"native tree importance in PCA space, distributed by absolute PCA loading"
Combined,Gradient Boosting,3,Epidural,0.011220851584561238,0.011220851584561237,"native tree importance in PCA space, distributed by absolute PCA loading"
Combined,Gradient Boosting,3,IVH,0.009712426153994917,0.009712426153994915,"native tree importance in PCA space, distributed by absolute PCA loading"
Combined,Gradient Boosting,3,type_of_hemorrhage_num,0.0130515655091689,0.013051565509168897,"native tree importance in PCA space, distributed by absolute PCA loading"
Combined,Gradient Boosting,3,leukocytosis,0.012189668919308037,0.012189668919308033,"native tree importance in PCA space, distributed by absolute PCA loading"
Combined,Gradient Boosting,3,thrombocytopenia,0.012793381597270167,0.012793381597270163,"native tree importance in PCA space, distributed by absolute PCA loading"
Combined,Gradient Boosting,3,long PTT,0.00987866465085558,0.009878664650855578,"native tree importance in PCA space, distributed by absolute PCA loading"
Combined,Gradient Boosting,3,long PT,0.009661886538441314,0.009661886538441312,"native tree importance in PCA space, distributed by absolute PCA loading"
Combined,Gradient Boosting,3,long INR,0.011457333258966284,0.011457333258966283,"native tree importance in PCA space, distributed by absolute PCA loading"
Combined,Gradient Boosting,3,kidney failure,0.010608898588761673,0.010608898588761672,"native tree importance in PCA space, distributed by absolute PCA loading"
Combined,Gradient Boosting,4,original__shape__Elongation,0.007326789333945246,0.007326789333945246,"native tree importance in PCA space, distributed by absolute PCA loading"
Combined,Gradient Boosting,4,original__shape__Flatness,0.008083336187899874,0.008083336187899874,"native tree importance in PCA space, distributed by absolute PCA loading"
Combined,Gradient Boosting,4,original__shape__LeastAxisLength,0.007129228281206207,0.007129228281206207,"native tree importance in PCA space, distributed by absolute PCA loading"
Combined,Gradient Boosting,4,original__shape__MajorAxisLength,0.009893260496959256,0.009893260496959256,"native tree importance in PCA space, distributed by absolute PCA loading"
Combined,Gradient Boosting,4,original__shape__Maximum2DDiameterColumn,0.007340461566787113,0.007340461566787113,"native tree importance in PCA space, distributed by absolute PCA loading"
Combined,Gradient Boosting,4,original__shape__Maximum2DDiameterRow,0.01536488244860351,0.01536488244860351,"native tree importance in PCA space, distributed by absolute PCA loading"
Combined,Gradient Boosting,4,original__shape__Maximum2DDiameterSlice,0.011123182485549079,0.011123182485549079,"native tree importance in PCA space, distributed by absolute PCA loading"
Combined,Gradient Boosting,4,original__shape__Maximum3DDiameter,0.009317798782765088,0.009317798782765088,"native tree importance in PCA space, distributed by absolute PCA loading"
Combined,Gradient Boosting,4,original__shape__MeshVolume,0.008133073148656607,0.008133073148656607,"native tree importance in PCA space, distributed by absolute PCA loading"
Combined,Gradient Boosting,4,original__shape__MinorAxisLength,0.00823430570860395,0.00823430570860395,"native tree importance in PCA space, distributed by absolute PCA loading"
Combined,Gradient Boosting,4,original__shape__Sphericity,0.007038931046415867,0.007038931046415867,"native tree importance in PCA space, distributed by absolute PCA loading"
Combined,Gradient Boosting,4,original__shape__SurfaceArea,0.005869173354472686,0.005869173354472686,"native tree importance in PCA space, distributed by absolute PCA loading"
Combined,Gradient Boosting,4,original__shape__SurfaceVolumeRatio,0.009518337955064864,0.009518337955064864,"native tree importance in PCA space, distributed by absolute PCA loading"
Combined,Gradient Boosting,4,original__shape__VoxelVolume,0.007818015679621301,0.007818015679621301,"native tree importance in PCA space, distributed by absolute PCA loading"
Combined,Gradient Boosting,4,original__firstorder__10Percentile,0.009704394283218854,0.009704394283218854,"native tree importance in PCA space, distributed by absolute PCA loading"
Combined,Gradient Boosting,4,original__firstorder__90Percentile,0.0052811460959045625,0.0052811460959045625,"native tree importance in PCA space, distributed by absolute PCA loading"
Combined,Gradient Boosting,4,original__firstorder__Energy,0.004499473359978028,0.004499473359978028,"native tree importance in PCA space, distributed by absolute PCA loading"
Combined,Gradient Boosting,4,original__firstorder__Entropy,0.0035853487128739976,0.0035853487128739976,"native tree importance in PCA space, distributed by absolute PCA loading"
Combined,Gradient Boosting,4,original__firstorder__InterquartileRange,0.008169701637088921,0.008169701637088921,"native tree importance in PCA space, distributed by absolute PCA loading"
Combined,Gradient Boosting,4,original__firstorder__Kurtosis,0.010659518365137111,0.010659518365137111,"native tree importance in PCA space, distributed by absolute PCA loading"
Combined,Gradient Boosting,4,original__firstorder__Maximum,0.009340519182415666,0.009340519182415666,"native tree importance in PCA space, distributed by absolute PCA loading"
Combined,Gradient Boosting,4,original__firstorder__MeanAbsoluteDeviation,0.002583702853653453,0.002583702853653453,"native tree importance in PCA space, distributed by absolute PCA loading"
Combined,Gradient Boosting,4,original__firstorder__Mean,0.0065199357440459465,0.0065199357440459465,"native tree importance in PCA space, distributed by absolute PCA loading"
Combined,Gradient Boosting,4,original__firstorder__Median,0.0066908368754708125,0.0066908368754708125,"native tree importance in PCA space, distributed by absolute PCA loading"
Combined,Gradient Boosting,4,original__firstorder__Minimum,0.0028797369674771413,0.0028797369674771413,"native tree importance in PCA space, distributed by absolute PCA loading"
Combined,Gradient Boosting,4,original__firstorder__Range,0.005164890562328249,0.005164890562328249,"native tree importance in PCA space, distributed by absolute PCA loading"
Combined,Gradient Boosting,4,original__firstorder__RobustMeanAbsoluteDeviation,0.00651681809796634,0.00651681809796634,"native tree importance in PCA space, distributed by absolute PCA loading"
Combined,Gradient Boosting,4,original__firstorder__RootMeanSquared,0.005786682318979134,0.005786682318979134,"native tree importance in PCA space, distributed by absolute PCA loading"
Combined,Gradient Boosting,4,original__firstorder__Skewness,0.008552414622964482,0.008552414622964482,"native tree importance in PCA space, distributed by absolute PCA loading"
Combined,Gradient Boosting,4,original__firstorder__TotalEnergy,0.0047346006156085835,0.0047346006156085835,"native tree importance in PCA space, distributed by absolute PCA loading"
Combined,Gradient Boosting,4,original__firstorder__Uniformity,0.004283568619884116,0.004283568619884116,"native tree importance in PCA space, distributed by absolute PCA loading"
Combined,Gradient Boosting,4,original__firstorder__Variance,0.007411826176291611,0.007411826176291611,"native tree importance in PCA space, distributed by absolute PCA loading"
Combined,Gradient Boosting,4,original__glcm__Autocorrelation,0.0025881464662936087,0.0025881464662936087,"native tree importance in PCA space, distributed by absolute PCA loading"
Combined,Gradient Boosting,4,original__glcm__ClusterProminence,0.003845841237605255,0.003845841237605255,"native tree importance in PCA space, distributed by absolute PCA loading"
Combined,Gradient Boosting,4,original__glcm__ClusterShade,0.012233817505892154,0.012233817505892154,"native tree importance in PCA space, distributed by absolute PCA loading"
Combined,Gradient Boosting,4,original__glcm__ClusterTendency,0.0038132219060912757,0.0038132219060912757,"native tree importance in PCA space, distributed by absolute PCA loading"
Combined,Gradient Boosting,4,original__glcm__Contrast,0.005627613596718794,0.005627613596718794,"native tree importance in PCA space, distributed by absolute PCA loading"
Combined,Gradient Boosting,4,original__glcm__Correlation,0.009971217754962148,0.009971217754962148,"native tree importance in PCA space, distributed by absolute PCA loading"
Combined,Gradient Boosting,4,original__glcm__DifferenceAverage,0.0030348988721964863,0.0030348988721964863,"native tree importance in PCA space, distributed by absolute PCA loading"
Combined,Gradient Boosting,4,original__glcm__DifferenceEntropy,0.0031084658782785995,0.0031084658782785995,"native tree importance in PCA space, distributed by absolute PCA loading"
Combined,Gradient Boosting,4,original__glcm__DifferenceVariance,0.006760214875527044,0.006760214875527044,"native tree importance in PCA space, distributed by absolute PCA loading"
Combined,Gradient Boosting,4,original__glcm__Id,0.0029899635208552335,0.0029899635208552335,"native tree importance in PCA space, distributed by absolute PCA loading"
Combined,Gradient Boosting,4,original__glcm__Idm,0.005273167001291148,0.005273167001291148,"native tree importance in PCA space, distributed by absolute PCA loading"
Combined,Gradient Boosting,4,original__glcm__Idmn,0.005148390650383139,0.005148390650383139,"native tree importance in PCA space, distributed by absolute PCA loading"
Combined,Gradient Boosting,4,original__glcm__Idn,0.005663498341391047,0.005663498341391047,"native tree importance in PCA space, distributed by absolute PCA loading"
Combined,Gradient Boosting,4,original__glcm__Imc1,0.0071147266648390935,0.0071147266648390935,"native tree importance in PCA space, distributed by absolute PCA loading"
Combined,Gradient Boosting,4,original__glcm__Imc2,0.008175782463472744,0.008175782463472744,"native tree importance in PCA space, distributed by absolute PCA loading"
Combined,Gradient Boosting,4,original__glcm__InverseVariance,0.003164896026647243,0.003164896026647243,"native tree importance in PCA space, distributed by absolute PCA loading"
Combined,Gradient Boosting,4,original__glcm__JointAverage,0.004689191679265465,0.004689191679265465,"native tree importance in PCA space, distributed by absolute PCA loading"
Combined,Gradient Boosting,4,original__glcm__JointEnergy,0.004967443464491588,0.004967443464491588,"native tree importance in PCA space, distributed by absolute PCA loading"
Combined,Gradient Boosting,4,original__glcm__JointEntropy,0.0024601522155767944,0.0024601522155767944,"native tree importance in PCA space, distributed by absolute PCA loading"
Combined,Gradient Boosting,4,original__glcm__MCC,0.008690353973893821,0.008690353973893821,"native tree importance in PCA space, distributed by absolute PCA loading"
Combined,Gradient Boosting,4,original__glcm__MaximumProbability,0.003632590872466126,0.003632590872466126,"native tree importance in PCA space, distributed by absolute PCA loading"
Combined,Gradient Boosting,4,original__glcm__SumAverage,0.0027587717159832654,0.0027587717159832654,"native tree importance in PCA space, distributed by absolute PCA loading"
Combined,Gradient Boosting,4,original__glcm__SumEntropy,0.0023193213066560045,0.0023193213066560045,"native tree importance in PCA space, distributed by absolute PCA loading"
Combined,Gradient Boosting,4,original__glcm__SumSquares,0.0037853543397777514,0.0037853543397777514,"native tree importance in PCA space, distributed by absolute PCA loading"
Combined,Gradient Boosting,4,original__gldm__DependenceEntropy,0.005965596196412459,0.005965596196412459,"native tree importance in PCA space, distributed by absolute PCA loading"
Combined,Gradient Boosting,4,original__gldm__DependenceNonUniformity,0.005312428372557084,0.005312428372557084,"native tree importance in PCA space, distributed by absolute PCA loading"
Combined,Gradient Boosting,4,original__gldm__DependenceNonUniformityNormalized,0.006937895033771559,0.006937895033771559,"native tree importance in PCA space, distributed by absolute PCA loading"
Combined,Gradient Boosting,4,original__gldm__DependenceVariance,0.010656710596805785,0.010656710596805785,"native tree importance in PCA space, distributed by absolute PCA loading"
Combined,Gradient Boosting,4,original__gldm__GrayLevelNonUniformity,0.004105356571621048,0.004105356571621048,"native tree importance in PCA space, distributed by absolute PCA loading"
Combined,Gradient Boosting,4,original__gldm__GrayLevelVariance,0.003523011796570097,0.003523011796570097,"native tree importance in PCA space, distributed by absolute PCA loading"
Combined,Gradient Boosting,4,original__gldm__HighGrayLevelEmphasis,0.004825814524355913,0.004825814524355913,"native tree importance in PCA space, distributed by absolute PCA loading"
Combined,Gradient Boosting,4,original__gldm__LargeDependenceEmphasis,0.006772412168274405,0.006772412168274405,"native tree importance in PCA space, distributed by absolute PCA loading"
Combined,Gradient Boosting,4,original__gldm__LargeDependenceHighGrayLevelEmphasis,0.005796085550293314,0.005796085550293314,"native tree importance in PCA space, distributed by absolute PCA loading"
Combined,Gradient Boosting,4,original__gldm__LargeDependenceLowGrayLevelEmphasis,0.00588870733182807,0.00588870733182807,"native tree importance in PCA space, distributed by absolute PCA loading"
Combined,Gradient Boosting,4,original__gldm__LowGrayLevelEmphasis,0.005326498743718272,0.005326498743718272,"native tree importance in PCA space, distributed by absolute PCA loading"
Combined,Gradient Boosting,4,original__gldm__SmallDependenceEmphasis,0.0060669520898932565,0.0060669520898932565,"native tree importance in PCA space, distributed by absolute PCA loading"
Combined,Gradient Boosting,4,original__gldm__SmallDependenceHighGrayLevelEmphasis,0.004281698119111794,0.004281698119111794,"native tree importance in PCA space, distributed by absolute PCA loading"
Combined,Gradient Boosting,4,original__gldm__SmallDependenceLowGrayLevelEmphasis,0.008663543487944179,0.008663543487944179,"native tree importance in PCA space, distributed by absolute PCA loading"
Combined,Gradient Boosting,4,original__glrlm__GrayLevelNonUniformity,0.004649228459200891,0.004649228459200891,"native tree importance in PCA space, distributed by absolute PCA loading"
Combined,Gradient Boosting,4,original__glrlm__GrayLevelNonUniformityNormalized,0.0033424647850921465,0.0033424647850921465,"native tree importance in PCA space, distributed by absolute PCA loading"
Combined,Gradient Boosting,4,original__glrlm__GrayLevelVariance,0.003384336277326952,0.003384336277326952,"native tree importance in PCA space, distributed by absolute PCA loading"
Combined,Gradient Boosting,4,original__glrlm__HighGrayLevelRunEmphasis,0.004785131722635818,0.004785131722635818,"native tree importance in PCA space, distributed by absolute PCA loading"
Combined,Gradient Boosting,4,original__glrlm__LongRunEmphasis,0.006381584572417213,0.006381584572417213,"native tree importance in PCA space, distributed by absolute PCA loading"
Combined,Gradient Boosting,4,original__glrlm__LongRunHighGrayLevelEmphasis,0.006490225876301652,0.006490225876301652,"native tree importance in PCA space, distributed by absolute PCA loading"
Combined,Gradient Boosting,4,original__glrlm__LongRunLowGrayLevelEmphasis,0.0053494647930872824,0.0053494647930872824,"native tree importance in PCA space, distributed by absolute PCA loading"
Combined,Gradient Boosting,4,original__glrlm__LowGrayLevelRunEmphasis,0.006895883797214276,0.006895883797214276,"native tree importance in PCA space, distributed by absolute PCA loading"
Combined,Gradient Boosting,4,original__glrlm__RunEntropy,0.005441337276098917,0.005441337276098917,"native tree importance in PCA space, distributed by absolute PCA loading"
Combined,Gradient Boosting,4,original__glrlm__RunLengthNonUniformity,0.005613446554294026,0.005613446554294026,"native tree importance in PCA space, distributed by absolute PCA loading"
Combined,Gradient Boosting,4,original__glrlm__RunLengthNonUniformityNormalized,0.0036264442451284227,0.0036264442451284227,"native tree importance in PCA space, distributed by absolute PCA loading"
Combined,Gradient Boosting,4,original__glrlm__RunPercentage,0.007157791772400902,0.007157791772400902,"native tree importance in PCA space, distributed by absolute PCA loading"
Combined,Gradient Boosting,4,original__glrlm__RunVariance,0.011775255268218075,0.011775255268218075,"native tree importance in PCA space, distributed by absolute PCA loading"
Combined,Gradient Boosting,4,original__glrlm__ShortRunEmphasis,0.0034558548147236878,0.0034558548147236878,"native tree importance in PCA space, distributed by absolute PCA loading"
Combined,Gradient Boosting,4,original__glrlm__ShortRunHighGrayLevelEmphasis,0.002432918686240128,0.002432918686240128,"native tree importance in PCA space, distributed by absolute PCA loading"
Combined,Gradient Boosting,4,original__glrlm__ShortRunLowGrayLevelEmphasis,0.007259294382819965,0.007259294382819965,"native tree importance in PCA space, distributed by absolute PCA loading"
Combined,Gradient Boosting,4,original__glszm__GrayLevelNonUniformity,0.007399686513001555,0.007399686513001555,"native tree importance in PCA space, distributed by absolute PCA loading"
Combined,Gradient Boosting,4,original__glszm__GrayLevelNonUniformityNormalized,0.004845370058869496,0.004845370058869496,"native tree importance in PCA space, distributed by absolute PCA loading"
Combined,Gradient Boosting,4,original__glszm__GrayLevelVariance,0.0043966432313902685,0.0043966432313902685,"native tree importance in PCA space, distributed by absolute PCA loading"
Combined,Gradient Boosting,4,original__glszm__HighGrayLevelZoneEmphasis,0.004704109311447274,0.004704109311447274,"native tree importance in PCA space, distributed by absolute PCA loading"
Combined,Gradient Boosting,4,original__glszm__LargeAreaEmphasis,0.004528427241284525,0.004528427241284525,"native tree importance in PCA space, distributed by absolute PCA loading"
Combined,Gradient Boosting,4,original__glszm__LargeAreaHighGrayLevelEmphasis,0.005436792322846992,0.005436792322846992,"native tree importance in PCA space, distributed by absolute PCA loading"
Combined,Gradient Boosting,4,original__glszm__LargeAreaLowGrayLevelEmphasis,0.010858372518388951,0.010858372518388951,"native tree importance in PCA space, distributed by absolute PCA loading"
Combined,Gradient Boosting,4,original__glszm__LowGrayLevelZoneEmphasis,0.004912820508828295,0.004912820508828295,"native tree importance in PCA space, distributed by absolute PCA loading"
Combined,Gradient Boosting,4,original__glszm__SizeZoneNonUniformity,0.0065334248909456345,0.0065334248909456345,"native tree importance in PCA space, distributed by absolute PCA loading"
Combined,Gradient Boosting,4,original__glszm__SizeZoneNonUniformityNormalized,0.005692181815611189,0.005692181815611189,"native tree importance in PCA space, distributed by absolute PCA loading"
Combined,Gradient Boosting,4,original__glszm__SmallAreaEmphasis,0.006567277831744852,0.006567277831744852,"native tree importance in PCA space, distributed by absolute PCA loading"
Combined,Gradient Boosting,4,original__glszm__SmallAreaHighGrayLevelEmphasis,0.003201754955926422,0.003201754955926422,"native tree importance in PCA space, distributed by absolute PCA loading"
Combined,Gradient Boosting,4,original__glszm__SmallAreaLowGrayLevelEmphasis,0.0042979815408802965,0.0042979815408802965,"native tree importance in PCA space, distributed by absolute PCA loading"
Combined,Gradient Boosting,4,original__glszm__ZoneEntropy,0.008265247938608177,0.008265247938608177,"native tree importance in PCA space, distributed by absolute PCA loading"
Combined,Gradient Boosting,4,original__glszm__ZonePercentage,0.006238214987679059,0.006238214987679059,"native tree importance in PCA space, distributed by absolute PCA loading"
Combined,Gradient Boosting,4,original__glszm__ZoneVariance,0.004489673048228559,0.004489673048228559,"native tree importance in PCA space, distributed by absolute PCA loading"
Combined,Gradient Boosting,4,original__ngtdm__Busyness,0.007100727323684521,0.007100727323684521,"native tree importance in PCA space, distributed by absolute PCA loading"
Combined,Gradient Boosting,4,original__ngtdm__Coarseness,0.007597154085060132,0.007597154085060132,"native tree importance in PCA space, distributed by absolute PCA loading"
Combined,Gradient Boosting,4,original__ngtdm__Complexity,0.009184806946400292,0.009184806946400292,"native tree importance in PCA space, distributed by absolute PCA loading"
Combined,Gradient Boosting,4,original__ngtdm__Contrast,0.006263331482034879,0.006263331482034879,"native tree importance in PCA space, distributed by absolute PCA loading"
Combined,Gradient Boosting,4,original__ngtdm__Strength,0.007727679471739901,0.007727679471739901,"native tree importance in PCA space, distributed by absolute PCA loading"
Combined,Gradient Boosting,4,Age,0.009710882749390951,0.009710882749390951,"native tree importance in PCA space, distributed by absolute PCA loading"
Combined,Gradient Boosting,4,Sex,0.010562999204675407,0.010562999204675407,"native tree importance in PCA space, distributed by absolute PCA loading"
Combined,Gradient Boosting,4,High blood pressure,0.016574045724366885,0.016574045724366885,"native tree importance in PCA space, distributed by absolute PCA loading"
Combined,Gradient Boosting,4,Degenerative brain disease,0.01378301062839174,0.01378301062839174,"native tree importance in PCA space, distributed by absolute PCA loading"
Combined,Gradient Boosting,4,type of degenerative brain disease,0.01378301062839174,0.01378301062839174,"native tree importance in PCA space, distributed by absolute PCA loading"
Combined,Gradient Boosting,4,WBC,0.012480281668074461,0.012480281668074461,"native tree importance in PCA space, distributed by absolute PCA loading"
Combined,Gradient Boosting,4,RBC,0.009522514233994835,0.009522514233994835,"native tree importance in PCA space, distributed by absolute PCA loading"
Combined,Gradient Boosting,4,hemoglobin,0.010532655665167874,0.010532655665167874,"native tree importance in PCA space, distributed by absolute PCA loading"
Combined,Gradient Boosting,4,Anemia,0.014253512645612424,0.014253512645612424,"native tree importance in PCA space, distributed by absolute PCA loading"
Combined,Gradient Boosting,4,platelet count,0.0120934173726559,0.0120934173726559,"native tree importance in PCA space, distributed by absolute PCA loading"
Combined,Gradient Boosting,4,PTT,0.010501850970504881,0.010501850970504881,"native tree importance in PCA space, distributed by absolute PCA loading"
Combined,Gradient Boosting,4,PT,0.008890969612920357,0.008890969612920357,"native tree importance in PCA space, distributed by absolute PCA loading"
Combined,Gradient Boosting,4,INR,0.011776868388350905,0.011776868388350905,"native tree importance in PCA space, distributed by absolute PCA loading"
Combined,Gradient Boosting,4,Creatinin,0.017940437498974268,0.017940437498974268,"native tree importance in PCA space, distributed by absolute PCA loading"
Combined,Gradient Boosting,4,on admission GCS,0.012823265934306983,0.012823265934306983,"native tree importance in PCA space, distributed by absolute PCA loading"
Combined,Gradient Boosting,4,Contusion,0.014614500531390393,0.014614500531390393,"native tree importance in PCA space, distributed by absolute PCA loading"
Combined,Gradient Boosting,4,Intraparenchymal,0.01195597002351669,0.01195597002351669,"native tree importance in PCA space, distributed by absolute PCA loading"
Combined,Gradient Boosting,4,Subdural,0.00892412424479915,0.00892412424479915,"native tree importance in PCA space, distributed by absolute PCA loading"
Combined,Gradient Boosting,4,Subarachnoid,0.01375456829709906,0.01375456829709906,"native tree importance in PCA space, distributed by absolute PCA loading"
Combined,Gradient Boosting,4,Epidural,0.012196048190024577,0.012196048190024577,"native tree importance in PCA space, distributed by absolute PCA loading"
Combined,Gradient Boosting,4,IVH,0.015482444359701008,0.015482444359701008,"native tree importance in PCA space, distributed by absolute PCA loading"
Combined,Gradient Boosting,4,type_of_hemorrhage_num,0.008893404197695543,0.008893404197695543,"native tree importance in PCA space, distributed by absolute PCA loading"
Combined,Gradient Boosting,4,leukocytosis,0.014176455069502273,0.014176455069502273,"native tree importance in PCA space, distributed by absolute PCA loading"
Combined,Gradient Boosting,4,thrombocytopenia,0.013854169459410983,0.013854169459410983,"native tree importance in PCA space, distributed by absolute PCA loading"
Combined,Gradient Boosting,4,long PTT,0.010929950826500449,0.010929950826500449,"native tree importance in PCA space, distributed by absolute PCA loading"
Combined,Gradient Boosting,4,long PT,0.012354313584915066,0.012354313584915066,"native tree importance in PCA space, distributed by absolute PCA loading"
Combined,Gradient Boosting,4,long INR,0.009787621847498856,0.009787621847498856,"native tree importance in PCA space, distributed by absolute PCA loading"
Combined,Gradient Boosting,4,kidney failure,0.009068720652813911,0.009068720652813911,"native tree importance in PCA space, distributed by absolute PCA loading"
Combined,Gradient Boosting,5,original__shape__Elongation,0.007001188303107572,0.007001188303107573,"native tree importance in PCA space, distributed by absolute PCA loading"
Combined,Gradient Boosting,5,original__shape__Flatness,0.013344273905554413,0.013344273905554415,"native tree importance in PCA space, distributed by absolute PCA loading"
Combined,Gradient Boosting,5,original__shape__LeastAxisLength,0.01364270746445476,0.013642707464454762,"native tree importance in PCA space, distributed by absolute PCA loading"
Combined,Gradient Boosting,5,original__shape__MajorAxisLength,0.012426511590216387,0.012426511590216389,"native tree importance in PCA space, distributed by absolute PCA loading"
Combined,Gradient Boosting,5,original__shape__Maximum2DDiameterColumn,0.010589962285210544,0.010589962285210546,"native tree importance in PCA space, distributed by absolute PCA loading"
Combined,Gradient Boosting,5,original__shape__Maximum2DDiameterRow,0.01009118634050437,0.010091186340504371,"native tree importance in PCA space, distributed by absolute PCA loading"
Combined,Gradient Boosting,5,original__shape__Maximum2DDiameterSlice,0.009202924113183724,0.009202924113183726,"native tree importance in PCA space, distributed by absolute PCA loading"
Combined,Gradient Boosting,5,original__shape__Maximum3DDiameter,0.005875528854736916,0.005875528854736917,"native tree importance in PCA space, distributed by absolute PCA loading"
Combined,Gradient Boosting,5,original__shape__MeshVolume,0.007965090585511293,0.007965090585511295,"native tree importance in PCA space, distributed by absolute PCA loading"
Combined,Gradient Boosting,5,original__shape__MinorAxisLength,0.009962606873476077,0.009962606873476079,"native tree importance in PCA space, distributed by absolute PCA loading"
Combined,Gradient Boosting,5,original__shape__Sphericity,0.009384249074692994,0.009384249074692996,"native tree importance in PCA space, distributed by absolute PCA loading"
Combined,Gradient Boosting,5,original__shape__SurfaceArea,0.00480814927839672,0.004808149278396721,"native tree importance in PCA space, distributed by absolute PCA loading"
Combined,Gradient Boosting,5,original__shape__SurfaceVolumeRatio,0.013612775635007532,0.013612775635007533,"native tree importance in PCA space, distributed by absolute PCA loading"
Combined,Gradient Boosting,5,original__shape__VoxelVolume,0.006656672302040631,0.006656672302040632,"native tree importance in PCA space, distributed by absolute PCA loading"
Combined,Gradient Boosting,5,original__firstorder__10Percentile,0.005200039773015218,0.005200039773015219,"native tree importance in PCA space, distributed by absolute PCA loading"
Combined,Gradient Boosting,5,original__firstorder__90Percentile,0.004321963258742777,0.004321963258742778,"native tree importance in PCA space, distributed by absolute PCA loading"
Combined,Gradient Boosting,5,original__firstorder__Energy,0.004978070327051079,0.00497807032705108,"native tree importance in PCA space, distributed by absolute PCA loading"
Combined,Gradient Boosting,5,original__firstorder__Entropy,0.001783246075174737,0.0017832460751747371,"native tree importance in PCA space, distributed by absolute PCA loading"
Combined,Gradient Boosting,5,original__firstorder__InterquartileRange,0.009081714056805603,0.009081714056805605,"native tree importance in PCA space, distributed by absolute PCA loading"
Combined,Gradient Boosting,5,original__firstorder__Kurtosis,0.00732967379892237,0.007329673798922371,"native tree importance in PCA space, distributed by absolute PCA loading"
Combined,Gradient Boosting,5,original__firstorder__Maximum,0.009697039750902652,0.009697039750902654,"native tree importance in PCA space, distributed by absolute PCA loading"
Combined,Gradient Boosting,5,original__firstorder__MeanAbsoluteDeviation,0.008199757768135293,0.008199757768135295,"native tree importance in PCA space, distributed by absolute PCA loading"
Combined,Gradient Boosting,5,original__firstorder__Mean,0.0061962912730257275,0.006196291273025728,"native tree importance in PCA space, distributed by absolute PCA loading"
Combined,Gradient Boosting,5,original__firstorder__Median,0.0045438652334163845,0.004543865233416385,"native tree importance in PCA space, distributed by absolute PCA loading"
Combined,Gradient Boosting,5,original__firstorder__Minimum,0.004476897386646952,0.004476897386646953,"native tree importance in PCA space, distributed by absolute PCA loading"
Combined,Gradient Boosting,5,original__firstorder__Range,0.006350004320516865,0.006350004320516866,"native tree importance in PCA space, distributed by absolute PCA loading"
Combined,Gradient Boosting,5,original__firstorder__RobustMeanAbsoluteDeviation,0.0073965736437745025,0.007396573643774503,"native tree importance in PCA space, distributed by absolute PCA loading"
Combined,Gradient Boosting,5,original__firstorder__RootMeanSquared,0.006276372603589489,0.00627637260358949,"native tree importance in PCA space, distributed by absolute PCA loading"
Combined,Gradient Boosting,5,original__firstorder__Skewness,0.006216341076707858,0.006216341076707859,"native tree importance in PCA space, distributed by absolute PCA loading"
Combined,Gradient Boosting,5,original__firstorder__TotalEnergy,0.006997198634012951,0.006997198634012952,"native tree importance in PCA space, distributed by absolute PCA loading"
Combined,Gradient Boosting,5,original__firstorder__Uniformity,0.004956265488641475,0.004956265488641476,"native tree importance in PCA space, distributed by absolute PCA loading"
Combined,Gradient Boosting,5,original__firstorder__Variance,0.007711677904569628,0.0077116779045696285,"native tree importance in PCA space, distributed by absolute PCA loading"
Combined,Gradient Boosting,5,original__glcm__Autocorrelation,0.00516035084851728,0.005160350848517281,"native tree importance in PCA space, distributed by absolute PCA loading"
Combined,Gradient Boosting,5,original__glcm__ClusterProminence,0.009000391923315901,0.009000391923315903,"native tree importance in PCA space, distributed by absolute PCA loading"
Combined,Gradient Boosting,5,original__glcm__ClusterShade,0.011082043608890407,0.011082043608890408,"native tree importance in PCA space, distributed by absolute PCA loading"
Combined,Gradient Boosting,5,original__glcm__ClusterTendency,0.0030716896684041743,0.0030716896684041747,"native tree importance in PCA space, distributed by absolute PCA loading"
Combined,Gradient Boosting,5,original__glcm__Contrast,0.002627887139135948,0.0026278871391359486,"native tree importance in PCA space, distributed by absolute PCA loading"
Combined,Gradient Boosting,5,original__glcm__Correlation,0.01161161528346431,0.011611615283464312,"native tree importance in PCA space, distributed by absolute PCA loading"
Combined,Gradient Boosting,5,original__glcm__DifferenceAverage,0.0024272594431878434,0.002427259443187844,"native tree importance in PCA space, distributed by absolute PCA loading"
Combined,Gradient Boosting,5,original__glcm__DifferenceEntropy,0.003333357477759526,0.0033333574777595263,"native tree importance in PCA space, distributed by absolute PCA loading"
Combined,Gradient Boosting,5,original__glcm__DifferenceVariance,0.0023079148438580523,0.0023079148438580528,"native tree importance in PCA space, distributed by absolute PCA loading"
Combined,Gradient Boosting,5,original__glcm__Id,0.002440257392332888,0.0024402573923328883,"native tree importance in PCA space, distributed by absolute PCA loading"
Combined,Gradient Boosting,5,original__glcm__Idm,0.005629277880893325,0.0056292778808933255,"native tree importance in PCA space, distributed by absolute PCA loading"
Combined,Gradient Boosting,5,original__glcm__Idmn,0.004886484649730782,0.004886484649730783,"native tree importance in PCA space, distributed by absolute PCA loading"
Combined,Gradient Boosting,5,original__glcm__Idn,0.005537859409528674,0.005537859409528675,"native tree importance in PCA space, distributed by absolute PCA loading"
Combined,Gradient Boosting,5,original__glcm__Imc1,0.00998064526935919,0.009980645269359191,"native tree importance in PCA space, distributed by absolute PCA loading"
Combined,Gradient Boosting,5,original__glcm__Imc2,0.006066905554049638,0.006066905554049639,"native tree importance in PCA space, distributed by absolute PCA loading"
Combined,Gradient Boosting,5,original__glcm__InverseVariance,0.0024517648831742767,0.002451764883174277,"native tree importance in PCA space, distributed by absolute PCA loading"
Combined,Gradient Boosting,5,original__glcm__JointAverage,0.005551174651372233,0.005551174651372234,"native tree importance in PCA space, distributed by absolute PCA loading"
Combined,Gradient Boosting,5,original__glcm__JointEnergy,0.00553387720256627,0.005533877202566271,"native tree importance in PCA space, distributed by absolute PCA loading"
Combined,Gradient Boosting,5,original__glcm__JointEntropy,0.0023073489631968125,0.002307348963196813,"native tree importance in PCA space, distributed by absolute PCA loading"
Combined,Gradient Boosting,5,original__glcm__MCC,0.009662541888588165,0.009662541888588167,"native tree importance in PCA space, distributed by absolute PCA loading"
Combined,Gradient Boosting,5,original__glcm__MaximumProbability,0.003139856279428057,0.0031398562794280574,"native tree importance in PCA space, distributed by absolute PCA loading"
Combined,Gradient Boosting,5,original__glcm__SumAverage,0.004377915007491862,0.004377915007491863,"native tree importance in PCA space, distributed by absolute PCA loading"
Combined,Gradient Boosting,5,original__glcm__SumEntropy,0.00246535627062837,0.0024653562706283706,"native tree importance in PCA space, distributed by absolute PCA loading"
Combined,Gradient Boosting,5,original__glcm__SumSquares,0.002802645811024327,0.0028026458110243274,"native tree importance in PCA space, distributed by absolute PCA loading"
Combined,Gradient Boosting,5,original__gldm__DependenceEntropy,0.0044259269609485015,0.004425926960948502,"native tree importance in PCA space, distributed by absolute PCA loading"
Combined,Gradient Boosting,5,original__gldm__DependenceNonUniformity,0.006452635101456404,0.006452635101456405,"native tree importance in PCA space, distributed by absolute PCA loading"
Combined,Gradient Boosting,5,original__gldm__DependenceNonUniformityNormalized,0.007315461063757468,0.007315461063757469,"native tree importance in PCA space, distributed by absolute PCA loading"
Combined,Gradient Boosting,5,original__gldm__DependenceVariance,0.00821432385515419,0.008214323855154191,"native tree importance in PCA space, distributed by absolute PCA loading"
Combined,Gradient Boosting,5,original__gldm__GrayLevelNonUniformity,0.0053935159541026656,0.005393515954102666,"native tree importance in PCA space, distributed by absolute PCA loading"
Combined,Gradient Boosting,5,original__gldm__GrayLevelVariance,0.002431069569815754,0.0024310695698157546,"native tree importance in PCA space, distributed by absolute PCA loading"
Combined,Gradient Boosting,5,original__gldm__HighGrayLevelEmphasis,0.005683086275246869,0.00568308627524687,"native tree importance in PCA space, distributed by absolute PCA loading"
Combined,Gradient Boosting,5,original__gldm__LargeDependenceEmphasis,0.006264732632488118,0.006264732632488119,"native tree importance in PCA space, distributed by absolute PCA loading"
Combined,Gradient Boosting,5,original__gldm__LargeDependenceHighGrayLevelEmphasis,0.006450038913303311,0.006450038913303312,"native tree importance in PCA space, distributed by absolute PCA loading"
Combined,Gradient Boosting,5,original__gldm__LargeDependenceLowGrayLevelEmphasis,0.005376878521607375,0.005376878521607376,"native tree importance in PCA space, distributed by absolute PCA loading"
Combined,Gradient Boosting,5,original__gldm__LowGrayLevelEmphasis,0.0059064608205234535,0.005906460820523454,"native tree importance in PCA space, distributed by absolute PCA loading"
Combined,Gradient Boosting,5,original__gldm__SmallDependenceEmphasis,0.005877004015353881,0.005877004015353882,"native tree importance in PCA space, distributed by absolute PCA loading"
Combined,Gradient Boosting,5,original__gldm__SmallDependenceHighGrayLevelEmphasis,0.0025422255912229286,0.002542225591222929,"native tree importance in PCA space, distributed by absolute PCA loading"
Combined,Gradient Boosting,5,original__gldm__SmallDependenceLowGrayLevelEmphasis,0.007395656202998283,0.0073956562029982836,"native tree importance in PCA space, distributed by absolute PCA loading"
Combined,Gradient Boosting,5,original__glrlm__GrayLevelNonUniformity,0.005606987429705382,0.005606987429705383,"native tree importance in PCA space, distributed by absolute PCA loading"
Combined,Gradient Boosting,5,original__glrlm__GrayLevelNonUniformityNormalized,0.002135776215559378,0.0021357762155593783,"native tree importance in PCA space, distributed by absolute PCA loading"
Combined,Gradient Boosting,5,original__glrlm__GrayLevelVariance,0.0022966946794577116,0.002296694679457712,"native tree importance in PCA space, distributed by absolute PCA loading"
Combined,Gradient Boosting,5,original__glrlm__HighGrayLevelRunEmphasis,0.005578654988798665,0.005578654988798666,"native tree importance in PCA space, distributed by absolute PCA loading"
Combined,Gradient Boosting,5,original__glrlm__LongRunEmphasis,0.005168700503888077,0.005168700503888078,"native tree importance in PCA space, distributed by absolute PCA loading"
Combined,Gradient Boosting,5,original__glrlm__LongRunHighGrayLevelEmphasis,0.007835104299629926,0.007835104299629927,"native tree importance in PCA space, distributed by absolute PCA loading"
Combined,Gradient Boosting,5,original__glrlm__LongRunLowGrayLevelEmphasis,0.0040941903463006975,0.004094190346300698,"native tree importance in PCA space, distributed by absolute PCA loading"
Combined,Gradient Boosting,5,original__glrlm__LowGrayLevelRunEmphasis,0.005534181464356289,0.0055341814643562895,"native tree importance in PCA space, distributed by absolute PCA loading"
Combined,Gradient Boosting,5,original__glrlm__RunEntropy,0.007519081400098664,0.007519081400098665,"native tree importance in PCA space, distributed by absolute PCA loading"
Combined,Gradient Boosting,5,original__glrlm__RunLengthNonUniformity,0.007069886070675959,0.00706988607067596,"native tree importance in PCA space, distributed by absolute PCA loading"
Combined,Gradient Boosting,5,original__glrlm__RunLengthNonUniformityNormalized,0.004404527458243794,0.004404527458243795,"native tree importance in PCA space, distributed by absolute PCA loading"
Combined,Gradient Boosting,5,original__glrlm__RunPercentage,0.007961420753066618,0.00796142075306662,"native tree importance in PCA space, distributed by absolute PCA loading"
Combined,Gradient Boosting,5,original__glrlm__RunVariance,0.01322242730282372,0.013222427302823721,"native tree importance in PCA space, distributed by absolute PCA loading"
Combined,Gradient Boosting,5,original__glrlm__ShortRunEmphasis,0.004424482245537244,0.004424482245537245,"native tree importance in PCA space, distributed by absolute PCA loading"
Combined,Gradient Boosting,5,original__glrlm__ShortRunHighGrayLevelEmphasis,0.005221973430152568,0.0052219734301525685,"native tree importance in PCA space, distributed by absolute PCA loading"
Combined,Gradient Boosting,5,original__glrlm__ShortRunLowGrayLevelEmphasis,0.006131417973200045,0.006131417973200046,"native tree importance in PCA space, distributed by absolute PCA loading"
Combined,Gradient Boosting,5,original__glszm__GrayLevelNonUniformity,0.008197841560690929,0.00819784156069093,"native tree importance in PCA space, distributed by absolute PCA loading"
Combined,Gradient Boosting,5,original__glszm__GrayLevelNonUniformityNormalized,0.0036356150466390503,0.0036356150466390507,"native tree importance in PCA space, distributed by absolute PCA loading"
Combined,Gradient Boosting,5,original__glszm__GrayLevelVariance,0.005598563626594423,0.005598563626594424,"native tree importance in PCA space, distributed by absolute PCA loading"
Combined,Gradient Boosting,5,original__glszm__HighGrayLevelZoneEmphasis,0.005803118795751325,0.005803118795751326,"native tree importance in PCA space, distributed by absolute PCA loading"
Combined,Gradient Boosting,5,original__glszm__LargeAreaEmphasis,0.007556424894817597,0.007556424894817598,"native tree importance in PCA space, distributed by absolute PCA loading"
Combined,Gradient Boosting,5,original__glszm__LargeAreaHighGrayLevelEmphasis,0.007211229559887628,0.007211229559887629,"native tree importance in PCA space, distributed by absolute PCA loading"
Combined,Gradient Boosting,5,original__glszm__LargeAreaLowGrayLevelEmphasis,0.009972106025386982,0.009972106025386984,"native tree importance in PCA space, distributed by absolute PCA loading"
Combined,Gradient Boosting,5,original__glszm__LowGrayLevelZoneEmphasis,0.0060938502927781425,0.006093850292778143,"native tree importance in PCA space, distributed by absolute PCA loading"
Combined,Gradient Boosting,5,original__glszm__SizeZoneNonUniformity,0.008806697891943485,0.008806697891943487,"native tree importance in PCA space, distributed by absolute PCA loading"
Combined,Gradient Boosting,5,original__glszm__SizeZoneNonUniformityNormalized,0.007142035586910071,0.0071420355869100715,"native tree importance in PCA space, distributed by absolute PCA loading"
Combined,Gradient Boosting,5,original__glszm__SmallAreaEmphasis,0.007796799565092085,0.007796799565092086,"native tree importance in PCA space, distributed by absolute PCA loading"
Combined,Gradient Boosting,5,original__glszm__SmallAreaHighGrayLevelEmphasis,0.005946733702543514,0.005946733702543515,"native tree importance in PCA space, distributed by absolute PCA loading"
Combined,Gradient Boosting,5,original__glszm__SmallAreaLowGrayLevelEmphasis,0.004633665774447161,0.004633665774447162,"native tree importance in PCA space, distributed by absolute PCA loading"
Combined,Gradient Boosting,5,original__glszm__ZoneEntropy,0.008365840654790764,0.008365840654790766,"native tree importance in PCA space, distributed by absolute PCA loading"
Combined,Gradient Boosting,5,original__glszm__ZonePercentage,0.00624802097158962,0.006248020971589621,"native tree importance in PCA space, distributed by absolute PCA loading"
Combined,Gradient Boosting,5,original__glszm__ZoneVariance,0.00758009316245814,0.007580093162458141,"native tree importance in PCA space, distributed by absolute PCA loading"
Combined,Gradient Boosting,5,original__ngtdm__Busyness,0.005902301768243117,0.005902301768243118,"native tree importance in PCA space, distributed by absolute PCA loading"
Combined,Gradient Boosting,5,original__ngtdm__Coarseness,0.007478623292253039,0.00747862329225304,"native tree importance in PCA space, distributed by absolute PCA loading"
Combined,Gradient Boosting,5,original__ngtdm__Complexity,0.006769787828147655,0.006769787828147656,"native tree importance in PCA space, distributed by absolute PCA loading"
Combined,Gradient Boosting,5,original__ngtdm__Contrast,0.005833218203512054,0.005833218203512055,"native tree importance in PCA space, distributed by absolute PCA loading"
Combined,Gradient Boosting,5,original__ngtdm__Strength,0.006412485404317981,0.006412485404317982,"native tree importance in PCA space, distributed by absolute PCA loading"
Combined,Gradient Boosting,5,Age,0.00689393379686753,0.006893933796867531,"native tree importance in PCA space, distributed by absolute PCA loading"
Combined,Gradient Boosting,5,Sex,0.009243012196864617,0.009243012196864618,"native tree importance in PCA space, distributed by absolute PCA loading"
Combined,Gradient Boosting,5,High blood pressure,0.00907907772171586,0.009079077721715862,"native tree importance in PCA space, distributed by absolute PCA loading"
Combined,Gradient Boosting,5,Degenerative brain disease,0.013100018918213469,0.01310001891821347,"native tree importance in PCA space, distributed by absolute PCA loading"
Combined,Gradient Boosting,5,type of degenerative brain disease,0.01294088228070397,0.012940882280703971,"native tree importance in PCA space, distributed by absolute PCA loading"
Combined,Gradient Boosting,5,WBC,0.012243088785174452,0.012243088785174454,"native tree importance in PCA space, distributed by absolute PCA loading"
Combined,Gradient Boosting,5,RBC,0.010786627680595245,0.010786627680595247,"native tree importance in PCA space, distributed by absolute PCA loading"
Combined,Gradient Boosting,5,hemoglobin,0.012285028663890783,0.012285028663890784,"native tree importance in PCA space, distributed by absolute PCA loading"
Combined,Gradient Boosting,5,Anemia,0.010729301611085937,0.010729301611085939,"native tree importance in PCA space, distributed by absolute PCA loading"
Combined,Gradient Boosting,5,platelet count,0.00969977143694682,0.009699771436946822,"native tree importance in PCA space, distributed by absolute PCA loading"
Combined,Gradient Boosting,5,PTT,0.0087658694298879,0.008765869429887902,"native tree importance in PCA space, distributed by absolute PCA loading"
Combined,Gradient Boosting,5,PT,0.009879881776617411,0.009879881776617413,"native tree importance in PCA space, distributed by absolute PCA loading"
Combined,Gradient Boosting,5,INR,0.00674555384339511,0.006745553843395111,"native tree importance in PCA space, distributed by absolute PCA loading"
Combined,Gradient Boosting,5,Creatinin,0.0195786462375153,0.019578646237515304,"native tree importance in PCA space, distributed by absolute PCA loading"
Combined,Gradient Boosting,5,on admission GCS,0.012026302068844292,0.012026302068844294,"native tree importance in PCA space, distributed by absolute PCA loading"
Combined,Gradient Boosting,5,Contusion,0.009260589928753888,0.00926058992875389,"native tree importance in PCA space, distributed by absolute PCA loading"
Combined,Gradient Boosting,5,Intraparenchymal,0.016885218782648537,0.01688521878264854,"native tree importance in PCA space, distributed by absolute PCA loading"
Combined,Gradient Boosting,5,Subdural,0.010827769135522998,0.010827769135523,"native tree importance in PCA space, distributed by absolute PCA loading"
Combined,Gradient Boosting,5,Subarachnoid,0.010968294076143994,0.010968294076143996,"native tree importance in PCA space, distributed by absolute PCA loading"
Combined,Gradient Boosting,5,Epidural,0.01108125569761305,0.011081255697613052,"native tree importance in PCA space, distributed by absolute PCA loading"
Combined,Gradient Boosting,5,IVH,0.011388851933904013,0.011388851933904015,"native tree importance in PCA space, distributed by absolute PCA loading"
Combined,Gradient Boosting,5,type_of_hemorrhage_num,0.014754024665175688,0.01475402466517569,"native tree importance in PCA space, distributed by absolute PCA loading"
Combined,Gradient Boosting,5,leukocytosis,0.007723349401416644,0.007723349401416645,"native tree importance in PCA space, distributed by absolute PCA loading"
Combined,Gradient Boosting,5,thrombocytopenia,0.007705182688235541,0.007705182688235542,"native tree importance in PCA space, distributed by absolute PCA loading"
Combined,Gradient Boosting,5,long PTT,0.00788882600551481,0.007888826005514812,"native tree importance in PCA space, distributed by absolute PCA loading"
Combined,Gradient Boosting,5,long PT,0.010846233060806558,0.01084623306080656,"native tree importance in PCA space, distributed by absolute PCA loading"
Combined,Gradient Boosting,5,long INR,0.011428863798802126,0.011428863798802128,"native tree importance in PCA space, distributed by absolute PCA loading"
Combined,Gradient Boosting,5,kidney failure,0.01859172839923084,0.018591728399230845,"native tree importance in PCA space, distributed by absolute PCA loading"
Combined,XGBoost,1,original__shape__Elongation,0.007452816098173545,0.00745281543183992,"native tree importance in PCA space, distributed by absolute PCA loading"
Combined,XGBoost,1,original__shape__Flatness,0.009732803209725367,0.009732802339545028,"native tree importance in PCA space, distributed by absolute PCA loading"
Combined,XGBoost,1,original__shape__LeastAxisLength,0.007570243227033245,0.007570242550200818,"native tree importance in PCA space, distributed by absolute PCA loading"
Combined,XGBoost,1,original__shape__MajorAxisLength,0.012175478052371107,0.01217547696379864,"native tree importance in PCA space, distributed by absolute PCA loading"
Combined,XGBoost,1,original__shape__Maximum2DDiameterColumn,0.010728010550876224,0.010728009591717423,"native tree importance in PCA space, distributed by absolute PCA loading"
Combined,XGBoost,1,original__shape__Maximum2DDiameterRow,0.008704097920079219,0.008704097141872291,"native tree importance in PCA space, distributed by absolute PCA loading"
Combined,XGBoost,1,original__shape__Maximum2DDiameterSlice,0.00804537054705281,0.008045369827740694,"native tree importance in PCA space, distributed by absolute PCA loading"
Combined,XGBoost,1,original__shape__Maximum3DDiameter,0.01048001108757596,0.010480010150590037,"native tree importance in PCA space, distributed by absolute PCA loading"
Combined,XGBoost,1,original__shape__MeshVolume,0.007667286280411046,0.007667285594902294,"native tree importance in PCA space, distributed by absolute PCA loading"
Combined,XGBoost,1,original__shape__MinorAxisLength,0.009456747428104924,0.009456746582605893,"native tree importance in PCA space, distributed by absolute PCA loading"
Combined,XGBoost,1,original__shape__Sphericity,0.008737758880612711,0.00873775809939626,"native tree importance in PCA space, distributed by absolute PCA loading"
Combined,XGBoost,1,original__shape__SurfaceArea,0.005555410046050657,0.005555409549358338,"native tree importance in PCA space, distributed by absolute PCA loading"
Combined,XGBoost,1,original__shape__SurfaceVolumeRatio,0.007637076778935192,0.00763707609612738,"native tree importance in PCA space, distributed by absolute PCA loading"
Combined,XGBoost,1,original__shape__VoxelVolume,0.006755135868436744,0.006755135264480587,"native tree importance in PCA space, distributed by absolute PCA loading"
Combined,XGBoost,1,original__firstorder__10Percentile,0.007904605121954416,0.007904604415227709,"native tree importance in PCA space, distributed by absolute PCA loading"
Combined,XGBoost,1,original__firstorder__90Percentile,0.0054857955050872905,0.005485795014618996,"native tree importance in PCA space, distributed by absolute PCA loading"
Combined,XGBoost,1,original__firstorder__Energy,0.005842302440645133,0.005842301918302637,"native tree importance in PCA space, distributed by absolute PCA loading"
Combined,XGBoost,1,original__firstorder__Entropy,0.0035653181934260357,0.0035653178746617776,"native tree importance in PCA space, distributed by absolute PCA loading"
Combined,XGBoost,1,original__firstorder__InterquartileRange,0.008934960570222004,0.008934959771374349,"native tree importance in PCA space, distributed by absolute PCA loading"
Combined,XGBoost,1,original__firstorder__Kurtosis,0.011419026953616834,0.011419025932676357,"native tree importance in PCA space, distributed by absolute PCA loading"
Combined,XGBoost,1,original__firstorder__Maximum,0.007857238949416992,0.00785723824692515,"native tree importance in PCA space, distributed by absolute PCA loading"
Combined,XGBoost,1,original__firstorder__MeanAbsoluteDeviation,0.004695940589297291,0.004695940169447522,"native tree importance in PCA space, distributed by absolute PCA loading"
Combined,XGBoost,1,original__firstorder__Mean,0.007066378036549586,0.007066377404766213,"native tree importance in PCA space, distributed by absolute PCA loading"
Combined,XGBoost,1,original__firstorder__Median,0.006157931685859372,0.006157931135297425,"native tree importance in PCA space, distributed by absolute PCA loading"
Combined,XGBoost,1,original__firstorder__Minimum,0.004104933702486164,0.004104933335476524,"native tree importance in PCA space, distributed by absolute PCA loading"
Combined,XGBoost,1,original__firstorder__Range,0.005182684462324637,0.0051826839989565785,"native tree importance in PCA space, distributed by absolute PCA loading"
Combined,XGBoost,1,original__firstorder__RobustMeanAbsoluteDeviation,0.009013877981490793,0.009013877175587373,"native tree importance in PCA space, distributed by absolute PCA loading"
Combined,XGBoost,1,original__firstorder__RootMeanSquared,0.006615445055985843,0.006615444464519017,"native tree importance in PCA space, distributed by absolute PCA loading"
Combined,XGBoost,1,original__firstorder__Skewness,0.011363662048336543,0.011363661032346074,"native tree importance in PCA space, distributed by absolute PCA loading"
Combined,XGBoost,1,original__firstorder__TotalEnergy,0.005906994484816782,0.005906993956690367,"native tree importance in PCA space, distributed by absolute PCA loading"
Combined,XGBoost,1,original__firstorder__Uniformity,0.005437557555987069,0.005437557069831582,"native tree importance in PCA space, distributed by absolute PCA loading"
Combined,XGBoost,1,original__firstorder__Variance,0.006179234020418039,0.006179233467951515,"native tree importance in PCA space, distributed by absolute PCA loading"
Combined,XGBoost,1,original__glcm__Autocorrelation,0.004036844678673904,0.004036844317751896,"native tree importance in PCA space, distributed by absolute PCA loading"
Combined,XGBoost,1,original__glcm__ClusterProminence,0.0053543254936897575,0.005354325014975797,"native tree importance in PCA space, distributed by absolute PCA loading"
Combined,XGBoost,1,original__glcm__ClusterShade,0.01137934021148536,0.011379339194093155,"native tree importance in PCA space, distributed by absolute PCA loading"
Combined,XGBoost,1,original__glcm__ClusterTendency,0.005345164410912766,0.0053451639330178696,"native tree importance in PCA space, distributed by absolute PCA loading"
Combined,XGBoost,1,original__glcm__Contrast,0.005063342117278081,0.005063341664580058,"native tree importance in PCA space, distributed by absolute PCA loading"
Combined,XGBoost,1,original__glcm__Correlation,0.008636307962670712,0.008636307190524679,"native tree importance in PCA space, distributed by absolute PCA loading"
Combined,XGBoost,1,original__glcm__DifferenceAverage,0.003620206446194224,0.003620206122522574,"native tree importance in PCA space, distributed by absolute PCA loading"
Combined,XGBoost,1,original__glcm__DifferenceEntropy,0.0029934175727874338,0.002993417305155071,"native tree importance in PCA space, distributed by absolute PCA loading"
Combined,XGBoost,1,original__glcm__DifferenceVariance,0.0056899565595185265,0.005689956050796812,"native tree importance in PCA space, distributed by absolute PCA loading"
Combined,XGBoost,1,original__glcm__Id,0.0036467616349282407,0.003646761308882372,"native tree importance in PCA space, distributed by absolute PCA loading"
Combined,XGBoost,1,original__glcm__Idm,0.005471897936858615,0.0054718974476328595,"native tree importance in PCA space, distributed by absolute PCA loading"
Combined,XGBoost,1,original__glcm__Idmn,0.007655364438467733,0.007655363754024877,"native tree importance in PCA space, distributed by absolute PCA loading"
Combined,XGBoost,1,original__glcm__Idn,0.006524399041381418,0.00652439845805474,"native tree importance in PCA space, distributed by absolute PCA loading"
Combined,XGBoost,1,original__glcm__Imc1,0.0064845460102199584,0.006484545430456418,"native tree importance in PCA space, distributed by absolute PCA loading"
Combined,XGBoost,1,original__glcm__Imc2,0.005478253305242418,0.005478252815448449,"native tree importance in PCA space, distributed by absolute PCA loading"
Combined,XGBoost,1,original__glcm__InverseVariance,0.003719149208141455,0.0037191488756236337,"native tree importance in PCA space, distributed by absolute PCA loading"
Combined,XGBoost,1,original__glcm__JointAverage,0.004837938807771077,0.00483793837522568,"native tree importance in PCA space, distributed by absolute PCA loading"
Combined,XGBoost,1,original__glcm__JointEnergy,0.0054640953487144935,0.005464094860186344,"native tree importance in PCA space, distributed by absolute PCA loading"
Combined,XGBoost,1,original__glcm__JointEntropy,0.0029337753313439406,0.0029337750690440092,"native tree importance in PCA space, distributed by absolute PCA loading"
Combined,XGBoost,1,original__glcm__MCC,0.010224979260974446,0.010224978346790143,"native tree importance in PCA space, distributed by absolute PCA loading"
Combined,XGBoost,1,original__glcm__MaximumProbability,0.004778043800376343,0.004778043373185976,"native tree importance in PCA space, distributed by absolute PCA loading"
Combined,XGBoost,1,original__glcm__SumAverage,0.004101289804072437,0.004101289437388587,"native tree importance in PCA space, distributed by absolute PCA loading"
Combined,XGBoost,1,original__glcm__SumEntropy,0.0028592452538651575,0.002859244998228734,"native tree importance in PCA space, distributed by absolute PCA loading"
Combined,XGBoost,1,original__glcm__SumSquares,0.005331390051313975,0.005331389574650602,"native tree importance in PCA space, distributed by absolute PCA loading"
Combined,XGBoost,1,original__gldm__DependenceEntropy,0.006764395403917955,0.006764394799133931,"native tree importance in PCA space, distributed by absolute PCA loading"
Combined,XGBoost,1,original__gldm__DependenceNonUniformity,0.0069158110215324685,0.006915810403210835,"native tree importance in PCA space, distributed by absolute PCA loading"
Combined,XGBoost,1,original__gldm__DependenceNonUniformityNormalized,0.005731153318376774,0.005731152805971783,"native tree importance in PCA space, distributed by absolute PCA loading"
Combined,XGBoost,1,original__gldm__DependenceVariance,0.008977463809309354,0.008977463006661614,"native tree importance in PCA space, distributed by absolute PCA loading"
Combined,XGBoost,1,original__gldm__GrayLevelNonUniformity,0.0048456279051981585,0.004845627471965303,"native tree importance in PCA space, distributed by absolute PCA loading"
Combined,XGBoost,1,original__gldm__GrayLevelVariance,0.0051861835792864274,0.005186183115605524,"native tree importance in PCA space, distributed by absolute PCA loading"
Combined,XGBoost,1,original__gldm__HighGrayLevelEmphasis,0.004870911099851194,0.004870910664357844,"native tree importance in PCA space, distributed by absolute PCA loading"
Combined,XGBoost,1,original__gldm__LargeDependenceEmphasis,0.00629734542670172,0.0062973448636752145,"native tree importance in PCA space, distributed by absolute PCA loading"
Combined,XGBoost,1,original__gldm__LargeDependenceHighGrayLevelEmphasis,0.007195404839715705,0.007195404196396438,"native tree importance in PCA space, distributed by absolute PCA loading"
Combined,XGBoost,1,original__gldm__LargeDependenceLowGrayLevelEmphasis,0.006821179163016607,0.006821178553155721,"native tree importance in PCA space, distributed by absolute PCA loading"
Combined,XGBoost,1,original__gldm__LowGrayLevelEmphasis,0.005560041082701058,0.005560040585594691,"native tree importance in PCA space, distributed by absolute PCA loading"
Combined,XGBoost,1,original__gldm__SmallDependenceEmphasis,0.006556983536028758,0.006556982949788798,"native tree importance in PCA space, distributed by absolute PCA loading"
Combined,XGBoost,1,original__gldm__SmallDependenceHighGrayLevelEmphasis,0.0038620051830851447,0.003862004837795005,"native tree importance in PCA space, distributed by absolute PCA loading"
Combined,XGBoost,1,original__gldm__SmallDependenceLowGrayLevelEmphasis,0.007904481650585894,0.007904480943870225,"native tree importance in PCA space, distributed by absolute PCA loading"
Combined,XGBoost,1,original__glrlm__GrayLevelNonUniformity,0.005279535677737952,0.005279535205710721,"native tree importance in PCA space, distributed by absolute PCA loading"
Combined,XGBoost,1,original__glrlm__GrayLevelNonUniformityNormalized,0.004050727272280482,0.004050726910117274,"native tree importance in PCA space, distributed by absolute PCA loading"
Combined,XGBoost,1,original__glrlm__GrayLevelVariance,0.0050870779564911065,0.0050870775016709354,"native tree importance in PCA space, distributed by absolute PCA loading"
Combined,XGBoost,1,original__glrlm__HighGrayLevelRunEmphasis,0.004819973819907744,0.004819973388968541,"native tree importance in PCA space, distributed by absolute PCA loading"
Combined,XGBoost,1,original__glrlm__LongRunEmphasis,0.0059445377563492685,0.005944537224866224,"native tree importance in PCA space, distributed by absolute PCA loading"
Combined,XGBoost,1,original__glrlm__LongRunHighGrayLevelEmphasis,0.005148354718399687,0.005148354258100947,"native tree importance in PCA space, distributed by absolute PCA loading"
Combined,XGBoost,1,original__glrlm__LongRunLowGrayLevelEmphasis,0.006856668163590829,0.006856667550556979,"native tree importance in PCA space, distributed by absolute PCA loading"
Combined,XGBoost,1,original__glrlm__LowGrayLevelRunEmphasis,0.006396938681490348,0.006396938109559513,"native tree importance in PCA space, distributed by absolute PCA loading"
Combined,XGBoost,1,original__glrlm__RunEntropy,0.005613883546053067,0.00561388304413281,"native tree importance in PCA space, distributed by absolute PCA loading"
Combined,XGBoost,1,original__glrlm__RunLengthNonUniformity,0.007657552105775012,0.007657551421136563,"native tree importance in PCA space, distributed by absolute PCA loading"
Combined,XGBoost,1,original__glrlm__RunLengthNonUniformityNormalized,0.004486139792104108,0.004486139391011991,"native tree importance in PCA space, distributed by absolute PCA loading"
Combined,XGBoost,1,original__glrlm__RunPercentage,0.005726226751654701,0.00572622623969018,"native tree importance in PCA space, distributed by absolute PCA loading"
Combined,XGBoost,1,original__glrlm__RunVariance,0.00857734784377169,0.008577347076897102,"native tree importance in PCA space, distributed by absolute PCA loading"
Combined,XGBoost,1,original__glrlm__ShortRunEmphasis,0.004773923677982297,0.004773923251160298,"native tree importance in PCA space, distributed by absolute PCA loading"
Combined,XGBoost,1,original__glrlm__ShortRunHighGrayLevelEmphasis,0.00390224866408671,0.003902248315198523,"native tree importance in PCA space, distributed by absolute PCA loading"
Combined,XGBoost,1,original__glrlm__ShortRunLowGrayLevelEmphasis,0.0067610017615678565,0.006761001157087248,"native tree importance in PCA space, distributed by absolute PCA loading"
Combined,XGBoost,1,original__glszm__GrayLevelNonUniformity,0.009796865851152955,0.00979686497524497,"native tree importance in PCA space, distributed by absolute PCA loading"
Combined,XGBoost,1,original__glszm__GrayLevelNonUniformityNormalized,0.005325337067045249,0.005325336590923055,"native tree importance in PCA space, distributed by absolute PCA loading"
Combined,XGBoost,1,original__glszm__GrayLevelVariance,0.005393920091373476,0.005393919609119482,"native tree importance in PCA space, distributed by absolute PCA loading"
Combined,XGBoost,1,original__glszm__HighGrayLevelZoneEmphasis,0.004735725509507949,0.004735725086101132,"native tree importance in PCA space, distributed by absolute PCA loading"
Combined,XGBoost,1,original__glszm__LargeAreaEmphasis,0.0054862224209956,0.005486221930489137,"native tree importance in PCA space, distributed by absolute PCA loading"
Combined,XGBoost,1,original__glszm__LargeAreaHighGrayLevelEmphasis,0.006129846144947899,0.006129845596896995,"native tree importance in PCA space, distributed by absolute PCA loading"
Combined,XGBoost,1,original__glszm__LargeAreaLowGrayLevelEmphasis,0.011223061592160752,0.011223060588740943,"native tree importance in PCA space, distributed by absolute PCA loading"
Combined,XGBoost,1,original__glszm__LowGrayLevelZoneEmphasis,0.0047822991246751255,0.004782298697104303,"native tree importance in PCA space, distributed by absolute PCA loading"
Combined,XGBoost,1,original__glszm__SizeZoneNonUniformity,0.008595537674471005,0.00859553690597012,"native tree importance in PCA space, distributed by absolute PCA loading"
Combined,XGBoost,1,original__glszm__SizeZoneNonUniformityNormalized,0.006846479266662691,0.006846478654539799,"native tree importance in PCA space, distributed by absolute PCA loading"
Combined,XGBoost,1,original__glszm__SmallAreaEmphasis,0.00720932382412016,0.007209323179556439,"native tree importance in PCA space, distributed by absolute PCA loading"
Combined,XGBoost,1,original__glszm__SmallAreaHighGrayLevelEmphasis,0.0045399467965327196,0.004539946390629881,"native tree importance in PCA space, distributed by absolute PCA loading"
Combined,XGBoost,1,original__glszm__SmallAreaLowGrayLevelEmphasis,0.004478661468008486,0.004478661067584983,"native tree importance in PCA space, distributed by absolute PCA loading"
Combined,XGBoost,1,original__glszm__ZoneEntropy,0.0078012544077754094,0.007801253710288975,"native tree importance in PCA space, distributed by absolute PCA loading"
Combined,XGBoost,1,original__glszm__ZonePercentage,0.006680308814366123,0.006680308217100026,"native tree importance in PCA space, distributed by absolute PCA loading"
Combined,XGBoost,1,original__glszm__ZoneVariance,0.005482141154093396,0.005482140663951826,"native tree importance in PCA space, distributed by absolute PCA loading"
Combined,XGBoost,1,original__ngtdm__Busyness,0.009385341429552243,0.009385340590437405,"native tree importance in PCA space, distributed by absolute PCA loading"
Combined,XGBoost,1,original__ngtdm__Coarseness,0.006598495334066768,0.006598494744115366,"native tree importance in PCA space, distributed by absolute PCA loading"
Combined,XGBoost,1,original__ngtdm__Complexity,0.007907656849924049,0.007907656142924496,"native tree importance in PCA space, distributed by absolute PCA loading"
Combined,XGBoost,1,original__ngtdm__Contrast,0.008589886982233636,0.008589886214237962,"native tree importance in PCA space, distributed by absolute PCA loading"
Combined,XGBoost,1,original__ngtdm__Strength,0.005893747405686012,0.005893746878743979,"native tree importance in PCA space, distributed by absolute PCA loading"
Combined,XGBoost,1,Age,0.010354200195208704,0.01035419926947115,"native tree importance in PCA space, distributed by absolute PCA loading"
Combined,XGBoost,1,Sex,0.013524116132965272,0.013524114923815172,"native tree importance in PCA space, distributed by absolute PCA loading"
Combined,XGBoost,1,High blood pressure,0.011982702837889998,0.011982701766552976,"native tree importance in PCA space, distributed by absolute PCA loading"
Combined,XGBoost,1,Degenerative brain disease,0.011570712206599321,0.011570711172097127,"native tree importance in PCA space, distributed by absolute PCA loading"
Combined,XGBoost,1,type of degenerative brain disease,0.01157071220659932,0.011570711172097126,"native tree importance in PCA space, distributed by absolute PCA loading"
Combined,XGBoost,1,WBC,0.009874522017885471,0.009874521135034484,"native tree importance in PCA space, distributed by absolute PCA loading"
Combined,XGBoost,1,RBC,0.007751044184693424,0.0077510434916961335,"native tree importance in PCA space, distributed by absolute PCA loading"
Combined,XGBoost,1,hemoglobin,0.009274387100487166,0.009274386271292416,"native tree importance in PCA space, distributed by absolute PCA loading"
Combined,XGBoost,1,Anemia,0.010737571563903495,0.010737570603889872,"native tree importance in PCA space, distributed by absolute PCA loading"
Combined,XGBoost,1,platelet count,0.011089430999293373,0.011089430007821068,"native tree importance in PCA space, distributed by absolute PCA loading"
Combined,XGBoost,1,PTT,0.010883621453445175,0.010883620480373677,"native tree importance in PCA space, distributed by absolute PCA loading"
Combined,XGBoost,1,PT,0.0064898802949133385,0.006489879714672876,"native tree importance in PCA space, distributed by absolute PCA loading"
Combined,XGBoost,1,INR,0.008300423088413335,0.008300422346297747,"native tree importance in PCA space, distributed by absolute PCA loading"
Combined,XGBoost,1,Creatinin,0.010555272931978707,0.01055527198826385,"native tree importance in PCA space, distributed by absolute PCA loading"
Combined,XGBoost,1,on admission GCS,0.011005567641250002,0.011005566657275666,"native tree importance in PCA space, distributed by absolute PCA loading"
Combined,XGBoost,1,Contusion,0.011498658021766143,0.011498656993706094,"native tree importance in PCA space, distributed by absolute PCA loading"
Combined,XGBoost,1,Intraparenchymal,0.013897484069689062,0.01389748282715727,"native tree importance in PCA space, distributed by absolute PCA loading"
Combined,XGBoost,1,Subdural,0.01102057705882144,0.011020576073505156,"native tree importance in PCA space, distributed by absolute PCA loading"
Combined,XGBoost,1,Subarachnoid,0.01272293005192314,0.012722928914404652,"native tree importance in PCA space, distributed by absolute PCA loading"
Combined,XGBoost,1,Epidural,0.012430097146635823,0.012430096035298635,"native tree importance in PCA space, distributed by absolute PCA loading"
Combined,XGBoost,1,IVH,0.012478024568635091,0.012478023453012858,"native tree importance in PCA space, distributed by absolute PCA loading"
Combined,XGBoost,1,type_of_hemorrhage_num,0.010214349873668729,0.010214348960434766,"native tree importance in PCA space, distributed by absolute PCA loading"
Combined,XGBoost,1,leukocytosis,0.01088942725991601,0.010889426286325433,"native tree importance in PCA space, distributed by absolute PCA loading"
Combined,XGBoost,1,thrombocytopenia,0.012716330903124448,0.01271632976619597,"native tree importance in PCA space, distributed by absolute PCA loading"
Combined,XGBoost,1,long PTT,0.011682671526747183,0.011682670482235046,"native tree importance in PCA space, distributed by absolute PCA loading"
Combined,XGBoost,1,long PT,0.010072929659791226,0.010072928759201216,"native tree importance in PCA space, distributed by absolute PCA loading"
Combined,XGBoost,1,long INR,0.007481689449982125,0.007481688781067022,"native tree importance in PCA space, distributed by absolute PCA loading"
Combined,XGBoost,1,kidney failure,0.011415402522596804,0.011415401501980378,"native tree importance in PCA space, distributed by absolute PCA loading"
Combined,XGBoost,2,original__shape__Elongation,0.009534645209249383,0.009534645644361085,"native tree importance in PCA space, distributed by absolute PCA loading"
Combined,XGBoost,2,original__shape__Flatness,0.009259797334418783,0.009259797756987855,"native tree importance in PCA space, distributed by absolute PCA loading"
Combined,XGBoost,2,original__shape__LeastAxisLength,0.006842925772585269,0.006842926084860872,"native tree importance in PCA space, distributed by absolute PCA loading"
Combined,XGBoost,2,original__shape__MajorAxisLength,0.010561943629949935,0.010561944111942204,"native tree importance in PCA space, distributed by absolute PCA loading"
Combined,XGBoost,2,original__shape__Maximum2DDiameterColumn,0.010404426372107829,0.010404426846911827,"native tree importance in PCA space, distributed by absolute PCA loading"
Combined,XGBoost,2,original__shape__Maximum2DDiameterRow,0.011061028336989649,0.011061028841757551,"native tree importance in PCA space, distributed by absolute PCA loading"
Combined,XGBoost,2,original__shape__Maximum2DDiameterSlice,0.008847217792351899,0.008847218196092983,"native tree importance in PCA space, distributed by absolute PCA loading"
Combined,XGBoost,2,original__shape__Maximum3DDiameter,0.010291930677925904,0.010291931147596184,"native tree importance in PCA space, distributed by absolute PCA loading"
Combined,XGBoost,2,original__shape__MeshVolume,0.007725021678087557,0.007725022030617437,"native tree importance in PCA space, distributed by absolute PCA loading"
Combined,XGBoost,2,original__shape__MinorAxisLength,0.008317920731314807,0.008317921110901521,"native tree importance in PCA space, distributed by absolute PCA loading"
Combined,XGBoost,2,original__shape__Sphericity,0.00926975191857466,0.00926975234159801,"native tree importance in PCA space, distributed by absolute PCA loading"
Combined,XGBoost,2,original__shape__SurfaceArea,0.005792960580650284,0.005792960845010927,"native tree importance in PCA space, distributed by absolute PCA loading"
Combined,XGBoost,2,original__shape__SurfaceVolumeRatio,0.008398192579139405,0.008398192962389311,"native tree importance in PCA space, distributed by absolute PCA loading"
Combined,XGBoost,2,original__shape__VoxelVolume,0.006809012655828862,0.006809012966556847,"native tree importance in PCA space, distributed by absolute PCA loading"
Combined,XGBoost,2,original__firstorder__10Percentile,0.006861799225894734,0.006861799539031624,"native tree importance in PCA space, distributed by absolute PCA loading"
Combined,XGBoost,2,original__firstorder__90Percentile,0.005463453091410259,0.005463453340733891,"native tree importance in PCA space, distributed by absolute PCA loading"
Combined,XGBoost,2,original__firstorder__Energy,0.00542658478436721,0.005426585032008364,"native tree importance in PCA space, distributed by absolute PCA loading"
Combined,XGBoost,2,original__firstorder__Entropy,0.0031337714318634496,0.003133771574872507,"native tree importance in PCA space, distributed by absolute PCA loading"
Combined,XGBoost,2,original__firstorder__InterquartileRange,0.006697484053100675,0.006697484358739073,"native tree importance in PCA space, distributed by absolute PCA loading"
Combined,XGBoost,2,original__firstorder__Kurtosis,0.01167750865411435,0.011677509187015215,"native tree importance in PCA space, distributed by absolute PCA loading"
Combined,XGBoost,2,original__firstorder__Maximum,0.009494599814983868,0.009494600248268106,"native tree importance in PCA space, distributed by absolute PCA loading"
Combined,XGBoost,2,original__firstorder__MeanAbsoluteDeviation,0.003836417377829763,0.003836417552903933,"native tree importance in PCA space, distributed by absolute PCA loading"
Combined,XGBoost,2,original__firstorder__Mean,0.006967401347531715,0.006967401665487737,"native tree importance in PCA space, distributed by absolute PCA loading"
Combined,XGBoost,2,original__firstorder__Median,0.005380492007374546,0.0053804922529122655,"native tree importance in PCA space, distributed by absolute PCA loading"
Combined,XGBoost,2,original__firstorder__Minimum,0.0036245650469189294,0.003624565212325259,"native tree importance in PCA space, distributed by absolute PCA loading"
Combined,XGBoost,2,original__firstorder__Range,0.005552725847732545,0.0055527261011301225,"native tree importance in PCA space, distributed by absolute PCA loading"
Combined,XGBoost,2,original__firstorder__RobustMeanAbsoluteDeviation,0.007171990046238532,0.007171990373530919,"native tree importance in PCA space, distributed by absolute PCA loading"
Combined,XGBoost,2,original__firstorder__RootMeanSquared,0.006140489402376872,0.006140489682596927,"native tree importance in PCA space, distributed by absolute PCA loading"
Combined,XGBoost,2,original__firstorder__Skewness,0.011755234847879516,0.0117552353843274,"native tree importance in PCA space, distributed by absolute PCA loading"
Combined,XGBoost,2,original__firstorder__TotalEnergy,0.006230478533152931,0.0062304788174796216,"native tree importance in PCA space, distributed by absolute PCA loading"
Combined,XGBoost,2,original__firstorder__Uniformity,0.0044445123420998565,0.004444512544924324,"native tree importance in PCA space, distributed by absolute PCA loading"
Combined,XGBoost,2,original__firstorder__Variance,0.007920334514783503,0.007920334876226447,"native tree importance in PCA space, distributed by absolute PCA loading"
Combined,XGBoost,2,original__glcm__Autocorrelation,0.0031460610775355152,0.003146061221105408,"native tree importance in PCA space, distributed by absolute PCA loading"
Combined,XGBoost,2,original__glcm__ClusterProminence,0.0045862339242864845,0.004586234133578389,"native tree importance in PCA space, distributed by absolute PCA loading"
Combined,XGBoost,2,original__glcm__ClusterShade,0.010801786277616415,0.010801786770553858,"native tree importance in PCA space, distributed by absolute PCA loading"
Combined,XGBoost,2,original__glcm__ClusterTendency,0.004574423814085782,0.004574424022838734,"native tree importance in PCA space, distributed by absolute PCA loading"
Combined,XGBoost,2,original__glcm__Contrast,0.004340058436011045,0.004340058634068778,"native tree importance in PCA space, distributed by absolute PCA loading"
Combined,XGBoost,2,original__glcm__Correlation,0.008958513853624644,0.008958514262444704,"native tree importance in PCA space, distributed by absolute PCA loading"
Combined,XGBoost,2,original__glcm__DifferenceAverage,0.0035249031288974403,0.0035249032897557175,"native tree importance in PCA space, distributed by absolute PCA loading"
Combined,XGBoost,2,original__glcm__DifferenceEntropy,0.002903510826665105,0.002903510959166264,"native tree importance in PCA space, distributed by absolute PCA loading"
Combined,XGBoost,2,original__glcm__DifferenceVariance,0.005103845029963392,0.00510384526287638,"native tree importance in PCA space, distributed by absolute PCA loading"
Combined,XGBoost,2,original__glcm__Id,0.003927521904856212,0.00392752208408792,"native tree importance in PCA space, distributed by absolute PCA loading"
Combined,XGBoost,2,original__glcm__Idm,0.004628553224672703,0.00462855343589584,"native tree importance in PCA space, distributed by absolute PCA loading"
Combined,XGBoost,2,original__glcm__Idmn,0.007044170956053249,0.007044171277512638,"native tree importance in PCA space, distributed by absolute PCA loading"
Combined,XGBoost,2,original__glcm__Idn,0.0060175349150411415,0.0060175351896501915,"native tree importance in PCA space, distributed by absolute PCA loading"
Combined,XGBoost,2,original__glcm__Imc1,0.010013533178489579,0.010013533635455242,"native tree importance in PCA space, distributed by absolute PCA loading"
Combined,XGBoost,2,original__glcm__Imc2,0.007291328645464698,0.00729132897820308,"native tree importance in PCA space, distributed by absolute PCA loading"
Combined,XGBoost,2,original__glcm__InverseVariance,0.004226810069018562,0.004226810261908227,"native tree importance in PCA space, distributed by absolute PCA loading"
Combined,XGBoost,2,original__glcm__JointAverage,0.004895302332141539,0.004895302555537721,"native tree importance in PCA space, distributed by absolute PCA loading"
Combined,XGBoost,2,original__glcm__JointEnergy,0.004511818529847501,0.004511818735743473,"native tree importance in PCA space, distributed by absolute PCA loading"
Combined,XGBoost,2,original__glcm__JointEntropy,0.002818599504080841,0.002818599632707088,"native tree importance in PCA space, distributed by absolute PCA loading"
Combined,XGBoost,2,original__glcm__MCC,0.010306759684531683,0.010306760154878683,"native tree importance in PCA space, distributed by absolute PCA loading"
Combined,XGBoost,2,original__glcm__MaximumProbability,0.004794141992749655,0.004794142211529404,"native tree importance in PCA space, distributed by absolute PCA loading"
Combined,XGBoost,2,original__glcm__SumAverage,0.003677035411769605,0.0036770355795704094,"native tree importance in PCA space, distributed by absolute PCA loading"
Combined,XGBoost,2,original__glcm__SumEntropy,0.002832221796462815,0.0028322219257107127,"native tree importance in PCA space, distributed by absolute PCA loading"
Combined,XGBoost,2,original__glcm__SumSquares,0.004558258221837288,0.004558258429852527,"native tree importance in PCA space, distributed by absolute PCA loading"
Combined,XGBoost,2,original__gldm__DependenceEntropy,0.005406725073848491,0.005406725320583351,"native tree importance in PCA space, distributed by absolute PCA loading"
Combined,XGBoost,2,original__gldm__DependenceNonUniformity,0.00557803032145832,0.005578030576010662,"native tree importance in PCA space, distributed by absolute PCA loading"
Combined,XGBoost,2,original__gldm__DependenceNonUniformityNormalized,0.00622850616423845,0.006228506448475132,"native tree importance in PCA space, distributed by absolute PCA loading"
Combined,XGBoost,2,original__gldm__DependenceVariance,0.007885986533985642,0.007885986893861122,"native tree importance in PCA space, distributed by absolute PCA loading"
Combined,XGBoost,2,original__gldm__GrayLevelNonUniformity,0.00492071982661333,0.004920720051169434,"native tree importance in PCA space, distributed by absolute PCA loading"
Combined,XGBoost,2,original__gldm__GrayLevelVariance,0.004364437982192317,0.0043644381813626055,"native tree importance in PCA space, distributed by absolute PCA loading"
Combined,XGBoost,2,original__gldm__HighGrayLevelEmphasis,0.004991015382688142,0.00499101561045217,"native tree importance in PCA space, distributed by absolute PCA loading"
Combined,XGBoost,2,original__gldm__LargeDependenceEmphasis,0.004712819623694378,0.004712819838762997,"native tree importance in PCA space, distributed by absolute PCA loading"
Combined,XGBoost,2,original__gldm__LargeDependenceHighGrayLevelEmphasis,0.0056334535107151395,0.005633453767796708,"native tree importance in PCA space, distributed by absolute PCA loading"
Combined,XGBoost,2,original__gldm__LargeDependenceLowGrayLevelEmphasis,0.005464823056105181,0.005464823305491332,"native tree importance in PCA space, distributed by absolute PCA loading"
Combined,XGBoost,2,original__gldm__LowGrayLevelEmphasis,0.005398988197344545,0.005398988443726334,"native tree importance in PCA space, distributed by absolute PCA loading"
Combined,XGBoost,2,original__gldm__SmallDependenceEmphasis,0.00478591281962841,0.004785913038032622,"native tree importance in PCA space, distributed by absolute PCA loading"
Combined,XGBoost,2,original__gldm__SmallDependenceHighGrayLevelEmphasis,0.003602599740927642,0.003602599905331589,"native tree importance in PCA space, distributed by absolute PCA loading"
Combined,XGBoost,2,original__gldm__SmallDependenceLowGrayLevelEmphasis,0.006989211617150853,0.006989211936102183,"native tree importance in PCA space, distributed by absolute PCA loading"
Combined,XGBoost,2,original__glrlm__GrayLevelNonUniformity,0.005162975662271507,0.00516297589788291,"native tree importance in PCA space, distributed by absolute PCA loading"
Combined,XGBoost,2,original__glrlm__GrayLevelNonUniformityNormalized,0.003909222389518395,0.003909222567915008,"native tree importance in PCA space, distributed by absolute PCA loading"
Combined,XGBoost,2,original__glrlm__GrayLevelVariance,0.004257479648886926,0.004257479843176192,"native tree importance in PCA space, distributed by absolute PCA loading"
Combined,XGBoost,2,original__glrlm__HighGrayLevelRunEmphasis,0.004945891160969541,0.004945891386674334,"native tree importance in PCA space, distributed by absolute PCA loading"
Combined,XGBoost,2,original__glrlm__LongRunEmphasis,0.005249560801074049,0.005249561040636747,"native tree importance in PCA space, distributed by absolute PCA loading"
Combined,XGBoost,2,original__glrlm__LongRunHighGrayLevelEmphasis,0.005106838523061349,0.0051068387561109445,"native tree importance in PCA space, distributed by absolute PCA loading"
Combined,XGBoost,2,original__glrlm__LongRunLowGrayLevelEmphasis,0.0054475133348127714,0.005447513583408996,"native tree importance in PCA space, distributed by absolute PCA loading"
Combined,XGBoost,2,original__glrlm__LowGrayLevelRunEmphasis,0.00570519965355097,0.00570519991390666,"native tree importance in PCA space, distributed by absolute PCA loading"
Combined,XGBoost,2,original__glrlm__RunEntropy,0.004857549876470314,0.00485755009814367,"native tree importance in PCA space, distributed by absolute PCA loading"
Combined,XGBoost,2,original__glrlm__RunLengthNonUniformity,0.006238443589105591,0.006238443873795766,"native tree importance in PCA space, distributed by absolute PCA loading"
Combined,XGBoost,2,original__glrlm__RunLengthNonUniformityNormalized,0.003398560988333561,0.003398561143426239,"native tree importance in PCA space, distributed by absolute PCA loading"
Combined,XGBoost,2,original__glrlm__RunPercentage,0.00606479373274519,0.006064794009510887,"native tree importance in PCA space, distributed by absolute PCA loading"
Combined,XGBoost,2,original__glrlm__RunVariance,0.007542241861265169,0.0075422422054539275,"native tree importance in PCA space, distributed by absolute PCA loading"
Combined,XGBoost,2,original__glrlm__ShortRunEmphasis,0.003153232013711806,0.0031532321576089434,"native tree importance in PCA space, distributed by absolute PCA loading"
Combined,XGBoost,2,original__glrlm__ShortRunHighGrayLevelEmphasis,0.002982203021507799,0.002982203157600061,"native tree importance in PCA space, distributed by absolute PCA loading"
Combined,XGBoost,2,original__glrlm__ShortRunLowGrayLevelEmphasis,0.005968808374264835,0.0059688086466502584,"native tree importance in PCA space, distributed by absolute PCA loading"
Combined,XGBoost,2,original__glszm__GrayLevelNonUniformity,0.010958151692163492,0.01095815219223664,"native tree importance in PCA space, distributed by absolute PCA loading"
Combined,XGBoost,2,original__glszm__GrayLevelNonUniformityNormalized,0.00564395236601419,0.005643952623574872,"native tree importance in PCA space, distributed by absolute PCA loading"
Combined,XGBoost,2,original__glszm__GrayLevelVariance,0.0040960719017838505,0.004096072088707305,"native tree importance in PCA space, distributed by absolute PCA loading"
Combined,XGBoost,2,original__glszm__HighGrayLevelZoneEmphasis,0.004942689135322867,0.004942689360881536,"native tree importance in PCA space, distributed by absolute PCA loading"
Combined,XGBoost,2,original__glszm__LargeAreaEmphasis,0.0050286655179672835,0.0050286657474494685,"native tree importance in PCA space, distributed by absolute PCA loading"
Combined,XGBoost,2,original__glszm__LargeAreaHighGrayLevelEmphasis,0.0053478676628624326,0.0053478679069113464,"native tree importance in PCA space, distributed by absolute PCA loading"
Combined,XGBoost,2,original__glszm__LargeAreaLowGrayLevelEmphasis,0.011744864692116448,0.011744865228091093,"native tree importance in PCA space, distributed by absolute PCA loading"
Combined,XGBoost,2,original__glszm__LowGrayLevelZoneEmphasis,0.004712412812292431,0.0047124130273424845,"native tree importance in PCA space, distributed by absolute PCA loading"
Combined,XGBoost,2,original__glszm__SizeZoneNonUniformity,0.008891683107299337,0.008891683513069588,"native tree importance in PCA space, distributed by absolute PCA loading"
Combined,XGBoost,2,original__glszm__SizeZoneNonUniformityNormalized,0.005933231639420976,0.005933231910182862,"native tree importance in PCA space, distributed by absolute PCA loading"
Combined,XGBoost,2,original__glszm__SmallAreaEmphasis,0.005472991297712558,0.005472991547471464,"native tree importance in PCA space, distributed by absolute PCA loading"
Combined,XGBoost,2,original__glszm__SmallAreaHighGrayLevelEmphasis,0.0038113568118922064,0.003811356985822742,"native tree importance in PCA space, distributed by absolute PCA loading"
Combined,XGBoost,2,original__glszm__SmallAreaLowGrayLevelEmphasis,0.00411752944699868,0.004117529634901346,"native tree importance in PCA space, distributed by absolute PCA loading"
Combined,XGBoost,2,original__glszm__ZoneEntropy,0.005926448042256423,0.005926448312708741,"native tree importance in PCA space, distributed by absolute PCA loading"
Combined,XGBoost,2,original__glszm__ZonePercentage,0.005319826329260196,0.005319826572029449,"native tree importance in PCA space, distributed by absolute PCA loading"
Combined,XGBoost,2,original__glszm__ZoneVariance,0.0050184736547816316,0.005018473883798713,"native tree importance in PCA space, distributed by absolute PCA loading"
Combined,XGBoost,2,original__ngtdm__Busyness,0.009056830764435184,0.009056831177741916,"native tree importance in PCA space, distributed by absolute PCA loading"
Combined,XGBoost,2,original__ngtdm__Coarseness,0.005712904712449323,0.005712904973156632,"native tree importance in PCA space, distributed by absolute PCA loading"
Combined,XGBoost,2,original__ngtdm__Complexity,0.007090295488926947,0.007090295812491219,"native tree importance in PCA space, distributed by absolute PCA loading"
Combined,XGBoost,2,original__ngtdm__Contrast,0.008454524043719698,0.008454524429540278,"native tree importance in PCA space, distributed by absolute PCA loading"
Combined,XGBoost,2,original__ngtdm__Strength,0.006624849123841164,0.0066248494261648815,"native tree importance in PCA space, distributed by absolute PCA loading"
Combined,XGBoost,2,Age,0.00823590636184185,0.008235906737685855,"native tree importance in PCA space, distributed by absolute PCA loading"
Combined,XGBoost,2,Sex,0.014197573110667947,0.014197573758571468,"native tree importance in PCA space, distributed by absolute PCA loading"
Combined,XGBoost,2,High blood pressure,0.013823346421308261,0.013823347052134019,"native tree importance in PCA space, distributed by absolute PCA loading"
Combined,XGBoost,2,Degenerative brain disease,0.011108602726952833,0.011108603233891784,"native tree importance in PCA space, distributed by absolute PCA loading"
Combined,XGBoost,2,type of degenerative brain disease,0.01182461032431558,0.011824610863929401,"native tree importance in PCA space, distributed by absolute PCA loading"
Combined,XGBoost,2,WBC,0.013161984924931959,0.013161985525576613,"native tree importance in PCA space, distributed by absolute PCA loading"
Combined,XGBoost,2,RBC,0.00886779274072184,0.00886779314540186,"native tree importance in PCA space, distributed by absolute PCA loading"
Combined,XGBoost,2,hemoglobin,0.008695595414621045,0.008695595811442872,"native tree importance in PCA space, distributed by absolute PCA loading"
Combined,XGBoost,2,Anemia,0.009880067133345001,0.009880067584219967,"native tree importance in PCA space, distributed by absolute PCA loading"
Combined,XGBoost,2,platelet count,0.013478003332404068,0.013478003947470162,"native tree importance in PCA space, distributed by absolute PCA loading"
Combined,XGBoost,2,PTT,0.013019586054674107,0.013019586648820415,"native tree importance in PCA space, distributed by absolute PCA loading"
Combined,XGBoost,2,PT,0.009128945663874163,0.009128946080471845,"native tree importance in PCA space, distributed by absolute PCA loading"
Combined,XGBoost,2,INR,0.01008240291066206,0.010082403370770581,"native tree importance in PCA space, distributed by absolute PCA loading"
Combined,XGBoost,2,Creatinin,0.012277398085196862,0.012277398645473565,"native tree importance in PCA space, distributed by absolute PCA loading"
Combined,XGBoost,2,on admission GCS,0.013264504546567218,0.013264505151890335,"native tree importance in PCA space, distributed by absolute PCA loading"
Combined,XGBoost,2,Contusion,0.014074988094861648,0.014074988737171026,"native tree importance in PCA space, distributed by absolute PCA loading"
Combined,XGBoost,2,Intraparenchymal,0.014405856894332082,0.014405857551740594,"native tree importance in PCA space, distributed by absolute PCA loading"
Combined,XGBoost,2,Subdural,0.013612020585587036,0.01361202120676898,"native tree importance in PCA space, distributed by absolute PCA loading"
Combined,XGBoost,2,Subarachnoid,0.009790828532136657,0.009790828978939237,"native tree importance in PCA space, distributed by absolute PCA loading"
Combined,XGBoost,2,Epidural,0.013104117764003985,0.013104118362007882,"native tree importance in PCA space, distributed by absolute PCA loading"
Combined,XGBoost,2,IVH,0.01769863802273968,0.017698638830413626,"native tree importance in PCA space, distributed by absolute PCA loading"
Combined,XGBoost,2,type_of_hemorrhage_num,0.0153314774190398,0.015331478118688827,"native tree importance in PCA space, distributed by absolute PCA loading"
Combined,XGBoost,2,leukocytosis,0.014390312995567877,0.014390313652267046,"native tree importance in PCA space, distributed by absolute PCA loading"
Combined,XGBoost,2,thrombocytopenia,0.011734048050350703,0.011734048585831732,"native tree importance in PCA space, distributed by absolute PCA loading"
Combined,XGBoost,2,long PTT,0.014673429066708822,0.01467342973632794,"native tree importance in PCA space, distributed by absolute PCA loading"
Combined,XGBoost,2,long PT,0.01040231193114472,0.010402312405852225,"native tree importance in PCA space, distributed by absolute PCA loading"
Combined,XGBoost,2,long INR,0.00849157175873301,0.008491572146244256,"native tree importance in PCA space, distributed by absolute PCA loading"
Combined,XGBoost,2,kidney failure,0.011005124397714835,0.011005124899931574,"native tree importance in PCA space, distributed by absolute PCA loading"
Combined,XGBoost,3,original__shape__Elongation,0.00822570892332994,0.008225708356431638,"native tree importance in PCA space, distributed by absolute PCA loading"
Combined,XGBoost,3,original__shape__Flatness,0.009270799895189828,0.009270799256266086,"native tree importance in PCA space, distributed by absolute PCA loading"
Combined,XGBoost,3,original__shape__LeastAxisLength,0.007120332529984581,0.007120332039266459,"native tree importance in PCA space, distributed by absolute PCA loading"
Combined,XGBoost,3,original__shape__MajorAxisLength,0.010732744086701601,0.010732743347023786,"native tree importance in PCA space, distributed by absolute PCA loading"
Combined,XGBoost,3,original__shape__Maximum2DDiameterColumn,0.008512502088286323,0.008512501501622846,"native tree importance in PCA space, distributed by absolute PCA loading"
Combined,XGBoost,3,original__shape__Maximum2DDiameterRow,0.010045838343340132,0.010045837651002393,"native tree importance in PCA space, distributed by absolute PCA loading"
Combined,XGBoost,3,original__shape__Maximum2DDiameterSlice,0.009268993619222034,0.009268992980422776,"native tree importance in PCA space, distributed by absolute PCA loading"
Combined,XGBoost,3,original__shape__Maximum3DDiameter,0.00943990461533714,0.00943990396475906,"native tree importance in PCA space, distributed by absolute PCA loading"
Combined,XGBoost,3,original__shape__MeshVolume,0.007853720041595041,0.007853719500333417,"native tree importance in PCA space, distributed by absolute PCA loading"
Combined,XGBoost,3,original__shape__MinorAxisLength,0.0101231252307994,0.010123124533135215,"native tree importance in PCA space, distributed by absolute PCA loading"
Combined,XGBoost,3,original__shape__Sphericity,0.009465245054841132,0.009465244402516644,"native tree importance in PCA space, distributed by absolute PCA loading"
Combined,XGBoost,3,original__shape__SurfaceArea,0.00603703957795051,0.006037039161890626,"native tree importance in PCA space, distributed by absolute PCA loading"
Combined,XGBoost,3,original__shape__SurfaceVolumeRatio,0.00857316932240782,0.008573168731563286,"native tree importance in PCA space, distributed by absolute PCA loading"
Combined,XGBoost,3,original__shape__VoxelVolume,0.00715185428858133,0.007151853795690796,"native tree importance in PCA space, distributed by absolute PCA loading"
Combined,XGBoost,3,original__firstorder__10Percentile,0.008453835052511216,0.008453834469890946,"native tree importance in PCA space, distributed by absolute PCA loading"
Combined,XGBoost,3,original__firstorder__90Percentile,0.004890195636231952,0.0048901952992101054,"native tree importance in PCA space, distributed by absolute PCA loading"
Combined,XGBoost,3,original__firstorder__Energy,0.005500983139729958,0.0055009827606139405,"native tree importance in PCA space, distributed by absolute PCA loading"
Combined,XGBoost,3,original__firstorder__Entropy,0.003623650948464636,0.003623650698730346,"native tree importance in PCA space, distributed by absolute PCA loading"
Combined,XGBoost,3,original__firstorder__InterquartileRange,0.007364483535880431,0.007364483028335943,"native tree importance in PCA space, distributed by absolute PCA loading"
Combined,XGBoost,3,original__firstorder__Kurtosis,0.010348449760836737,0.010348449047643664,"native tree importance in PCA space, distributed by absolute PCA loading"
Combined,XGBoost,3,original__firstorder__Maximum,0.008711684059251875,0.008711683458861202,"native tree importance in PCA space, distributed by absolute PCA loading"
Combined,XGBoost,3,original__firstorder__MeanAbsoluteDeviation,0.004415049412663055,0.004415049108387272,"native tree importance in PCA space, distributed by absolute PCA loading"
Combined,XGBoost,3,original__firstorder__Mean,0.007667986970655342,0.007667986442194045,"native tree importance in PCA space, distributed by absolute PCA loading"
Combined,XGBoost,3,original__firstorder__Median,0.006897859872881518,0.006897859397495737,"native tree importance in PCA space, distributed by absolute PCA loading"
Combined,XGBoost,3,original__firstorder__Minimum,0.004218893751056129,0.004218893460298976,"native tree importance in PCA space, distributed by absolute PCA loading"
Combined,XGBoost,3,original__firstorder__Range,0.005318057006368594,0.005318056639859455,"native tree importance in PCA space, distributed by absolute PCA loading"
Combined,XGBoost,3,original__firstorder__RobustMeanAbsoluteDeviation,0.007942856295399215,0.007942855747994512,"native tree importance in PCA space, distributed by absolute PCA loading"
Combined,XGBoost,3,original__firstorder__RootMeanSquared,0.0065307935383861464,0.006530793088297794,"native tree importance in PCA space, distributed by absolute PCA loading"
Combined,XGBoost,3,original__firstorder__Skewness,0.01076771315877091,0.0107677124166831,"native tree importance in PCA space, distributed by absolute PCA loading"
Combined,XGBoost,3,original__firstorder__TotalEnergy,0.006312307149140368,0.006312306714109631,"native tree importance in PCA space, distributed by absolute PCA loading"
Combined,XGBoost,3,original__firstorder__Uniformity,0.004243584220973748,0.00424358392851498,"native tree importance in PCA space, distributed by absolute PCA loading"
Combined,XGBoost,3,original__firstorder__Variance,0.007573801686345741,0.007573801164375493,"native tree importance in PCA space, distributed by absolute PCA loading"
Combined,XGBoost,3,original__glcm__Autocorrelation,0.0036806294649598397,0.0036806292112987124,"native tree importance in PCA space, distributed by absolute PCA loading"
Combined,XGBoost,3,original__glcm__ClusterProminence,0.005269866950555006,0.005269866587367023,"native tree importance in PCA space, distributed by absolute PCA loading"
Combined,XGBoost,3,original__glcm__ClusterShade,0.008881667612146614,0.008881667000041038,"native tree importance in PCA space, distributed by absolute PCA loading"
Combined,XGBoost,3,original__glcm__ClusterTendency,0.0052593544607614125,0.005259354098297928,"native tree importance in PCA space, distributed by absolute PCA loading"
Combined,XGBoost,3,original__glcm__Contrast,0.00476286203925015,0.004762861711003863,"native tree importance in PCA space, distributed by absolute PCA loading"
Combined,XGBoost,3,original__glcm__Correlation,0.009889352872686883,0.00988935219113379,"native tree importance in PCA space, distributed by absolute PCA loading"
Combined,XGBoost,3,original__glcm__DifferenceAverage,0.003655708985732765,0.003655708733789104,"native tree importance in PCA space, distributed by absolute PCA loading"
Combined,XGBoost,3,original__glcm__DifferenceEntropy,0.00300975648129067,0.0030097562738646767,"native tree importance in PCA space, distributed by absolute PCA loading"
Combined,XGBoost,3,original__glcm__DifferenceVariance,0.005514241011743612,0.00551424063171389,"native tree importance in PCA space, distributed by absolute PCA loading"
Combined,XGBoost,3,original__glcm__Id,0.004114800749769348,0.004114800466186063,"native tree importance in PCA space, distributed by absolute PCA loading"
Combined,XGBoost,3,original__glcm__Idm,0.005085024957609647,0.005085024607160579,"native tree importance in PCA space, distributed by absolute PCA loading"
Combined,XGBoost,3,original__glcm__Idmn,0.007847421988863266,0.00784742144803569,"native tree importance in PCA space, distributed by absolute PCA loading"
Combined,XGBoost,3,original__glcm__Idn,0.00692600856765649,0.006926008090330762,"native tree importance in PCA space, distributed by absolute PCA loading"
Combined,XGBoost,3,original__glcm__Imc1,0.008153149821407423,0.008153149259509739,"native tree importance in PCA space, distributed by absolute PCA loading"
Combined,XGBoost,3,original__glcm__Imc2,0.006133364595658525,0.006133364172960127,"native tree importance in PCA space, distributed by absolute PCA loading"
Combined,XGBoost,3,original__glcm__InverseVariance,0.004461839474237479,0.004461839166737025,"native tree importance in PCA space, distributed by absolute PCA loading"
Combined,XGBoost,3,original__glcm__JointAverage,0.0047427275613986415,0.00474272723453998,"native tree importance in PCA space, distributed by absolute PCA loading"
Combined,XGBoost,3,original__glcm__JointEnergy,0.005099038499036498,0.005099038147621647,"native tree importance in PCA space, distributed by absolute PCA loading"
Combined,XGBoost,3,original__glcm__JointEntropy,0.0033201106392188834,0.003320110410403944,"native tree importance in PCA space, distributed by absolute PCA loading"
Combined,XGBoost,3,original__glcm__MCC,0.009412848114574913,0.009412847465861511,"native tree importance in PCA space, distributed by absolute PCA loading"
Combined,XGBoost,3,original__glcm__MaximumProbability,0.0050560323103664645,0.005056031961915508,"native tree importance in PCA space, distributed by absolute PCA loading"
Combined,XGBoost,3,original__glcm__SumAverage,0.004038686209343183,0.004038685931005549,"native tree importance in PCA space, distributed by absolute PCA loading"
Combined,XGBoost,3,original__glcm__SumEntropy,0.0034248883485399283,0.003424888112503933,"native tree importance in PCA space, distributed by absolute PCA loading"
Combined,XGBoost,3,original__glcm__SumSquares,0.005245398893580171,0.005245398532078474,"native tree importance in PCA space, distributed by absolute PCA loading"
Combined,XGBoost,3,original__gldm__DependenceEntropy,0.006170389303802926,0.006170388878552864,"native tree importance in PCA space, distributed by absolute PCA loading"
Combined,XGBoost,3,original__gldm__DependenceNonUniformity,0.007088245493677694,0.007088245005170943,"native tree importance in PCA space, distributed by absolute PCA loading"
Combined,XGBoost,3,original__gldm__DependenceNonUniformityNormalized,0.005914186213575068,0.005914185805981977,"native tree importance in PCA space, distributed by absolute PCA loading"
Combined,XGBoost,3,original__gldm__DependenceVariance,0.008889368428901468,0.008889367816265169,"native tree importance in PCA space, distributed by absolute PCA loading"
Combined,XGBoost,3,original__gldm__GrayLevelNonUniformity,0.005407829437894676,0.005407829065198612,"native tree importance in PCA space, distributed by absolute PCA loading"
Combined,XGBoost,3,original__gldm__GrayLevelVariance,0.0050621546012473905,0.005062154252374499,"native tree importance in PCA space, distributed by absolute PCA loading"
Combined,XGBoost,3,original__gldm__HighGrayLevelEmphasis,0.004729284277350039,0.00472928395141786,"native tree importance in PCA space, distributed by absolute PCA loading"
Combined,XGBoost,3,original__gldm__LargeDependenceEmphasis,0.006181570622025262,0.0061815701960046075,"native tree importance in PCA space, distributed by absolute PCA loading"
Combined,XGBoost,3,original__gldm__LargeDependenceHighGrayLevelEmphasis,0.005953531712658869,0.00595353130235417,"native tree importance in PCA space, distributed by absolute PCA loading"
Combined,XGBoost,3,original__gldm__LargeDependenceLowGrayLevelEmphasis,0.006523608705921093,0.0065236082563279035,"native tree importance in PCA space, distributed by absolute PCA loading"
Combined,XGBoost,3,original__gldm__LowGrayLevelEmphasis,0.0057283027519358124,0.005728302357153412,"native tree importance in PCA space, distributed by absolute PCA loading"
Combined,XGBoost,3,original__gldm__SmallDependenceEmphasis,0.006091441654240523,0.006091441234431365,"native tree importance in PCA space, distributed by absolute PCA loading"
Combined,XGBoost,3,original__gldm__SmallDependenceHighGrayLevelEmphasis,0.004393444949573867,0.004393444646787018,"native tree importance in PCA space, distributed by absolute PCA loading"
Combined,XGBoost,3,original__gldm__SmallDependenceLowGrayLevelEmphasis,0.006933703551943712,0.006933703074087662,"native tree importance in PCA space, distributed by absolute PCA loading"
Combined,XGBoost,3,original__glrlm__GrayLevelNonUniformity,0.0058207496845452756,0.0058207492833916305,"native tree importance in PCA space, distributed by absolute PCA loading"
Combined,XGBoost,3,original__glrlm__GrayLevelNonUniformityNormalized,0.0038673176554266213,0.0038673173888993423,"native tree importance in PCA space, distributed by absolute PCA loading"
Combined,XGBoost,3,original__glrlm__GrayLevelVariance,0.004937123558842615,0.004937123218586597,"native tree importance in PCA space, distributed by absolute PCA loading"
Combined,XGBoost,3,original__glrlm__HighGrayLevelRunEmphasis,0.004718100202423815,0.004718099877262419,"native tree importance in PCA space, distributed by absolute PCA loading"
Combined,XGBoost,3,original__glrlm__LongRunEmphasis,0.005994373953574959,0.0059943735404555,"native tree importance in PCA space, distributed by absolute PCA loading"
Combined,XGBoost,3,original__glrlm__LongRunHighGrayLevelEmphasis,0.005551401892239093,0.005551401509648322,"native tree importance in PCA space, distributed by absolute PCA loading"
Combined,XGBoost,3,original__glrlm__LongRunLowGrayLevelEmphasis,0.0069110181951996304,0.006911017718907006,"native tree importance in PCA space, distributed by absolute PCA loading"
Combined,XGBoost,3,original__glrlm__LowGrayLevelRunEmphasis,0.005939227036356776,0.005939226627037925,"native tree importance in PCA space, distributed by absolute PCA loading"
Combined,XGBoost,3,original__glrlm__RunEntropy,0.005468521923815382,0.005468521546936523,"native tree importance in PCA space, distributed by absolute PCA loading"
Combined,XGBoost,3,original__glrlm__RunLengthNonUniformity,0.0072041568314934,0.007204156334998287,"native tree importance in PCA space, distributed by absolute PCA loading"
Combined,XGBoost,3,original__glrlm__RunLengthNonUniformityNormalized,0.004585718477417205,0.0045857181613792744,"native tree importance in PCA space, distributed by absolute PCA loading"
Combined,XGBoost,3,original__glrlm__RunPercentage,0.005784712965758399,0.005784712567088327,"native tree importance in PCA space, distributed by absolute PCA loading"
Combined,XGBoost,3,original__glrlm__RunVariance,0.009731829247986974,0.009731828577290071,"native tree importance in PCA space, distributed by absolute PCA loading"
Combined,XGBoost,3,original__glrlm__ShortRunEmphasis,0.004651657549133901,0.00465165722855159,"native tree importance in PCA space, distributed by absolute PCA loading"
Combined,XGBoost,3,original__glrlm__ShortRunHighGrayLevelEmphasis,0.003576572216238339,0.003576571969748615,"native tree importance in PCA space, distributed by absolute PCA loading"
Combined,XGBoost,3,original__glrlm__ShortRunLowGrayLevelEmphasis,0.006248598207299156,0.006248597776659104,"native tree importance in PCA space, distributed by absolute PCA loading"
Combined,XGBoost,3,original__glszm__GrayLevelNonUniformity,0.009218060590811877,0.009218059955522814,"native tree importance in PCA space, distributed by absolute PCA loading"
Combined,XGBoost,3,original__glszm__GrayLevelNonUniformityNormalized,0.005499749006636953,0.005499748627605989,"native tree importance in PCA space, distributed by absolute PCA loading"
Combined,XGBoost,3,original__glszm__GrayLevelVariance,0.005168473602197832,0.005168473245997662,"native tree importance in PCA space, distributed by absolute PCA loading"
Combined,XGBoost,3,original__glszm__HighGrayLevelZoneEmphasis,0.004762322334018632,0.004762322005809541,"native tree importance in PCA space, distributed by absolute PCA loading"
Combined,XGBoost,3,original__glszm__LargeAreaEmphasis,0.005529265433551504,0.005529265052486331,"native tree importance in PCA space, distributed by absolute PCA loading"
Combined,XGBoost,3,original__glszm__LargeAreaHighGrayLevelEmphasis,0.005252480921884903,0.005252480559895128,"native tree importance in PCA space, distributed by absolute PCA loading"
Combined,XGBoost,3,original__glszm__LargeAreaLowGrayLevelEmphasis,0.010187472625824602,0.010187471923725731,"native tree importance in PCA space, distributed by absolute PCA loading"
Combined,XGBoost,3,original__glszm__LowGrayLevelZoneEmphasis,0.004877668190899059,0.004877667854740577,"native tree importance in PCA space, distributed by absolute PCA loading"
Combined,XGBoost,3,original__glszm__SizeZoneNonUniformity,0.008690461352249367,0.008690460753321317,"native tree importance in PCA space, distributed by absolute PCA loading"
Combined,XGBoost,3,original__glszm__SizeZoneNonUniformityNormalized,0.007136917035563586,0.007136916543702496,"native tree importance in PCA space, distributed by absolute PCA loading"
Combined,XGBoost,3,original__glszm__SmallAreaEmphasis,0.007132492810777567,0.007132492319221385,"native tree importance in PCA space, distributed by absolute PCA loading"
Combined,XGBoost,3,original__glszm__SmallAreaHighGrayLevelEmphasis,0.004235285895204616,0.004235285603317752,"native tree importance in PCA space, distributed by absolute PCA loading"
Combined,XGBoost,3,original__glszm__SmallAreaLowGrayLevelEmphasis,0.0048832503506567974,0.004883250014113605,"native tree importance in PCA space, distributed by absolute PCA loading"
Combined,XGBoost,3,original__glszm__ZoneEntropy,0.008130693384054009,0.008130692823703973,"native tree importance in PCA space, distributed by absolute PCA loading"
Combined,XGBoost,3,original__glszm__ZonePercentage,0.006248635453649343,0.006248635023006723,"native tree importance in PCA space, distributed by absolute PCA loading"
Combined,XGBoost,3,original__glszm__ZoneVariance,0.005558246874088686,0.005558246491026174,"native tree importance in PCA space, distributed by absolute PCA loading"
Combined,XGBoost,3,original__ngtdm__Busyness,0.008996905338817668,0.008996904718770153,"native tree importance in PCA space, distributed by absolute PCA loading"
Combined,XGBoost,3,original__ngtdm__Coarseness,0.006592626666491285,0.006592626212141525,"native tree importance in PCA space, distributed by absolute PCA loading"
Combined,XGBoost,3,original__ngtdm__Complexity,0.007400819860011407,0.007400819349962697,"native tree importance in PCA space, distributed by absolute PCA loading"
Combined,XGBoost,3,original__ngtdm__Contrast,0.008768767939410458,0.008768767335085685,"native tree importance in PCA space, distributed by absolute PCA loading"
Combined,XGBoost,3,original__ngtdm__Strength,0.006470295461357006,0.006470295015438051,"native tree importance in PCA space, distributed by absolute PCA loading"
Combined,XGBoost,3,Age,0.009647734302484948,0.009647733637583691,"native tree importance in PCA space, distributed by absolute PCA loading"
Combined,XGBoost,3,Sex,0.011013315792468437,0.011013315033454218,"native tree importance in PCA space, distributed by absolute PCA loading"
Combined,XGBoost,3,High blood pressure,0.009996380926805484,0.009996380237876246,"native tree importance in PCA space, distributed by absolute PCA loading"
Combined,XGBoost,3,Degenerative brain disease,0.010804431888930849,0.010804431144312463,"native tree importance in PCA space, distributed by absolute PCA loading"
Combined,XGBoost,3,type of degenerative brain disease,0.010791859289080509,0.010791858545328598,"native tree importance in PCA space, distributed by absolute PCA loading"
Combined,XGBoost,3,WBC,0.011092802520146461,0.011092801755654186,"native tree importance in PCA space, distributed by absolute PCA loading"
Combined,XGBoost,3,RBC,0.010684404849332182,0.010684404112985803,"native tree importance in PCA space, distributed by absolute PCA loading"
Combined,XGBoost,3,hemoglobin,0.010162228261169266,0.010162227560810182,"native tree importance in PCA space, distributed by absolute PCA loading"
Combined,XGBoost,3,Anemia,0.01160553722540785,0.011605536425578994,"native tree importance in PCA space, distributed by absolute PCA loading"
Combined,XGBoost,3,platelet count,0.009961017499085064,0.009961016812592998,"native tree importance in PCA space, distributed by absolute PCA loading"
Combined,XGBoost,3,PTT,0.012180675900077919,0.012180675060611731,"native tree importance in PCA space, distributed by absolute PCA loading"
Combined,XGBoost,3,PT,0.009537860737473081,0.009537860080144076,"native tree importance in PCA space, distributed by absolute PCA loading"
Combined,XGBoost,3,INR,0.010411362921882033,0.01041136220435312,"native tree importance in PCA space, distributed by absolute PCA loading"
Combined,XGBoost,3,Creatinin,0.011810286298945108,0.011810285485005382,"native tree importance in PCA space, distributed by absolute PCA loading"
Combined,XGBoost,3,on admission GCS,0.011308048469280126,0.01130804768995356,"native tree importance in PCA space, distributed by absolute PCA loading"
Combined,XGBoost,3,Contusion,0.010728526294942973,0.010728525555555838,"native tree importance in PCA space, distributed by absolute PCA loading"
Combined,XGBoost,3,Intraparenchymal,0.010447388583560766,0.010447387863549042,"native tree importance in PCA space, distributed by absolute PCA loading"
Combined,XGBoost,3,Subdural,0.010862073299699126,0.010862072551108217,"native tree importance in PCA space, distributed by absolute PCA loading"
Combined,XGBoost,3,Subarachnoid,0.011458147523373523,0.01145814673370245,"native tree importance in PCA space, distributed by absolute PCA loading"
Combined,XGBoost,3,Epidural,0.012508478887027582,0.012508478024969913,"native tree importance in PCA space, distributed by absolute PCA loading"
Combined,XGBoost,3,IVH,0.012583266429890834,0.012583265562678967,"native tree importance in PCA space, distributed by absolute PCA loading"
Combined,XGBoost,3,type_of_hemorrhage_num,0.012381888948602447,0.012381888095269087,"native tree importance in PCA space, distributed by absolute PCA loading"
Combined,XGBoost,3,leukocytosis,0.011077713952593904,0.0110777131891415,"native tree importance in PCA space, distributed by absolute PCA loading"
Combined,XGBoost,3,thrombocytopenia,0.010668839369434507,0.010668838634160868,"native tree importance in PCA space, distributed by absolute PCA loading"
Combined,XGBoost,3,long PTT,0.011583894665916932,0.011583893867579634,"native tree importance in PCA space, distributed by absolute PCA loading"
Combined,XGBoost,3,long PT,0.010648947761126761,0.010648947027224008,"native tree importance in PCA space, distributed by absolute PCA loading"
Combined,XGBoost,3,long INR,0.010942817337698195,0.010942816583542578,"native tree importance in PCA space, distributed by absolute PCA loading"
Combined,XGBoost,3,kidney failure,0.010713163127274434,0.010713162388946096,"native tree importance in PCA space, distributed by absolute PCA loading"
Combined,XGBoost,4,original__shape__Elongation,0.008360983729903076,0.008360983535233759,"native tree importance in PCA space, distributed by absolute PCA loading"
Combined,XGBoost,4,original__shape__Flatness,0.007450942442956324,0.007450942269475555,"native tree importance in PCA space, distributed by absolute PCA loading"
Combined,XGBoost,4,original__shape__LeastAxisLength,0.0071672941487567485,0.007167293981880181,"native tree importance in PCA space, distributed by absolute PCA loading"
Combined,XGBoost,4,original__shape__MajorAxisLength,0.010868672009390208,0.010868671756334224,"native tree importance in PCA space, distributed by absolute PCA loading"
Combined,XGBoost,4,original__shape__Maximum2DDiameterColumn,0.008527947754844991,0.008527947556288239,"native tree importance in PCA space, distributed by absolute PCA loading"
Combined,XGBoost,4,original__shape__Maximum2DDiameterRow,0.011058939293331252,0.011058939035845263,"native tree importance in PCA space, distributed by absolute PCA loading"
Combined,XGBoost,4,original__shape__Maximum2DDiameterSlice,0.01065483131189037,0.010654831063813252,"native tree importance in PCA space, distributed by absolute PCA loading"
Combined,XGBoost,4,original__shape__Maximum3DDiameter,0.010300170703721882,0.01030017046390235,"native tree importance in PCA space, distributed by absolute PCA loading"
Combined,XGBoost,4,original__shape__MeshVolume,0.008105874530557125,0.00810587434182753,"native tree importance in PCA space, distributed by absolute PCA loading"
Combined,XGBoost,4,original__shape__MinorAxisLength,0.010878955328700932,0.010878955075405521,"native tree importance in PCA space, distributed by absolute PCA loading"
Combined,XGBoost,4,original__shape__Sphericity,0.009057723683843747,0.009057723472952188,"native tree importance in PCA space, distributed by absolute PCA loading"
Combined,XGBoost,4,original__shape__SurfaceArea,0.005678048108534302,0.005678047976331945,"native tree importance in PCA space, distributed by absolute PCA loading"
Combined,XGBoost,4,original__shape__SurfaceVolumeRatio,0.008769394162031506,0.008769393957853143,"native tree importance in PCA space, distributed by absolute PCA loading"
Combined,XGBoost,4,original__shape__VoxelVolume,0.007242055424370715,0.007242055255753476,"native tree importance in PCA space, distributed by absolute PCA loading"
Combined,XGBoost,4,original__firstorder__10Percentile,0.00803478941138327,0.008034789224308756,"native tree importance in PCA space, distributed by absolute PCA loading"
Combined,XGBoost,4,original__firstorder__90Percentile,0.005042063149372433,0.005042063031977755,"native tree importance in PCA space, distributed by absolute PCA loading"
Combined,XGBoost,4,original__firstorder__Energy,0.004997728268594631,0.004997728152232204,"native tree importance in PCA space, distributed by absolute PCA loading"
Combined,XGBoost,4,original__firstorder__Entropy,0.0034753606992065102,0.0034753606182894655,"native tree importance in PCA space, distributed by absolute PCA loading"
Combined,XGBoost,4,original__firstorder__InterquartileRange,0.007756873875588446,0.007756873694984657,"native tree importance in PCA space, distributed by absolute PCA loading"
Combined,XGBoost,4,original__firstorder__Kurtosis,0.010709144965592835,0.01070914471625113,"native tree importance in PCA space, distributed by absolute PCA loading"
Combined,XGBoost,4,original__firstorder__Maximum,0.008154647898219139,0.008154647708353951,"native tree importance in PCA space, distributed by absolute PCA loading"
Combined,XGBoost,4,original__firstorder__MeanAbsoluteDeviation,0.0038335063630830515,0.003833506273827278,"native tree importance in PCA space, distributed by absolute PCA loading"
Combined,XGBoost,4,original__firstorder__Mean,0.006281157434688885,0.006281157288444295,"native tree importance in PCA space, distributed by absolute PCA loading"
Combined,XGBoost,4,original__firstorder__Median,0.005959529448449052,0.005959529309692947,"native tree importance in PCA space, distributed by absolute PCA loading"
Combined,XGBoost,4,original__firstorder__Minimum,0.0035124395857277085,0.0035124395039473535,"native tree importance in PCA space, distributed by absolute PCA loading"
Combined,XGBoost,4,original__firstorder__Range,0.00495668076482645,0.004956680649419736,"native tree importance in PCA space, distributed by absolute PCA loading"
Combined,XGBoost,4,original__firstorder__RobustMeanAbsoluteDeviation,0.007182167048366223,0.0071821668811433695,"native tree importance in PCA space, distributed by absolute PCA loading"
Combined,XGBoost,4,original__firstorder__RootMeanSquared,0.005561576242188234,0.0055615761126977,"native tree importance in PCA space, distributed by absolute PCA loading"
Combined,XGBoost,4,original__firstorder__Skewness,0.010847717328996725,0.01084771707642863,"native tree importance in PCA space, distributed by absolute PCA loading"
Combined,XGBoost,4,original__firstorder__TotalEnergy,0.006252066591624585,0.006252066446057319,"native tree importance in PCA space, distributed by absolute PCA loading"
Combined,XGBoost,4,original__firstorder__Uniformity,0.0046875729056575785,0.0046875727965165195,"native tree importance in PCA space, distributed by absolute PCA loading"
Combined,XGBoost,4,original__firstorder__Variance,0.006244453317369982,0.006244453171979978,"native tree importance in PCA space, distributed by absolute PCA loading"
Combined,XGBoost,4,original__glcm__Autocorrelation,0.003253561725311356,0.0032535616495584707,"native tree importance in PCA space, distributed by absolute PCA loading"
Combined,XGBoost,4,original__glcm__ClusterProminence,0.004559236490048914,0.00455923638389592,"native tree importance in PCA space, distributed by absolute PCA loading"
Combined,XGBoost,4,original__glcm__ClusterShade,0.010750093738106366,0.010750093487811248,"native tree importance in PCA space, distributed by absolute PCA loading"
Combined,XGBoost,4,original__glcm__ClusterTendency,0.004540148202051296,0.004540148096342736,"native tree importance in PCA space, distributed by absolute PCA loading"
Combined,XGBoost,4,original__glcm__Contrast,0.004482921735395398,0.0044829216310192455,"native tree importance in PCA space, distributed by absolute PCA loading"
Combined,XGBoost,4,original__glcm__Correlation,0.00904392247682261,0.009043922266252386,"native tree importance in PCA space, distributed by absolute PCA loading"
Combined,XGBoost,4,original__glcm__DifferenceAverage,0.0031814968532487067,0.0031814967791737123,"native tree importance in PCA space, distributed by absolute PCA loading"
Combined,XGBoost,4,original__glcm__DifferenceEntropy,0.002613990742993789,0.0026139906821320757,"native tree importance in PCA space, distributed by absolute PCA loading"
Combined,XGBoost,4,original__glcm__DifferenceVariance,0.005272346729543894,0.005272346606787508,"native tree importance in PCA space, distributed by absolute PCA loading"
Combined,XGBoost,4,original__glcm__Id,0.0032819676098315544,0.003281967533417293,"native tree importance in PCA space, distributed by absolute PCA loading"
Combined,XGBoost,4,original__glcm__Idm,0.0050462763733213995,0.0050462762558286245,"native tree importance in PCA space, distributed by absolute PCA loading"
Combined,XGBoost,4,original__glcm__Idmn,0.007787134907622944,0.007787134726314585,"native tree importance in PCA space, distributed by absolute PCA loading"
Combined,XGBoost,4,original__glcm__Idn,0.007015231420556203,0.007015231257220122,"native tree importance in PCA space, distributed by absolute PCA loading"
Combined,XGBoost,4,original__glcm__Imc1,0.008608194991127516,0.008608194790702363,"native tree importance in PCA space, distributed by absolute PCA loading"
Combined,XGBoost,4,original__glcm__Imc2,0.007987982328210977,0.007987982142226275,"native tree importance in PCA space, distributed by absolute PCA loading"
Combined,XGBoost,4,original__glcm__InverseVariance,0.0034457570594342663,0.003445756979206485,"native tree importance in PCA space, distributed by absolute PCA loading"
Combined,XGBoost,4,original__glcm__JointAverage,0.004600028931023313,0.004600028823920546,"native tree importance in PCA space, distributed by absolute PCA loading"
Combined,XGBoost,4,original__glcm__JointEnergy,0.0048027395134821954,0.004802739401659705,"native tree importance in PCA space, distributed by absolute PCA loading"
Combined,XGBoost,4,original__glcm__JointEntropy,0.0025042118663627854,0.0025042118080570606,"native tree importance in PCA space, distributed by absolute PCA loading"
Combined,XGBoost,4,original__glcm__MCC,0.00866962574728905,0.008669625545433601,"native tree importance in PCA space, distributed by absolute PCA loading"
Combined,XGBoost,4,original__glcm__MaximumProbability,0.004168270920906449,0.004168270823856331,"native tree importance in PCA space, distributed by absolute PCA loading"
Combined,XGBoost,4,original__glcm__SumAverage,0.0033739962179510715,0.0033739961393941024,"native tree importance in PCA space, distributed by absolute PCA loading"
Combined,XGBoost,4,original__glcm__SumEntropy,0.002342943167170804,0.0023429431126199083,"native tree importance in PCA space, distributed by absolute PCA loading"
Combined,XGBoost,4,original__glcm__SumSquares,0.0045202889594979255,0.004520288854251749,"native tree importance in PCA space, distributed by absolute PCA loading"
Combined,XGBoost,4,original__gldm__DependenceEntropy,0.006089382194826145,0.00608938205304667,"native tree importance in PCA space, distributed by absolute PCA loading"
Combined,XGBoost,4,original__gldm__DependenceNonUniformity,0.005323582041552857,0.0053235819176035565,"native tree importance in PCA space, distributed by absolute PCA loading"
Combined,XGBoost,4,original__gldm__DependenceNonUniformityNormalized,0.005874059268055373,0.005874059131289276,"native tree importance in PCA space, distributed by absolute PCA loading"
Combined,XGBoost,4,original__gldm__DependenceVariance,0.009292833053029767,0.009292832836664142,"native tree importance in PCA space, distributed by absolute PCA loading"
Combined,XGBoost,4,original__gldm__GrayLevelNonUniformity,0.004180087605208556,0.004180087507883309,"native tree importance in PCA space, distributed by absolute PCA loading"
Combined,XGBoost,4,original__gldm__GrayLevelVariance,0.004324856325888761,0.004324856225192855,"native tree importance in PCA space, distributed by absolute PCA loading"
Combined,XGBoost,4,original__gldm__HighGrayLevelEmphasis,0.004664662650970419,0.0046646625423627805,"native tree importance in PCA space, distributed by absolute PCA loading"
Combined,XGBoost,4,original__gldm__LargeDependenceEmphasis,0.006021569290720443,0.006021569150519861,"native tree importance in PCA space, distributed by absolute PCA loading"
Combined,XGBoost,4,original__gldm__LargeDependenceHighGrayLevelEmphasis,0.005966388801278735,0.005966388662362924,"native tree importance in PCA space, distributed by absolute PCA loading"
Combined,XGBoost,4,original__gldm__LargeDependenceLowGrayLevelEmphasis,0.0064732623990549285,0.006473262248337547,"native tree importance in PCA space, distributed by absolute PCA loading"
Combined,XGBoost,4,original__gldm__LowGrayLevelEmphasis,0.0049283833124189385,0.004928383197671075,"native tree importance in PCA space, distributed by absolute PCA loading"
Combined,XGBoost,4,original__gldm__SmallDependenceEmphasis,0.005681530825202454,0.005681530692919009,"native tree importance in PCA space, distributed by absolute PCA loading"
Combined,XGBoost,4,original__gldm__SmallDependenceHighGrayLevelEmphasis,0.00401562517540057,0.004015625081904513,"native tree importance in PCA space, distributed by absolute PCA loading"
Combined,XGBoost,4,original__gldm__SmallDependenceLowGrayLevelEmphasis,0.007840071243357016,0.007840071060816136,"native tree importance in PCA space, distributed by absolute PCA loading"
Combined,XGBoost,4,original__glrlm__GrayLevelNonUniformity,0.004770979463063173,0.004770979351980153,"native tree importance in PCA space, distributed by absolute PCA loading"
Combined,XGBoost,4,original__glrlm__GrayLevelNonUniformityNormalized,0.0037338426217387245,0.0037338425348034283,"native tree importance in PCA space, distributed by absolute PCA loading"
Combined,XGBoost,4,original__glrlm__GrayLevelVariance,0.004220390290769622,0.004220390192506005,"native tree importance in PCA space, distributed by absolute PCA loading"
Combined,XGBoost,4,original__glrlm__HighGrayLevelRunEmphasis,0.004608479653239497,0.004608479545939971,"native tree importance in PCA space, distributed by absolute PCA loading"
Combined,XGBoost,4,original__glrlm__LongRunEmphasis,0.0052050286226742,0.005205028501485186,"native tree importance in PCA space, distributed by absolute PCA loading"
Combined,XGBoost,4,original__glrlm__LongRunHighGrayLevelEmphasis,0.00541722694886228,0.00541722682273264,"native tree importance in PCA space, distributed by absolute PCA loading"
Combined,XGBoost,4,original__glrlm__LongRunLowGrayLevelEmphasis,0.006090558338838836,0.006090558197031977,"native tree importance in PCA space, distributed by absolute PCA loading"
Combined,XGBoost,4,original__glrlm__LowGrayLevelRunEmphasis,0.0057436802195542985,0.005743680085823826,"native tree importance in PCA space, distributed by absolute PCA loading"
Combined,XGBoost,4,original__glrlm__RunEntropy,0.005270447994828913,0.005270447872116736,"native tree importance in PCA space, distributed by absolute PCA loading"
Combined,XGBoost,4,original__glrlm__RunLengthNonUniformity,0.005987399532434185,0.0059873993930291795,"native tree importance in PCA space, distributed by absolute PCA loading"
Combined,XGBoost,4,original__glrlm__RunLengthNonUniformityNormalized,0.0036369268698180357,0.0036369267851392353,"native tree importance in PCA space, distributed by absolute PCA loading"
Combined,XGBoost,4,original__glrlm__RunPercentage,0.005860300658115491,0.005860300521669737,"native tree importance in PCA space, distributed by absolute PCA loading"
Combined,XGBoost,4,original__glrlm__RunVariance,0.008760191386105783,0.008760191182141688,"native tree importance in PCA space, distributed by absolute PCA loading"
Combined,XGBoost,4,original__glrlm__ShortRunEmphasis,0.0036917267963498092,0.0036917267103950984,"native tree importance in PCA space, distributed by absolute PCA loading"
Combined,XGBoost,4,original__glrlm__ShortRunHighGrayLevelEmphasis,0.0030571586809608644,0.003057158609780844,"native tree importance in PCA space, distributed by absolute PCA loading"
Combined,XGBoost,4,original__glrlm__ShortRunLowGrayLevelEmphasis,0.005861664248909337,0.005861664112431834,"native tree importance in PCA space, distributed by absolute PCA loading"
Combined,XGBoost,4,original__glszm__GrayLevelNonUniformity,0.009042032046813336,0.009042031836287127,"native tree importance in PCA space, distributed by absolute PCA loading"
Combined,XGBoost,4,original__glszm__GrayLevelNonUniformityNormalized,0.005152712222257043,0.005152712102286116,"native tree importance in PCA space, distributed by absolute PCA loading"
Combined,XGBoost,4,original__glszm__GrayLevelVariance,0.004724824434544048,0.0047248243245356595,"native tree importance in PCA space, distributed by absolute PCA loading"
Combined,XGBoost,4,original__glszm__HighGrayLevelZoneEmphasis,0.0046537795133383235,0.004653779404984078,"native tree importance in PCA space, distributed by absolute PCA loading"
Combined,XGBoost,4,original__glszm__LargeAreaEmphasis,0.005524077218261266,0.005524077089643824,"native tree importance in PCA space, distributed by absolute PCA loading"
Combined,XGBoost,4,original__glszm__LargeAreaHighGrayLevelEmphasis,0.004912824322407776,0.004912824208022174,"native tree importance in PCA space, distributed by absolute PCA loading"
Combined,XGBoost,4,original__glszm__LargeAreaLowGrayLevelEmphasis,0.011426648857580754,0.01142664859153336,"native tree importance in PCA space, distributed by absolute PCA loading"
Combined,XGBoost,4,original__glszm__LowGrayLevelZoneEmphasis,0.004343622771589636,0.00434362267045679,"native tree importance in PCA space, distributed by absolute PCA loading"
Combined,XGBoost,4,original__glszm__SizeZoneNonUniformity,0.008203174268486999,0.008203174077491968,"native tree importance in PCA space, distributed by absolute PCA loading"
Combined,XGBoost,4,original__glszm__SizeZoneNonUniformityNormalized,0.005614825557069467,0.005614825426339126,"native tree importance in PCA space, distributed by absolute PCA loading"
Combined,XGBoost,4,original__glszm__SmallAreaEmphasis,0.0059671180733741735,0.005967117934441383,"native tree importance in PCA space, distributed by absolute PCA loading"
Combined,XGBoost,4,original__glszm__SmallAreaHighGrayLevelEmphasis,0.0036244098604721743,0.0036244097760848083,"native tree importance in PCA space, distributed by absolute PCA loading"
Combined,XGBoost,4,original__glszm__SmallAreaLowGrayLevelEmphasis,0.004349098447092027,0.00434909834583169,"native tree importance in PCA space, distributed by absolute PCA loading"
Combined,XGBoost,4,original__glszm__ZoneEntropy,0.0078112470499434195,0.007811246868073656,"native tree importance in PCA space, distributed by absolute PCA loading"
Combined,XGBoost,4,original__glszm__ZonePercentage,0.005992782423830953,0.005992782284300617,"native tree importance in PCA space, distributed by absolute PCA loading"
Combined,XGBoost,4,original__glszm__ZoneVariance,0.005515493537912719,0.005515493409495131,"native tree importance in PCA space, distributed by absolute PCA loading"
Combined,XGBoost,4,original__ngtdm__Busyness,0.008819491878593957,0.008819491673249165,"native tree importance in PCA space, distributed by absolute PCA loading"
Combined,XGBoost,4,original__ngtdm__Coarseness,0.006467405283979412,0.0064674051333984016,"native tree importance in PCA space, distributed by absolute PCA loading"
Combined,XGBoost,4,original__ngtdm__Complexity,0.007457728632657762,0.007457728459018991,"native tree importance in PCA space, distributed by absolute PCA loading"
Combined,XGBoost,4,original__ngtdm__Contrast,0.008402427084722263,0.008402426889088016,"native tree importance in PCA space, distributed by absolute PCA loading"
Combined,XGBoost,4,original__ngtdm__Strength,0.007244772952834882,0.007244772784154371,"native tree importance in PCA space, distributed by absolute PCA loading"
Combined,XGBoost,4,Age,0.010300624541926444,0.010300624302096346,"native tree importance in PCA space, distributed by absolute PCA loading"
Combined,XGBoost,4,Sex,0.011508603492771911,0.011508603224816361,"native tree importance in PCA space, distributed by absolute PCA loading"
Combined,XGBoost,4,High blood pressure,0.01435589665567098,0.01435589632142172,"native tree importance in PCA space, distributed by absolute PCA loading"
Combined,XGBoost,4,Degenerative brain disease,0.012799025104251759,0.01279902480625124,"native tree importance in PCA space, distributed by absolute PCA loading"
Combined,XGBoost,4,type of degenerative brain disease,0.012799025104251759,0.01279902480625124,"native tree importance in PCA space, distributed by absolute PCA loading"
Combined,XGBoost,4,WBC,0.012223819174871956,0.012223818890263994,"native tree importance in PCA space, distributed by absolute PCA loading"
Combined,XGBoost,4,RBC,0.009254657207694698,0.009254656992217924,"native tree importance in PCA space, distributed by absolute PCA loading"
Combined,XGBoost,4,hemoglobin,0.009619112847286206,0.009619112623323788,"native tree importance in PCA space, distributed by absolute PCA loading"
Combined,XGBoost,4,Anemia,0.012649568435749443,0.012649568141228733,"native tree importance in PCA space, distributed by absolute PCA loading"
Combined,XGBoost,4,platelet count,0.01421192700209379,0.014211926671196586,"native tree importance in PCA space, distributed by absolute PCA loading"
Combined,XGBoost,4,PTT,0.009899531949509592,0.009899531719018157,"native tree importance in PCA space, distributed by absolute PCA loading"
Combined,XGBoost,4,PT,0.009386072461791548,0.009386072243255024,"native tree importance in PCA space, distributed by absolute PCA loading"
Combined,XGBoost,4,INR,0.010983430543640508,0.010983430287912594,"native tree importance in PCA space, distributed by absolute PCA loading"
Combined,XGBoost,4,Creatinin,0.015517957263864558,0.015517956902558968,"native tree importance in PCA space, distributed by absolute PCA loading"
Combined,XGBoost,4,on admission GCS,0.012869662082949308,0.012869661783304145,"native tree importance in PCA space, distributed by absolute PCA loading"
Combined,XGBoost,4,Contusion,0.01622789019234133,0.016227889814506326,"native tree importance in PCA space, distributed by absolute PCA loading"
Combined,XGBoost,4,Intraparenchymal,0.013545357566401349,0.013545357251023923,"native tree importance in PCA space, distributed by absolute PCA loading"
Combined,XGBoost,4,Subdural,0.011294901824017486,0.011294901561037565,"native tree importance in PCA space, distributed by absolute PCA loading"
Combined,XGBoost,4,Subarachnoid,0.012396526902546171,0.012396526613917044,"native tree importance in PCA space, distributed by absolute PCA loading"
Combined,XGBoost,4,Epidural,0.011892345572379972,0.01189234529548973,"native tree importance in PCA space, distributed by absolute PCA loading"
Combined,XGBoost,4,IVH,0.013580064203679779,0.013580063887494278,"native tree importance in PCA space, distributed by absolute PCA loading"
Combined,XGBoost,4,type_of_hemorrhage_num,0.010580856898004741,0.010580856651649975,"native tree importance in PCA space, distributed by absolute PCA loading"
Combined,XGBoost,4,leukocytosis,0.012781422599035266,0.012781422301444589,"native tree importance in PCA space, distributed by absolute PCA loading"
Combined,XGBoost,4,thrombocytopenia,0.012965870120465843,0.012965869818580661,"native tree importance in PCA space, distributed by absolute PCA loading"
Combined,XGBoost,4,long PTT,0.011422991719199364,0.011422991453237118,"native tree importance in PCA space, distributed by absolute PCA loading"
Combined,XGBoost,4,long PT,0.011405287504387903,0.011405287238837866,"native tree importance in PCA space, distributed by absolute PCA loading"
Combined,XGBoost,4,long INR,0.010632905436772283,0.010632905189205667,"native tree importance in PCA space, distributed by absolute PCA loading"
Combined,XGBoost,4,kidney failure,0.011588219285438385,0.011588219015629135,"native tree importance in PCA space, distributed by absolute PCA loading"
Combined,XGBoost,5,original__shape__Elongation,0.006418165460709262,0.00641816497504698,"native tree importance in PCA space, distributed by absolute PCA loading"
Combined,XGBoost,5,original__shape__Flatness,0.00939735136927693,0.009397350658179789,"native tree importance in PCA space, distributed by absolute PCA loading"
Combined,XGBoost,5,original__shape__LeastAxisLength,0.011324701856295537,0.011324700999355876,"native tree importance in PCA space, distributed by absolute PCA loading"
Combined,XGBoost,5,original__shape__MajorAxisLength,0.012115207551887061,0.01211520663512987,"native tree importance in PCA space, distributed by absolute PCA loading"
Combined,XGBoost,5,original__shape__Maximum2DDiameterColumn,0.009231523290398875,0.009231522591849938,"native tree importance in PCA space, distributed by absolute PCA loading"
Combined,XGBoost,5,original__shape__Maximum2DDiameterRow,0.009534290504794412,0.009534289783335093,"native tree importance in PCA space, distributed by absolute PCA loading"
Combined,XGBoost,5,original__shape__Maximum2DDiameterSlice,0.009334727078175781,0.009334726371817417,"native tree importance in PCA space, distributed by absolute PCA loading"
Combined,XGBoost,5,original__shape__Maximum3DDiameter,0.007511814830973649,0.00751181426255497,"native tree importance in PCA space, distributed by absolute PCA loading"
Combined,XGBoost,5,original__shape__MeshVolume,0.008038318675360215,0.008038318067101015,"native tree importance in PCA space, distributed by absolute PCA loading"
Combined,XGBoost,5,original__shape__MinorAxisLength,0.009699061034781119,0.009699060300853622,"native tree importance in PCA space, distributed by absolute PCA loading"
Combined,XGBoost,5,original__shape__Sphericity,0.00940746311890718,0.009407462407044884,"native tree importance in PCA space, distributed by absolute PCA loading"
Combined,XGBoost,5,original__shape__SurfaceArea,0.006176212197609928,0.006176211730256238,"native tree importance in PCA space, distributed by absolute PCA loading"
Combined,XGBoost,5,original__shape__SurfaceVolumeRatio,0.010195529879483967,0.010195529107988694,"native tree importance in PCA space, distributed by absolute PCA loading"
Combined,XGBoost,5,original__shape__VoxelVolume,0.00732650448589911,0.0073265039315028565,"native tree importance in PCA space, distributed by absolute PCA loading"
Combined,XGBoost,5,original__firstorder__10Percentile,0.006543798585872793,0.0065437980907038585,"native tree importance in PCA space, distributed by absolute PCA loading"
Combined,XGBoost,5,original__firstorder__90Percentile,0.004749444198180639,0.004749443838790417,"native tree importance in PCA space, distributed by absolute PCA loading"
Combined,XGBoost,5,original__firstorder__Energy,0.005380264068231501,0.00538026366110717,"native tree importance in PCA space, distributed by absolute PCA loading"
Combined,XGBoost,5,original__firstorder__Entropy,0.0028431344105385335,0.002843134195398685,"native tree importance in PCA space, distributed by absolute PCA loading"
Combined,XGBoost,5,original__firstorder__InterquartileRange,0.009360393267042846,0.009360392558742324,"native tree importance in PCA space, distributed by absolute PCA loading"
Combined,XGBoost,5,original__firstorder__Kurtosis,0.007178665044065437,0.007178664500856187,"native tree importance in PCA space, distributed by absolute PCA loading"
Combined,XGBoost,5,original__firstorder__Maximum,0.009480037628950718,0.009480036911596712,"native tree importance in PCA space, distributed by absolute PCA loading"
Combined,XGBoost,5,original__firstorder__MeanAbsoluteDeviation,0.008220802382257284,0.00822080176018955,"native tree importance in PCA space, distributed by absolute PCA loading"
Combined,XGBoost,5,original__firstorder__Mean,0.005627044260137354,0.005627043834339177,"native tree importance in PCA space, distributed by absolute PCA loading"
Combined,XGBoost,5,original__firstorder__Median,0.005598222025277546,0.005598221601660345,"native tree importance in PCA space, distributed by absolute PCA loading"
Combined,XGBoost,5,original__firstorder__Minimum,0.0038749986250810687,0.003874998331860103,"native tree importance in PCA space, distributed by absolute PCA loading"
Combined,XGBoost,5,original__firstorder__Range,0.005470505059247201,0.005470504645294338,"native tree importance in PCA space, distributed by absolute PCA loading"
Combined,XGBoost,5,original__firstorder__RobustMeanAbsoluteDeviation,0.007798443238638711,0.007798442648530874,"native tree importance in PCA space, distributed by absolute PCA loading"
Combined,XGBoost,5,original__firstorder__RootMeanSquared,0.006272285279208615,0.00627228480458508,"native tree importance in PCA space, distributed by absolute PCA loading"
Combined,XGBoost,5,original__firstorder__Skewness,0.008128839759398467,0.008128839144289541,"native tree importance in PCA space, distributed by absolute PCA loading"
Combined,XGBoost,5,original__firstorder__TotalEnergy,0.006901945987859663,0.006901945465589731,"native tree importance in PCA space, distributed by absolute PCA loading"
Combined,XGBoost,5,original__firstorder__Uniformity,0.004417777604184788,0.004417777269891762,"native tree importance in PCA space, distributed by absolute PCA loading"
Combined,XGBoost,5,original__firstorder__Variance,0.00822631787261671,0.008226317250131619,"native tree importance in PCA space, distributed by absolute PCA loading"
Combined,XGBoost,5,original__glcm__Autocorrelation,0.005148216200506666,0.0051482158109413855,"native tree importance in PCA space, distributed by absolute PCA loading"
Combined,XGBoost,5,original__glcm__ClusterProminence,0.01034600237436,0.010346001591478481,"native tree importance in PCA space, distributed by absolute PCA loading"
Combined,XGBoost,5,original__glcm__ClusterShade,0.010029891865700366,0.010029891106738915,"native tree importance in PCA space, distributed by absolute PCA loading"
Combined,XGBoost,5,original__glcm__ClusterTendency,0.003798603895542687,0.003798603608102507,"native tree importance in PCA space, distributed by absolute PCA loading"
Combined,XGBoost,5,original__glcm__Contrast,0.0031618233959209135,0.003161823156665884,"native tree importance in PCA space, distributed by absolute PCA loading"
Combined,XGBoost,5,original__glcm__Correlation,0.011779460316050141,0.011779459424698928,"native tree importance in PCA space, distributed by absolute PCA loading"
Combined,XGBoost,5,original__glcm__DifferenceAverage,0.0031642633500017082,0.003164263110562048,"native tree importance in PCA space, distributed by absolute PCA loading"
Combined,XGBoost,5,original__glcm__DifferenceEntropy,0.0035122290356737022,0.0035122287699034947,"native tree importance in PCA space, distributed by absolute PCA loading"
Combined,XGBoost,5,original__glcm__DifferenceVariance,0.003138953097176682,0.0031389528596522474,"native tree importance in PCA space, distributed by absolute PCA loading"
Combined,XGBoost,5,original__glcm__Id,0.003212263860587249,0.003212263617515392,"native tree importance in PCA space, distributed by absolute PCA loading"
Combined,XGBoost,5,original__glcm__Idm,0.004667214418314771,0.004667214065146873,"native tree importance in PCA space, distributed by absolute PCA loading"
Combined,XGBoost,5,original__glcm__Idmn,0.0071196182511993715,0.00711961771245819,"native tree importance in PCA space, distributed by absolute PCA loading"
Combined,XGBoost,5,original__glcm__Idn,0.0062399472488649165,0.006239946776688399,"native tree importance in PCA space, distributed by absolute PCA loading"
Combined,XGBoost,5,original__glcm__Imc1,0.008111797026824975,0.008111796413005672,"native tree importance in PCA space, distributed by absolute PCA loading"
Combined,XGBoost,5,original__glcm__Imc2,0.00702894493026348,0.007028944398383544,"native tree importance in PCA space, distributed by absolute PCA loading"
Combined,XGBoost,5,original__glcm__InverseVariance,0.0032737010870672397,0.003273700839346431,"native tree importance in PCA space, distributed by absolute PCA loading"
Combined,XGBoost,5,original__glcm__JointAverage,0.004650773688711296,0.004650773336787467,"native tree importance in PCA space, distributed by absolute PCA loading"
Combined,XGBoost,5,original__glcm__JointEnergy,0.0048993059524040875,0.004899305581673834,"native tree importance in PCA space, distributed by absolute PCA loading"
Combined,XGBoost,5,original__glcm__JointEntropy,0.0030601960314144677,0.0030601957998495763,"native tree importance in PCA space, distributed by absolute PCA loading"
Combined,XGBoost,5,original__glcm__MCC,0.009904515102841188,0.009904514353366992,"native tree importance in PCA space, distributed by absolute PCA loading"
Combined,XGBoost,5,original__glcm__MaximumProbability,0.0036862159439050844,0.0036862156649692954,"native tree importance in PCA space, distributed by absolute PCA loading"
Combined,XGBoost,5,original__glcm__SumAverage,0.0037236700130142755,0.003723669731244339,"native tree importance in PCA space, distributed by absolute PCA loading"
Combined,XGBoost,5,original__glcm__SumEntropy,0.0031863138672403955,0.0031863136261321735,"native tree importance in PCA space, distributed by absolute PCA loading"
Combined,XGBoost,5,original__glcm__SumSquares,0.003357453071045895,0.0033574528169875773,"native tree importance in PCA space, distributed by absolute PCA loading"
Combined,XGBoost,5,original__gldm__DependenceEntropy,0.005075602497637305,0.0050756021135667,"native tree importance in PCA space, distributed by absolute PCA loading"
Combined,XGBoost,5,original__gldm__DependenceNonUniformity,0.006902221204661269,0.006902220682370511,"native tree importance in PCA space, distributed by absolute PCA loading"
Combined,XGBoost,5,original__gldm__DependenceNonUniformityNormalized,0.005835897083867675,0.005835896642265614,"native tree importance in PCA space, distributed by absolute PCA loading"
Combined,XGBoost,5,original__gldm__DependenceVariance,0.00833968824919427,0.00833968761813045,"native tree importance in PCA space, distributed by absolute PCA loading"
Combined,XGBoost,5,original__gldm__GrayLevelNonUniformity,0.00552958744587362,0.005529587027449995,"native tree importance in PCA space, distributed by absolute PCA loading"
Combined,XGBoost,5,original__gldm__GrayLevelVariance,0.003482300662320104,0.003482300398814575,"native tree importance in PCA space, distributed by absolute PCA loading"
Combined,XGBoost,5,original__gldm__HighGrayLevelEmphasis,0.004737633573061762,0.00473763321456525,"native tree importance in PCA space, distributed by absolute PCA loading"
Combined,XGBoost,5,original__gldm__LargeDependenceEmphasis,0.00610109103083808,0.006101090569168806,"native tree importance in PCA space, distributed by absolute PCA loading"
Combined,XGBoost,5,original__gldm__LargeDependenceHighGrayLevelEmphasis,0.007304625864782042,0.007304625312041343,"native tree importance in PCA space, distributed by absolute PCA loading"
Combined,XGBoost,5,original__gldm__LargeDependenceLowGrayLevelEmphasis,0.005534746519279053,0.005534746100465042,"native tree importance in PCA space, distributed by absolute PCA loading"
Combined,XGBoost,5,original__gldm__LowGrayLevelEmphasis,0.00463385153426882,0.004633851183625489,"native tree importance in PCA space, distributed by absolute PCA loading"
Combined,XGBoost,5,original__gldm__SmallDependenceEmphasis,0.0058571160590147305,0.005857115615807031,"native tree importance in PCA space, distributed by absolute PCA loading"
Combined,XGBoost,5,original__gldm__SmallDependenceHighGrayLevelEmphasis,0.0036596127426132973,0.003659612465690571,"native tree importance in PCA space, distributed by absolute PCA loading"
Combined,XGBoost,5,original__gldm__SmallDependenceLowGrayLevelEmphasis,0.007251043012525343,0.007251042463839256,"native tree importance in PCA space, distributed by absolute PCA loading"
Combined,XGBoost,5,original__glrlm__GrayLevelNonUniformity,0.005972708987078885,0.005972708535124274,"native tree importance in PCA space, distributed by absolute PCA loading"
Combined,XGBoost,5,original__glrlm__GrayLevelNonUniformityNormalized,0.0034261107524322723,0.003426110493178631,"native tree importance in PCA space, distributed by absolute PCA loading"
Combined,XGBoost,5,original__glrlm__GrayLevelVariance,0.00330490647925268,0.0033049062291705604,"native tree importance in PCA space, distributed by absolute PCA loading"
Combined,XGBoost,5,original__glrlm__HighGrayLevelRunEmphasis,0.004695671407965493,0.004695671052644256,"native tree importance in PCA space, distributed by absolute PCA loading"
Combined,XGBoost,5,original__glrlm__LongRunEmphasis,0.005770069309662873,0.005770068873041997,"native tree importance in PCA space, distributed by absolute PCA loading"
Combined,XGBoost,5,original__glrlm__LongRunHighGrayLevelEmphasis,0.005786008396168202,0.0057860079583412155,"native tree importance in PCA space, distributed by absolute PCA loading"
Combined,XGBoost,5,original__glrlm__LongRunLowGrayLevelEmphasis,0.0061864542473293845,0.006186453779200679,"native tree importance in PCA space, distributed by absolute PCA loading"
Combined,XGBoost,5,original__glrlm__LowGrayLevelRunEmphasis,0.005870274763049287,0.005870274318845869,"native tree importance in PCA space, distributed by absolute PCA loading"
Combined,XGBoost,5,original__glrlm__RunEntropy,0.006121825834554534,0.006121825371316258,"native tree importance in PCA space, distributed by absolute PCA loading"
Combined,XGBoost,5,original__glrlm__RunLengthNonUniformity,0.00757054113084053,0.007570540557978035,"native tree importance in PCA space, distributed by absolute PCA loading"
Combined,XGBoost,5,original__glrlm__RunLengthNonUniformityNormalized,0.004133383416769657,0.004133383103996726,"native tree importance in PCA space, distributed by absolute PCA loading"
Combined,XGBoost,5,original__glrlm__RunPercentage,0.005617668203249433,0.005617667778160741,"native tree importance in PCA space, distributed by absolute PCA loading"
Combined,XGBoost,5,original__glrlm__RunVariance,0.01056373637988136,0.01056373558052392,"native tree importance in PCA space, distributed by absolute PCA loading"
Combined,XGBoost,5,original__glrlm__ShortRunEmphasis,0.004425986680730811,0.004425986345816605,"native tree importance in PCA space, distributed by absolute PCA loading"
Combined,XGBoost,5,original__glrlm__ShortRunHighGrayLevelEmphasis,0.004906680457481853,0.004906680086193571,"native tree importance in PCA space, distributed by absolute PCA loading"
Combined,XGBoost,5,original__glrlm__ShortRunLowGrayLevelEmphasis,0.006206723648325975,0.006206723178663486,"native tree importance in PCA space, distributed by absolute PCA loading"
Combined,XGBoost,5,original__glszm__GrayLevelNonUniformity,0.009348307789866117,0.009348307082480101,"native tree importance in PCA space, distributed by absolute PCA loading"
Combined,XGBoost,5,original__glszm__GrayLevelNonUniformityNormalized,0.004272244936547534,0.004272244613266958,"native tree importance in PCA space, distributed by absolute PCA loading"
Combined,XGBoost,5,original__glszm__GrayLevelVariance,0.006059001004786623,0.006059000546302299,"native tree importance in PCA space, distributed by absolute PCA loading"
Combined,XGBoost,5,original__glszm__HighGrayLevelZoneEmphasis,0.004725546902176151,0.004725546544594237,"native tree importance in PCA space, distributed by absolute PCA loading"
Combined,XGBoost,5,original__glszm__LargeAreaEmphasis,0.005827292361477059,0.005827291920526117,"native tree importance in PCA space, distributed by absolute PCA loading"
Combined,XGBoost,5,original__glszm__LargeAreaHighGrayLevelEmphasis,0.005118780910275396,0.005118780522937482,"native tree importance in PCA space, distributed by absolute PCA loading"
Combined,XGBoost,5,original__glszm__LargeAreaLowGrayLevelEmphasis,0.011098219651401443,0.011098218811599678,"native tree importance in PCA space, distributed by absolute PCA loading"
Combined,XGBoost,5,original__glszm__LowGrayLevelZoneEmphasis,0.004647594653719905,0.004647594302036634,"native tree importance in PCA space, distributed by absolute PCA loading"
Combined,XGBoost,5,original__glszm__SizeZoneNonUniformity,0.007823337621408494,0.0078233370294169,"native tree importance in PCA space, distributed by absolute PCA loading"
Combined,XGBoost,5,original__glszm__SizeZoneNonUniformityNormalized,0.006547124526773026,0.006547124031352418,"native tree importance in PCA space, distributed by absolute PCA loading"
Combined,XGBoost,5,original__glszm__SmallAreaEmphasis,0.007099573994732969,0.007099573457508535,"native tree importance in PCA space, distributed by absolute PCA loading"
Combined,XGBoost,5,original__glszm__SmallAreaHighGrayLevelEmphasis,0.005421103419163067,0.005421103008948424,"native tree importance in PCA space, distributed by absolute PCA loading"
Combined,XGBoost,5,original__glszm__SmallAreaLowGrayLevelEmphasis,0.00438534559315644,0.004385345261317544,"native tree importance in PCA space, distributed by absolute PCA loading"
Combined,XGBoost,5,original__glszm__ZoneEntropy,0.008046307210274939,0.008046306601411247,"native tree importance in PCA space, distributed by absolute PCA loading"
Combined,XGBoost,5,original__glszm__ZonePercentage,0.006181449231222284,0.006181448763472308,"native tree importance in PCA space, distributed by absolute PCA loading"
Combined,XGBoost,5,original__glszm__ZoneVariance,0.005838464404714788,0.005838463962918459,"native tree importance in PCA space, distributed by absolute PCA loading"
Combined,XGBoost,5,original__ngtdm__Busyness,0.008053439471550359,0.008053438862146968,"native tree importance in PCA space, distributed by absolute PCA loading"
Combined,XGBoost,5,original__ngtdm__Coarseness,0.0075882868402108675,0.007588286266005556,"native tree importance in PCA space, distributed by absolute PCA loading"
Combined,XGBoost,5,original__ngtdm__Complexity,0.0061537611924767106,0.006153760726821888,"native tree importance in PCA space, distributed by absolute PCA loading"
Combined,XGBoost,5,original__ngtdm__Contrast,0.00820352456420805,0.008203523943447729,"native tree importance in PCA space, distributed by absolute PCA loading"
Combined,XGBoost,5,original__ngtdm__Strength,0.006271978085124165,0.006271977610523875,"native tree importance in PCA space, distributed by absolute PCA loading"
Combined,XGBoost,5,Age,0.009350783688714427,0.009350782981141061,"native tree importance in PCA space, distributed by absolute PCA loading"
Combined,XGBoost,5,Sex,0.010417746075001117,0.010417745286690755,"native tree importance in PCA space, distributed by absolute PCA loading"
Combined,XGBoost,5,High blood pressure,0.010928674857433936,0.010928674030461619,"native tree importance in PCA space, distributed by absolute PCA loading"
Combined,XGBoost,5,Degenerative brain disease,0.011341683775917006,0.011341682917692322,"native tree importance in PCA space, distributed by absolute PCA loading"
Combined,XGBoost,5,type of degenerative brain disease,0.011969046502379337,0.011969045596682144,"native tree importance in PCA space, distributed by absolute PCA loading"
Combined,XGBoost,5,WBC,0.010602027103920095,0.010602026301665197,"native tree importance in PCA space, distributed by absolute PCA loading"
Combined,XGBoost,5,RBC,0.01105283768583649,0.011052836849468776,"native tree importance in PCA space, distributed by absolute PCA loading"
Combined,XGBoost,5,hemoglobin,0.011565416270128918,0.011565415394974406,"native tree importance in PCA space, distributed by absolute PCA loading"
Combined,XGBoost,5,Anemia,0.011442629479553648,0.011442628613690407,"native tree importance in PCA space, distributed by absolute PCA loading"
Combined,XGBoost,5,platelet count,0.011077413317892821,0.01107741247966547,"native tree importance in PCA space, distributed by absolute PCA loading"
Combined,XGBoost,5,PTT,0.01169719143065062,0.01169719054552469,"native tree importance in PCA space, distributed by absolute PCA loading"
Combined,XGBoost,5,PT,0.009344871097405952,0.009344870390279992,"native tree importance in PCA space, distributed by absolute PCA loading"
Combined,XGBoost,5,INR,0.009832901760318109,0.00983290101626289,"native tree importance in PCA space, distributed by absolute PCA loading"
Combined,XGBoost,5,Creatinin,0.013487988133012769,0.013487987112377335,"native tree importance in PCA space, distributed by absolute PCA loading"
Combined,XGBoost,5,on admission GCS,0.010802956786428244,0.010802955968969007,"native tree importance in PCA space, distributed by absolute PCA loading"
Combined,XGBoost,5,Contusion,0.011682499478297591,0.0116824985942834,"native tree importance in PCA space, distributed by absolute PCA loading"
Combined,XGBoost,5,Intraparenchymal,0.014303939224552304,0.014303938142173888,"native tree importance in PCA space, distributed by absolute PCA loading"
Combined,XGBoost,5,Subdural,0.010757639328279679,0.010757638514249612,"native tree importance in PCA space, distributed by absolute PCA loading"
Combined,XGBoost,5,Subarachnoid,0.011628990662493066,0.011628989782527884,"native tree importance in PCA space, distributed by absolute PCA loading"
Combined,XGBoost,5,Epidural,0.012174343855082828,0.012174342933850795,"native tree importance in PCA space, distributed by absolute PCA loading"
Combined,XGBoost,5,IVH,0.011972580655996896,0.011972579750032275,"native tree importance in PCA space, distributed by absolute PCA loading"
Combined,XGBoost,5,type_of_hemorrhage_num,0.013717880325385498,0.013717879287354132,"native tree importance in PCA space, distributed by absolute PCA loading"
Combined,XGBoost,5,leukocytosis,0.007808123487046408,0.007808122896206067,"native tree importance in PCA space, distributed by absolute PCA loading"
Combined,XGBoost,5,thrombocytopenia,0.0113876186648146,0.011387617803114026,"native tree importance in PCA space, distributed by absolute PCA loading"
Combined,XGBoost,5,long PTT,0.011376259984420654,0.01137625912357959,"native tree importance in PCA space, distributed by absolute PCA loading"
Combined,XGBoost,5,long PT,0.011814976857584897,0.011814975963546148,"native tree importance in PCA space, distributed by absolute PCA loading"
Combined,XGBoost,5,long INR,0.011207766328627591,0.011207765480536435,"native tree importance in PCA space, distributed by absolute PCA loading"
Combined,XGBoost,5,kidney failure,0.01375367225683217,0.01375367121609243,"native tree importance in PCA space, distributed by absolute PCA loading"
Combined,MLP,1,original__shape__Elongation,0.0027823509885865046,0.005563028270812712,"mean absolute MLP SHAP in validation fold, back-projected via absolute PCA loadings"
Combined,MLP,1,original__shape__Flatness,0.003932222327976776,0.00786207925146381,"mean absolute MLP SHAP in validation fold, back-projected via absolute PCA loadings"
Combined,MLP,1,original__shape__LeastAxisLength,0.0038929304691858718,0.007783519169661326,"mean absolute MLP SHAP in validation fold, back-projected via absolute PCA loadings"
Combined,MLP,1,original__shape__MajorAxisLength,0.005236159203423693,0.0104691686270395,"mean absolute MLP SHAP in validation fold, back-projected via absolute PCA loadings"
Combined,MLP,1,original__shape__Maximum2DDiameterColumn,0.003839711436839491,0.007677113118554662,"mean absolute MLP SHAP in validation fold, back-projected via absolute PCA loadings"
Combined,MLP,1,original__shape__Maximum2DDiameterRow,0.004096785153454358,0.008191105910649497,"mean absolute MLP SHAP in validation fold, back-projected via absolute PCA loadings"
Combined,MLP,1,original__shape__Maximum2DDiameterSlice,0.003261710116473791,0.0065214581710115495,"mean absolute MLP SHAP in validation fold, back-projected via absolute PCA loadings"
Combined,MLP,1,original__shape__Maximum3DDiameter,0.003586213655501243,0.0071702700459308905,"mean absolute MLP SHAP in validation fold, back-projected via absolute PCA loadings"
Combined,MLP,1,original__shape__MeshVolume,0.004229864888997391,0.008457185328427867,"mean absolute MLP SHAP in validation fold, back-projected via absolute PCA loadings"
Combined,MLP,1,original__shape__MinorAxisLength,0.0041354554262914055,0.008268423194455529,"mean absolute MLP SHAP in validation fold, back-projected via absolute PCA loadings"
Combined,MLP,1,original__shape__Sphericity,0.003410981323351408,0.00681991079157772,"mean absolute MLP SHAP in validation fold, back-projected via absolute PCA loadings"
Combined,MLP,1,original__shape__SurfaceArea,0.0036055627861627942,0.007208956667901809,"mean absolute MLP SHAP in validation fold, back-projected via absolute PCA loadings"
Combined,MLP,1,original__shape__SurfaceVolumeRatio,0.00489199359623418,0.009781044443393876,"mean absolute MLP SHAP in validation fold, back-projected via absolute PCA loadings"
Combined,MLP,1,original__shape__VoxelVolume,0.003790674112335119,0.007579067967651028,"mean absolute MLP SHAP in validation fold, back-projected via absolute PCA loadings"
Combined,MLP,1,original__firstorder__10Percentile,0.004113299986744757,0.008224125642832503,"mean absolute MLP SHAP in validation fold, back-projected via absolute PCA loadings"
Combined,MLP,1,original__firstorder__90Percentile,0.002742583699819831,0.005483517615050706,"mean absolute MLP SHAP in validation fold, back-projected via absolute PCA loadings"
Combined,MLP,1,original__firstorder__Energy,0.00446721738449745,0.008931747541474026,"mean absolute MLP SHAP in validation fold, back-projected via absolute PCA loadings"
Combined,MLP,1,original__firstorder__Entropy,0.0015851712974767783,0.003169389044774722,"mean absolute MLP SHAP in validation fold, back-projected via absolute PCA loadings"
Combined,MLP,1,original__firstorder__InterquartileRange,0.003871504010844277,0.007740679141934185,"mean absolute MLP SHAP in validation fold, back-projected via absolute PCA loadings"
Combined,MLP,1,original__firstorder__Kurtosis,0.004503308081906783,0.00900390722615258,"mean absolute MLP SHAP in validation fold, back-projected via absolute PCA loadings"
Combined,MLP,1,original__firstorder__Maximum,0.0035004711530122338,0.006998836618835156,"mean absolute MLP SHAP in validation fold, back-projected via absolute PCA loadings"
Combined,MLP,1,original__firstorder__MeanAbsoluteDeviation,0.0022213391914845094,0.004441342149852343,"mean absolute MLP SHAP in validation fold, back-projected via absolute PCA loadings"
Combined,MLP,1,original__firstorder__Mean,0.0030856832231645243,0.006169510272302961,"mean absolute MLP SHAP in validation fold, back-projected via absolute PCA loadings"
Combined,MLP,1,original__firstorder__Median,0.003215990208695511,0.006430045857988191,"mean absolute MLP SHAP in validation fold, back-projected via absolute PCA loadings"
Combined,MLP,1,original__firstorder__Minimum,0.0024342592994884924,0.004867054285060847,"mean absolute MLP SHAP in validation fold, back-projected via absolute PCA loadings"
Combined,MLP,1,original__firstorder__Range,0.002490114682033356,0.004978731450684006,"mean absolute MLP SHAP in validation fold, back-projected via absolute PCA loadings"
Combined,MLP,1,original__firstorder__RobustMeanAbsoluteDeviation,0.0038015106019517702,0.007600734428259733,"mean absolute MLP SHAP in validation fold, back-projected via absolute PCA loadings"
Combined,MLP,1,original__firstorder__RootMeanSquared,0.0029564026193873816,0.0059110268327117015,"mean absolute MLP SHAP in validation fold, back-projected via absolute PCA loadings"
Combined,MLP,1,original__firstorder__Skewness,0.004924062712913957,0.009845163385770813,"mean absolute MLP SHAP in validation fold, back-projected via absolute PCA loadings"
Combined,MLP,1,original__firstorder__TotalEnergy,0.003374280584132169,0.006746531390246304,"mean absolute MLP SHAP in validation fold, back-projected via absolute PCA loadings"
Combined,MLP,1,original__firstorder__Uniformity,0.0025273886303739373,0.005053256925447637,"mean absolute MLP SHAP in validation fold, back-projected via absolute PCA loadings"
Combined,MLP,1,original__firstorder__Variance,0.0030773291836201384,0.006152807218536004,"mean absolute MLP SHAP in validation fold, back-projected via absolute PCA loadings"
Combined,MLP,1,original__glcm__Autocorrelation,0.0024453637019815435,0.004889256410260986,"mean absolute MLP SHAP in validation fold, back-projected via absolute PCA loadings"
Combined,MLP,1,original__glcm__ClusterProminence,0.0021908940645554236,0.0043804702100756045,"mean absolute MLP SHAP in validation fold, back-projected via absolute PCA loadings"
Combined,MLP,1,original__glcm__ClusterShade,0.005708980123895716,0.011414526045426825,"mean absolute MLP SHAP in validation fold, back-projected via absolute PCA loadings"
Combined,MLP,1,original__glcm__ClusterTendency,0.002198050767281449,0.004394779310456541,"mean absolute MLP SHAP in validation fold, back-projected via absolute PCA loadings"
Combined,MLP,1,original__glcm__Contrast,0.002389295702516612,0.00477715413869611,"mean absolute MLP SHAP in validation fold, back-projected via absolute PCA loadings"
Combined,MLP,1,original__glcm__Correlation,0.004728440972768391,0.009454037580550885,"mean absolute MLP SHAP in validation fold, back-projected via absolute PCA loadings"
Combined,MLP,1,original__glcm__DifferenceAverage,0.0016780716869847652,0.0033551339401248926,"mean absolute MLP SHAP in validation fold, back-projected via absolute PCA loadings"
Combined,MLP,1,original__glcm__DifferenceEntropy,0.001360288339892856,0.0027197584065859408,"mean absolute MLP SHAP in validation fold, back-projected via absolute PCA loadings"
Combined,MLP,1,original__glcm__DifferenceVariance,0.0027625922979045785,0.005523522775169389,"mean absolute MLP SHAP in validation fold, back-projected via absolute PCA loadings"
Combined,MLP,1,original__glcm__Id,0.0017931176167414072,0.0035851565944569645,"mean absolute MLP SHAP in validation fold, back-projected via absolute PCA loadings"
Combined,MLP,1,original__glcm__Idm,0.0024363976769679794,0.004871329753691819,"mean absolute MLP SHAP in validation fold, back-projected via absolute PCA loadings"
Combined,MLP,1,original__glcm__Idmn,0.003732067807340675,0.007461890611929423,"mean absolute MLP SHAP in validation fold, back-projected via absolute PCA loadings"
Combined,MLP,1,original__glcm__Idn,0.0029138306622635913,0.0058259085273667,"mean absolute MLP SHAP in validation fold, back-projected via absolute PCA loadings"
Combined,MLP,1,original__glcm__Imc1,0.0028128182226129696,0.005623944411485818,"mean absolute MLP SHAP in validation fold, back-projected via absolute PCA loadings"
Combined,MLP,1,original__glcm__Imc2,0.003189187517025422,0.00637645659764461,"mean absolute MLP SHAP in validation fold, back-projected via absolute PCA loadings"
Combined,MLP,1,original__glcm__InverseVariance,0.001888095133015699,0.003775054493856738,"mean absolute MLP SHAP in validation fold, back-projected via absolute PCA loadings"
Combined,MLP,1,original__glcm__JointAverage,0.0029956391755772234,0.005989476342579006,"mean absolute MLP SHAP in validation fold, back-projected via absolute PCA loadings"
Combined,MLP,1,original__glcm__JointEnergy,0.0022878165621528493,0.0045742569021299286,"mean absolute MLP SHAP in validation fold, back-projected via absolute PCA loadings"
Combined,MLP,1,original__glcm__JointEntropy,0.0014268145842993923,0.0028527708769402185,"mean absolute MLP SHAP in validation fold, back-projected via absolute PCA loadings"
Combined,MLP,1,original__glcm__MCC,0.005027746830215279,0.010052469249821611,"mean absolute MLP SHAP in validation fold, back-projected via absolute PCA loadings"
Combined,MLP,1,original__glcm__MaximumProbability,0.0019879904597189537,0.003974785055835403,"mean absolute MLP SHAP in validation fold, back-projected via absolute PCA loadings"
Combined,MLP,1,original__glcm__SumAverage,0.002439071012473564,0.00487667481657423,"mean absolute MLP SHAP in validation fold, back-projected via absolute PCA loadings"
Combined,MLP,1,original__glcm__SumEntropy,0.0014740403167872132,0.002947193933562939,"mean absolute MLP SHAP in validation fold, back-projected via absolute PCA loadings"
Combined,MLP,1,original__glcm__SumSquares,0.0021987664795694445,0.004396210304500147,"mean absolute MLP SHAP in validation fold, back-projected via absolute PCA loadings"
Combined,MLP,1,original__gldm__DependenceEntropy,0.003822981528886434,0.007643663366423198,"mean absolute MLP SHAP in validation fold, back-projected via absolute PCA loadings"
Combined,MLP,1,original__gldm__DependenceNonUniformity,0.0030940526026295625,0.0061862439966835865,"mean absolute MLP SHAP in validation fold, back-projected via absolute PCA loadings"
Combined,MLP,1,original__gldm__DependenceNonUniformityNormalized,0.0035704758680154655,0.007138803937929937,"mean absolute MLP SHAP in validation fold, back-projected via absolute PCA loadings"
Combined,MLP,1,original__gldm__DependenceVariance,0.004135417706916363,0.008268347778395305,"mean absolute MLP SHAP in validation fold, back-projected via absolute PCA loadings"
Combined,MLP,1,original__gldm__GrayLevelNonUniformity,0.0035057633660903675,0.007009417861492747,"mean absolute MLP SHAP in validation fold, back-projected via absolute PCA loadings"
Combined,MLP,1,original__gldm__GrayLevelVariance,0.002150872197596964,0.004300450551069993,"mean absolute MLP SHAP in validation fold, back-projected via absolute PCA loadings"
Combined,MLP,1,original__gldm__HighGrayLevelEmphasis,0.0029537281810474254,0.00590567956482395,"mean absolute MLP SHAP in validation fold, back-projected via absolute PCA loadings"
Combined,MLP,1,original__gldm__LargeDependenceEmphasis,0.003461639414582968,0.006921196500973336,"mean absolute MLP SHAP in validation fold, back-projected via absolute PCA loadings"
Combined,MLP,1,original__gldm__LargeDependenceHighGrayLevelEmphasis,0.003581679150410586,0.007161203763453608,"mean absolute MLP SHAP in validation fold, back-projected via absolute PCA loadings"
Combined,MLP,1,original__gldm__LargeDependenceLowGrayLevelEmphasis,0.002997488004462293,0.0059931728881973435,"mean absolute MLP SHAP in validation fold, back-projected via absolute PCA loadings"
Combined,MLP,1,original__gldm__LowGrayLevelEmphasis,0.0030195774858326934,0.006037338563144614,"mean absolute MLP SHAP in validation fold, back-projected via absolute PCA loadings"
Combined,MLP,1,original__gldm__SmallDependenceEmphasis,0.003790411847747208,0.007578543596238879,"mean absolute MLP SHAP in validation fold, back-projected via absolute PCA loadings"
Combined,MLP,1,original__gldm__SmallDependenceHighGrayLevelEmphasis,0.0021905177624023417,0.0043797178321317186,"mean absolute MLP SHAP in validation fold, back-projected via absolute PCA loadings"
Combined,MLP,1,original__gldm__SmallDependenceLowGrayLevelEmphasis,0.004427329354850545,0.008851995476582499,"mean absolute MLP SHAP in validation fold, back-projected via absolute PCA loadings"
Combined,MLP,1,original__glrlm__GrayLevelNonUniformity,0.003565562128385461,0.007128979414500197,"mean absolute MLP SHAP in validation fold, back-projected via absolute PCA loadings"
Combined,MLP,1,original__glrlm__GrayLevelNonUniformityNormalized,0.001504075876174118,0.003007246984628186,"mean absolute MLP SHAP in validation fold, back-projected via absolute PCA loadings"
Combined,MLP,1,original__glrlm__GrayLevelVariance,0.002121960412195107,0.004242644371975419,"mean absolute MLP SHAP in validation fold, back-projected via absolute PCA loadings"
Combined,MLP,1,original__glrlm__HighGrayLevelRunEmphasis,0.0029517819330214684,0.005901788239525731,"mean absolute MLP SHAP in validation fold, back-projected via absolute PCA loadings"
Combined,MLP,1,original__glrlm__LongRunEmphasis,0.003477060580425434,0.006952029556149496,"mean absolute MLP SHAP in validation fold, back-projected via absolute PCA loadings"
Combined,MLP,1,original__glrlm__LongRunHighGrayLevelEmphasis,0.003590152498105647,0.007178145361752822,"mean absolute MLP SHAP in validation fold, back-projected via absolute PCA loadings"
Combined,MLP,1,original__glrlm__LongRunLowGrayLevelEmphasis,0.0031676215135799882,0.006333337563652302,"mean absolute MLP SHAP in validation fold, back-projected via absolute PCA loadings"
Combined,MLP,1,original__glrlm__LowGrayLevelRunEmphasis,0.0028217477756258325,0.0056417981459930934,"mean absolute MLP SHAP in validation fold, back-projected via absolute PCA loadings"
Combined,MLP,1,original__glrlm__RunEntropy,0.003510602658645796,0.0070190935355565216,"mean absolute MLP SHAP in validation fold, back-projected via absolute PCA loadings"
Combined,MLP,1,original__glrlm__RunLengthNonUniformity,0.00326064953714639,0.006519337650341808,"mean absolute MLP SHAP in validation fold, back-projected via absolute PCA loadings"
Combined,MLP,1,original__glrlm__RunLengthNonUniformityNormalized,0.0033635509357950993,0.006725078547927039,"mean absolute MLP SHAP in validation fold, back-projected via absolute PCA loadings"
Combined,MLP,1,original__glrlm__RunPercentage,0.0037252599704158556,0.007448279033292791,"mean absolute MLP SHAP in validation fold, back-projected via absolute PCA loadings"
Combined,MLP,1,original__glrlm__RunVariance,0.004379219134461523,0.008755803976215708,"mean absolute MLP SHAP in validation fold, back-projected via absolute PCA loadings"
Combined,MLP,1,original__glrlm__ShortRunEmphasis,0.0034563294127760475,0.006910579691558873,"mean absolute MLP SHAP in validation fold, back-projected via absolute PCA loadings"
Combined,MLP,1,original__glrlm__ShortRunHighGrayLevelEmphasis,0.002354027419789444,0.004706638788663321,"mean absolute MLP SHAP in validation fold, back-projected via absolute PCA loadings"
Combined,MLP,1,original__glrlm__ShortRunLowGrayLevelEmphasis,0.0031302749546483506,0.006258666911385019,"mean absolute MLP SHAP in validation fold, back-projected via absolute PCA loadings"
Combined,MLP,1,original__glszm__GrayLevelNonUniformity,0.004298009379289981,0.008593433317108256,"mean absolute MLP SHAP in validation fold, back-projected via absolute PCA loadings"
Combined,MLP,1,original__glszm__GrayLevelNonUniformityNormalized,0.002560696067750567,0.005119851764313976,"mean absolute MLP SHAP in validation fold, back-projected via absolute PCA loadings"
Combined,MLP,1,original__glszm__GrayLevelVariance,0.002618630249976182,0.005235685278809298,"mean absolute MLP SHAP in validation fold, back-projected via absolute PCA loadings"
Combined,MLP,1,original__glszm__HighGrayLevelZoneEmphasis,0.003032807613588202,0.00606379086015253,"mean absolute MLP SHAP in validation fold, back-projected via absolute PCA loadings"
Combined,MLP,1,original__glszm__LargeAreaEmphasis,0.003978717886607117,0.007955042399603228,"mean absolute MLP SHAP in validation fold, back-projected via absolute PCA loadings"
Combined,MLP,1,original__glszm__LargeAreaHighGrayLevelEmphasis,0.004516636309634734,0.009030555664093935,"mean absolute MLP SHAP in validation fold, back-projected via absolute PCA loadings"
Combined,MLP,1,original__glszm__LargeAreaLowGrayLevelEmphasis,0.005517572180351045,0.0110318252986249,"mean absolute MLP SHAP in validation fold, back-projected via absolute PCA loadings"
Combined,MLP,1,original__glszm__LowGrayLevelZoneEmphasis,0.002909270517853519,0.005816790981673765,"mean absolute MLP SHAP in validation fold, back-projected via absolute PCA loadings"
Combined,MLP,1,original__glszm__SizeZoneNonUniformity,0.003342156089677912,0.006682301725632571,"mean absolute MLP SHAP in validation fold, back-projected via absolute PCA loadings"
Combined,MLP,1,original__glszm__SizeZoneNonUniformityNormalized,0.003545907057344279,0.007089681095806597,"mean absolute MLP SHAP in validation fold, back-projected via absolute PCA loadings"
Combined,MLP,1,original__glszm__SmallAreaEmphasis,0.0036400265830298355,0.007277863530147933,"mean absolute MLP SHAP in validation fold, back-projected via absolute PCA loadings"
Combined,MLP,1,original__glszm__SmallAreaHighGrayLevelEmphasis,0.002367339706187724,0.004733255353534747,"mean absolute MLP SHAP in validation fold, back-projected via absolute PCA loadings"
Combined,MLP,1,original__glszm__SmallAreaLowGrayLevelEmphasis,0.002846146692036817,0.005690581301794891,"mean absolute MLP SHAP in validation fold, back-projected via absolute PCA loadings"
Combined,MLP,1,original__glszm__ZoneEntropy,0.003900398990377109,0.00779845171940018,"mean absolute MLP SHAP in validation fold, back-projected via absolute PCA loadings"
Combined,MLP,1,original__glszm__ZonePercentage,0.003862639502748785,0.007722955458134277,"mean absolute MLP SHAP in validation fold, back-projected via absolute PCA loadings"
Combined,MLP,1,original__glszm__ZoneVariance,0.003981844994750904,0.007961294734797866,"mean absolute MLP SHAP in validation fold, back-projected via absolute PCA loadings"
Combined,MLP,1,original__ngtdm__Busyness,0.004206471414550702,0.008410412451737145,"mean absolute MLP SHAP in validation fold, back-projected via absolute PCA loadings"
Combined,MLP,1,original__ngtdm__Coarseness,0.003458533551894796,0.006914986643909853,"mean absolute MLP SHAP in validation fold, back-projected via absolute PCA loadings"
Combined,MLP,1,original__ngtdm__Complexity,0.003732017289976564,0.007461789607589613,"mean absolute MLP SHAP in validation fold, back-projected via absolute PCA loadings"
Combined,MLP,1,original__ngtdm__Contrast,0.0039889928796557495,0.007975586204840748,"mean absolute MLP SHAP in validation fold, back-projected via absolute PCA loadings"
Combined,MLP,1,original__ngtdm__Strength,0.0031060324623377105,0.0062101965096879415,"mean absolute MLP SHAP in validation fold, back-projected via absolute PCA loadings"
Combined,MLP,1,Age,0.0043301531936288775,0.008657701609869508,"mean absolute MLP SHAP in validation fold, back-projected via absolute PCA loadings"
Combined,MLP,1,Sex,0.006797293883930026,0.013590498896954472,"mean absolute MLP SHAP in validation fold, back-projected via absolute PCA loadings"
Combined,MLP,1,High blood pressure,0.006727269428473091,0.013450492108827036,"mean absolute MLP SHAP in validation fold, back-projected via absolute PCA loadings"
Combined,MLP,1,Degenerative brain disease,0.006022186385957895,0.01204075016222405,"mean absolute MLP SHAP in validation fold, back-projected via absolute PCA loadings"
Combined,MLP,1,type of degenerative brain disease,0.006022186385957895,0.01204075016222405,"mean absolute MLP SHAP in validation fold, back-projected via absolute PCA loadings"
Combined,MLP,1,WBC,0.0051450057597808175,0.010286916572554865,"mean absolute MLP SHAP in validation fold, back-projected via absolute PCA loadings"
Combined,MLP,1,RBC,0.004426459949962998,0.008850257189792642,"mean absolute MLP SHAP in validation fold, back-projected via absolute PCA loadings"
Combined,MLP,1,hemoglobin,0.0055013161248800456,0.010999322966414465,"mean absolute MLP SHAP in validation fold, back-projected via absolute PCA loadings"
Combined,MLP,1,Anemia,0.006000582157487878,0.011997554701176609,"mean absolute MLP SHAP in validation fold, back-projected via absolute PCA loadings"
Combined,MLP,1,platelet count,0.005602097103806677,0.011200824300081161,"mean absolute MLP SHAP in validation fold, back-projected via absolute PCA loadings"
Combined,MLP,1,PTT,0.0053595794348958205,0.010715934847292143,"mean absolute MLP SHAP in validation fold, back-projected via absolute PCA loadings"
Combined,MLP,1,PT,0.0035020152073224667,0.007001923798639118,"mean absolute MLP SHAP in validation fold, back-projected via absolute PCA loadings"
Combined,MLP,1,INR,0.0037420850784397252,0.007481919128298854,"mean absolute MLP SHAP in validation fold, back-projected via absolute PCA loadings"
Combined,MLP,1,Creatinin,0.006559286138050984,0.013114626577312239,"mean absolute MLP SHAP in validation fold, back-projected via absolute PCA loadings"
Combined,MLP,1,on admission GCS,0.003952240876069929,0.007902104305613939,"mean absolute MLP SHAP in validation fold, back-projected via absolute PCA loadings"
Combined,MLP,1,Contusion,0.0070781644005463735,0.014152070974231571,"mean absolute MLP SHAP in validation fold, back-projected via absolute PCA loadings"
Combined,MLP,1,Intraparenchymal,0.006004905119961197,0.012006198025671391,"mean absolute MLP SHAP in validation fold, back-projected via absolute PCA loadings"
Combined,MLP,1,Subdural,0.004565321236062999,0.009127896230828282,"mean absolute MLP SHAP in validation fold, back-projected via absolute PCA loadings"
Combined,MLP,1,Subarachnoid,0.0047230517172155645,0.00944326231131922,"mean absolute MLP SHAP in validation fold, back-projected via absolute PCA loadings"
Combined,MLP,1,Epidural,0.005497197214446729,0.01099108762325342,"mean absolute MLP SHAP in validation fold, back-projected via absolute PCA loadings"
Combined,MLP,1,IVH,0.006174925813579329,0.012346137137990704,"mean absolute MLP SHAP in validation fold, back-projected via absolute PCA loadings"
Combined,MLP,1,type_of_hemorrhage_num,0.005302844373303229,0.010602498852739123,"mean absolute MLP SHAP in validation fold, back-projected via absolute PCA loadings"
Combined,MLP,1,leukocytosis,0.004840307829487458,0.00967770400115991,"mean absolute MLP SHAP in validation fold, back-projected via absolute PCA loadings"
Combined,MLP,1,thrombocytopenia,0.00494799095986637,0.009893005485783826,"mean absolute MLP SHAP in validation fold, back-projected via absolute PCA loadings"
Combined,MLP,1,long PTT,0.006485211984363826,0.012966522828795762,"mean absolute MLP SHAP in validation fold, back-projected via absolute PCA loadings"
Combined,MLP,1,long PT,0.004249893974607153,0.008497231451272434,"mean absolute MLP SHAP in validation fold, back-projected via absolute PCA loadings"
Combined,MLP,1,long INR,0.003883463304812853,0.007764590535830593,"mean absolute MLP SHAP in validation fold, back-projected via absolute PCA loadings"
Combined,MLP,1,kidney failure,0.006564827808987241,0.013125706585626217,"mean absolute MLP SHAP in validation fold, back-projected via absolute PCA loadings"
Combined,MLP,2,original__shape__Elongation,0.0027044814169753183,0.005737734321990865,"mean absolute MLP SHAP in validation fold, back-projected via absolute PCA loadings"
Combined,MLP,2,original__shape__Flatness,0.002444172544432964,0.005185472012873049,"mean absolute MLP SHAP in validation fold, back-projected via absolute PCA loadings"
Combined,MLP,2,original__shape__LeastAxisLength,0.001970009893805138,0.004179504917800097,"mean absolute MLP SHAP in validation fold, back-projected via absolute PCA loadings"
Combined,MLP,2,original__shape__MajorAxisLength,0.004000251740638713,0.008486795865854498,"mean absolute MLP SHAP in validation fold, back-projected via absolute PCA loadings"
Combined,MLP,2,original__shape__Maximum2DDiameterColumn,0.005449658456890299,0.011561807071389688,"mean absolute MLP SHAP in validation fold, back-projected via absolute PCA loadings"
Combined,MLP,2,original__shape__Maximum2DDiameterRow,0.0028561391748961485,0.006059486180723075,"mean absolute MLP SHAP in validation fold, back-projected via absolute PCA loadings"
Combined,MLP,2,original__shape__Maximum2DDiameterSlice,0.00478282615669841,0.01014707870542361,"mean absolute MLP SHAP in validation fold, back-projected via absolute PCA loadings"
Combined,MLP,2,original__shape__Maximum3DDiameter,0.005333672332039023,0.01131573491675896,"mean absolute MLP SHAP in validation fold, back-projected via absolute PCA loadings"
Combined,MLP,2,original__shape__MeshVolume,0.004639899732216057,0.00984385094200677,"mean absolute MLP SHAP in validation fold, back-projected via absolute PCA loadings"
Combined,MLP,2,original__shape__MinorAxisLength,0.004034585029689537,0.008559636185531776,"mean absolute MLP SHAP in validation fold, back-projected via absolute PCA loadings"
Combined,MLP,2,original__shape__Sphericity,0.004132166755188562,0.008766662202453363,"mean absolute MLP SHAP in validation fold, back-projected via absolute PCA loadings"
Combined,MLP,2,original__shape__SurfaceArea,0.004019807062455072,0.00852828376089383,"mean absolute MLP SHAP in validation fold, back-projected via absolute PCA loadings"
Combined,MLP,2,original__shape__SurfaceVolumeRatio,0.0038965072539587633,0.008266695147763186,"mean absolute MLP SHAP in validation fold, back-projected via absolute PCA loadings"
Combined,MLP,2,original__shape__VoxelVolume,0.004477716805975884,0.009499769249861185,"mean absolute MLP SHAP in validation fold, back-projected via absolute PCA loadings"
Combined,MLP,2,original__firstorder__10Percentile,0.0058677524168362985,0.012448820769743057,"mean absolute MLP SHAP in validation fold, back-projected via absolute PCA loadings"
Combined,MLP,2,original__firstorder__90Percentile,0.002274044449135626,0.004824534124597895,"mean absolute MLP SHAP in validation fold, back-projected via absolute PCA loadings"
Combined,MLP,2,original__firstorder__Energy,0.003283391067230536,0.006965929031982988,"mean absolute MLP SHAP in validation fold, back-projected via absolute PCA loadings"
Combined,MLP,2,original__firstorder__Entropy,0.002701336114694255,0.005731061357356011,"mean absolute MLP SHAP in validation fold, back-projected via absolute PCA loadings"
Combined,MLP,2,original__firstorder__InterquartileRange,0.0031285005180209805,0.006637318594960417,"mean absolute MLP SHAP in validation fold, back-projected via absolute PCA loadings"
Combined,MLP,2,original__firstorder__Kurtosis,0.005116003758183627,0.01085393679191708,"mean absolute MLP SHAP in validation fold, back-projected via absolute PCA loadings"
Combined,MLP,2,original__firstorder__Maximum,0.004699680889070011,0.009970680578674368,"mean absolute MLP SHAP in validation fold, back-projected via absolute PCA loadings"
Combined,MLP,2,original__firstorder__MeanAbsoluteDeviation,0.001937987188459961,0.0041115666526714304,"mean absolute MLP SHAP in validation fold, back-projected via absolute PCA loadings"
Combined,MLP,2,original__firstorder__Mean,0.0035608996124688245,0.007554681572364749,"mean absolute MLP SHAP in validation fold, back-projected via absolute PCA loadings"
Combined,MLP,2,original__firstorder__Median,0.0036403974698687573,0.007723341479608066,"mean absolute MLP SHAP in validation fold, back-projected via absolute PCA loadings"
Combined,MLP,2,original__firstorder__Minimum,0.0026747796195095556,0.005674720014821127,"mean absolute MLP SHAP in validation fold, back-projected via absolute PCA loadings"
Combined,MLP,2,original__firstorder__Range,0.003499607467996695,0.007424646276577997,"mean absolute MLP SHAP in validation fold, back-projected via absolute PCA loadings"
Combined,MLP,2,original__firstorder__RobustMeanAbsoluteDeviation,0.0035035869677627336,0.007433089045771616,"mean absolute MLP SHAP in validation fold, back-projected via absolute PCA loadings"
Combined,MLP,2,original__firstorder__RootMeanSquared,0.0029198422210982007,0.006194636362312294,"mean absolute MLP SHAP in validation fold, back-projected via absolute PCA loadings"
Combined,MLP,2,original__firstorder__Skewness,0.00398027446584225,0.008444412769952989,"mean absolute MLP SHAP in validation fold, back-projected via absolute PCA loadings"
Combined,MLP,2,original__firstorder__TotalEnergy,0.003391030099113154,0.007194292282601842,"mean absolute MLP SHAP in validation fold, back-projected via absolute PCA loadings"
Combined,MLP,2,original__firstorder__Uniformity,0.0027403062885133765,0.00581373913153203,"mean absolute MLP SHAP in validation fold, back-projected via absolute PCA loadings"
Combined,MLP,2,original__firstorder__Variance,0.00280990885302866,0.005961405527319127,"mean absolute MLP SHAP in validation fold, back-projected via absolute PCA loadings"
Combined,MLP,2,original__glcm__Autocorrelation,0.0023155936390136626,0.004912683450127648,"mean absolute MLP SHAP in validation fold, back-projected via absolute PCA loadings"
Combined,MLP,2,original__glcm__ClusterProminence,0.0027502656763643803,0.0058348686246540915,"mean absolute MLP SHAP in validation fold, back-projected via absolute PCA loadings"
Combined,MLP,2,original__glcm__ClusterShade,0.004499813376671356,0.009546648570710616,"mean absolute MLP SHAP in validation fold, back-projected via absolute PCA loadings"
Combined,MLP,2,original__glcm__ClusterTendency,0.0027301418145016065,0.005792174534697957,"mean absolute MLP SHAP in validation fold, back-projected via absolute PCA loadings"
Combined,MLP,2,original__glcm__Contrast,0.0034766571297532613,0.007375955632000404,"mean absolute MLP SHAP in validation fold, back-projected via absolute PCA loadings"
Combined,MLP,2,original__glcm__Correlation,0.0032746113907121586,0.006947302373659778,"mean absolute MLP SHAP in validation fold, back-projected via absolute PCA loadings"
Combined,MLP,2,original__glcm__DifferenceAverage,0.001960476336537557,0.0041592788521294215,"mean absolute MLP SHAP in validation fold, back-projected via absolute PCA loadings"
Combined,MLP,2,original__glcm__DifferenceEntropy,0.0015813046088901112,0.0033548412168786347,"mean absolute MLP SHAP in validation fold, back-projected via absolute PCA loadings"
Combined,MLP,2,original__glcm__DifferenceVariance,0.00397860941240011,0.008440880250105394,"mean absolute MLP SHAP in validation fold, back-projected via absolute PCA loadings"
Combined,MLP,2,original__glcm__Id,0.0018233732708446474,0.0038684057254964517,"mean absolute MLP SHAP in validation fold, back-projected via absolute PCA loadings"
Combined,MLP,2,original__glcm__Idm,0.0025295252292637264,0.005366553319682414,"mean absolute MLP SHAP in validation fold, back-projected via absolute PCA loadings"
Combined,MLP,2,original__glcm__Idmn,0.0035266363568459006,0.007481989833188125,"mean absolute MLP SHAP in validation fold, back-projected via absolute PCA loadings"
Combined,MLP,2,original__glcm__Idn,0.0032885879798975858,0.006976954622320181,"mean absolute MLP SHAP in validation fold, back-projected via absolute PCA loadings"
Combined,MLP,2,original__glcm__Imc1,0.004206278555868186,0.008923895237871887,"mean absolute MLP SHAP in validation fold, back-projected via absolute PCA loadings"
Combined,MLP,2,original__glcm__Imc2,0.003592812241883358,0.007622386304202592,"mean absolute MLP SHAP in validation fold, back-projected via absolute PCA loadings"
Combined,MLP,2,original__glcm__InverseVariance,0.0017487777624771782,0.0037101464725617177,"mean absolute MLP SHAP in validation fold, back-projected via absolute PCA loadings"
Combined,MLP,2,original__glcm__JointAverage,0.003280445594180209,0.006959680018139047,"mean absolute MLP SHAP in validation fold, back-projected via absolute PCA loadings"
Combined,MLP,2,original__glcm__JointEnergy,0.002331536806753492,0.004946507923894742,"mean absolute MLP SHAP in validation fold, back-projected via absolute PCA loadings"
Combined,MLP,2,original__glcm__JointEntropy,0.0017267450851583194,0.0036634027056923002,"mean absolute MLP SHAP in validation fold, back-projected via absolute PCA loadings"
Combined,MLP,2,original__glcm__MCC,0.0034632699920200682,0.007347553943172804,"mean absolute MLP SHAP in validation fold, back-projected via absolute PCA loadings"
Combined,MLP,2,original__glcm__MaximumProbability,0.0018233334613286397,0.0038683212670028917,"mean absolute MLP SHAP in validation fold, back-projected via absolute PCA loadings"
Combined,MLP,2,original__glcm__SumAverage,0.0027130538219594285,0.005755921240189157,"mean absolute MLP SHAP in validation fold, back-projected via absolute PCA loadings"
Combined,MLP,2,original__glcm__SumEntropy,0.0016823543761391652,0.003569224911340299,"mean absolute MLP SHAP in validation fold, back-projected via absolute PCA loadings"
Combined,MLP,2,original__glcm__SumSquares,0.0027116168490181882,0.005752872608051043,"mean absolute MLP SHAP in validation fold, back-projected via absolute PCA loadings"
Combined,MLP,2,original__gldm__DependenceEntropy,0.0026592315627818777,0.005641733794924512,"mean absolute MLP SHAP in validation fold, back-projected via absolute PCA loadings"
Combined,MLP,2,original__gldm__DependenceNonUniformity,0.004115346190975756,0.008730976274647282,"mean absolute MLP SHAP in validation fold, back-projected via absolute PCA loadings"
Combined,MLP,2,original__gldm__DependenceNonUniformityNormalized,0.004092395808712854,0.008682285536679506,"mean absolute MLP SHAP in validation fold, back-projected via absolute PCA loadings"
Combined,MLP,2,original__gldm__DependenceVariance,0.004473090600121379,0.009489954451376945,"mean absolute MLP SHAP in validation fold, back-projected via absolute PCA loadings"
Combined,MLP,2,original__gldm__GrayLevelNonUniformity,0.0033764451732356156,0.007163349407836284,"mean absolute MLP SHAP in validation fold, back-projected via absolute PCA loadings"
Combined,MLP,2,original__gldm__GrayLevelVariance,0.002523256943120563,0.005353254740399177,"mean absolute MLP SHAP in validation fold, back-projected via absolute PCA loadings"
Combined,MLP,2,original__gldm__HighGrayLevelEmphasis,0.003281982889962163,0.006962941491749406,"mean absolute MLP SHAP in validation fold, back-projected via absolute PCA loadings"
Combined,MLP,2,original__gldm__LargeDependenceEmphasis,0.004245776501647436,0.009007692714801568,"mean absolute MLP SHAP in validation fold, back-projected via absolute PCA loadings"
Combined,MLP,2,original__gldm__LargeDependenceHighGrayLevelEmphasis,0.002851487237242243,0.006049616790542377,"mean absolute MLP SHAP in validation fold, back-projected via absolute PCA loadings"
Combined,MLP,2,original__gldm__LargeDependenceLowGrayLevelEmphasis,0.0021885305484080284,0.004643110787712554,"mean absolute MLP SHAP in validation fold, back-projected via absolute PCA loadings"
Combined,MLP,2,original__gldm__LowGrayLevelEmphasis,0.002648419526512563,0.005618795352381085,"mean absolute MLP SHAP in validation fold, back-projected via absolute PCA loadings"
Combined,MLP,2,original__gldm__SmallDependenceEmphasis,0.003136147309639789,0.006653541763827083,"mean absolute MLP SHAP in validation fold, back-projected via absolute PCA loadings"
Combined,MLP,2,original__gldm__SmallDependenceHighGrayLevelEmphasis,0.002446214419741974,0.005189803984972467,"mean absolute MLP SHAP in validation fold, back-projected via absolute PCA loadings"
Combined,MLP,2,original__gldm__SmallDependenceLowGrayLevelEmphasis,0.003851974092472125,0.00817221513117856,"mean absolute MLP SHAP in validation fold, back-projected via absolute PCA loadings"
Combined,MLP,2,original__glrlm__GrayLevelNonUniformity,0.00326976909069751,0.006937029117272423,"mean absolute MLP SHAP in validation fold, back-projected via absolute PCA loadings"
Combined,MLP,2,original__glrlm__GrayLevelNonUniformityNormalized,0.0026367882785396615,0.005594118898594856,"mean absolute MLP SHAP in validation fold, back-projected via absolute PCA loadings"
Combined,MLP,2,original__glrlm__GrayLevelVariance,0.0023842115375647278,0.0050582608126297935,"mean absolute MLP SHAP in validation fold, back-projected via absolute PCA loadings"
Combined,MLP,2,original__glrlm__HighGrayLevelRunEmphasis,0.003281042584118226,0.006960946571362798,"mean absolute MLP SHAP in validation fold, back-projected via absolute PCA loadings"
Combined,MLP,2,original__glrlm__LongRunEmphasis,0.0044339066513596585,0.009406823139669616,"mean absolute MLP SHAP in validation fold, back-projected via absolute PCA loadings"
Combined,MLP,2,original__glrlm__LongRunHighGrayLevelEmphasis,0.0041775152695127165,0.008862872043443876,"mean absolute MLP SHAP in validation fold, back-projected via absolute PCA loadings"
Combined,MLP,2,original__glrlm__LongRunLowGrayLevelEmphasis,0.0019440437928219052,0.004124416135202212,"mean absolute MLP SHAP in validation fold, back-projected via absolute PCA loadings"
Combined,MLP,2,original__glrlm__LowGrayLevelRunEmphasis,0.003284035430226863,0.006967296090250293,"mean absolute MLP SHAP in validation fold, back-projected via absolute PCA loadings"
Combined,MLP,2,original__glrlm__RunEntropy,0.0029868508819524517,0.006336799621723439,"mean absolute MLP SHAP in validation fold, back-projected via absolute PCA loadings"
Combined,MLP,2,original__glrlm__RunLengthNonUniformity,0.004461594341991555,0.00946556438737727,"mean absolute MLP SHAP in validation fold, back-projected via absolute PCA loadings"
Combined,MLP,2,original__glrlm__RunLengthNonUniformityNormalized,0.0033014336570741415,0.007004207567140771,"mean absolute MLP SHAP in validation fold, back-projected via absolute PCA loadings"
Combined,MLP,2,original__glrlm__RunPercentage,0.003634789183354209,0.007711443132730877,"mean absolute MLP SHAP in validation fold, back-projected via absolute PCA loadings"
Combined,MLP,2,original__glrlm__RunVariance,0.003940375835545105,0.008359765214595635,"mean absolute MLP SHAP in validation fold, back-projected via absolute PCA loadings"
Combined,MLP,2,original__glrlm__ShortRunEmphasis,0.0031447292668129517,0.006671748947619598,"mean absolute MLP SHAP in validation fold, back-projected via absolute PCA loadings"
Combined,MLP,2,original__glrlm__ShortRunHighGrayLevelEmphasis,0.0022746253972424067,0.004825766644026812,"mean absolute MLP SHAP in validation fold, back-projected via absolute PCA loadings"
Combined,MLP,2,original__glrlm__ShortRunLowGrayLevelEmphasis,0.0035052101825549854,0.007436532802185325,"mean absolute MLP SHAP in validation fold, back-projected via absolute PCA loadings"
Combined,MLP,2,original__glszm__GrayLevelNonUniformity,0.002634311852919784,0.005588864999571612,"mean absolute MLP SHAP in validation fold, back-projected via absolute PCA loadings"
Combined,MLP,2,original__glszm__GrayLevelNonUniformityNormalized,0.0023986032016440357,0.005088793669842309,"mean absolute MLP SHAP in validation fold, back-projected via absolute PCA loadings"
Combined,MLP,2,original__glszm__GrayLevelVariance,0.002650778760138778,0.005623800620920097,"mean absolute MLP SHAP in validation fold, back-projected via absolute PCA loadings"
Combined,MLP,2,original__glszm__HighGrayLevelZoneEmphasis,0.0032693517027880025,0.006936143601506282,"mean absolute MLP SHAP in validation fold, back-projected via absolute PCA loadings"
Combined,MLP,2,original__glszm__LargeAreaEmphasis,0.0033744374532597766,0.007159089898511498,"mean absolute MLP SHAP in validation fold, back-projected via absolute PCA loadings"
Combined,MLP,2,original__glszm__LargeAreaHighGrayLevelEmphasis,0.004113405894174141,0.008726859807999147,"mean absolute MLP SHAP in validation fold, back-projected via absolute PCA loadings"
Combined,MLP,2,original__glszm__LargeAreaLowGrayLevelEmphasis,0.004447589085952883,0.009435851320111594,"mean absolute MLP SHAP in validation fold, back-projected via absolute PCA loadings"
Combined,MLP,2,original__glszm__LowGrayLevelZoneEmphasis,0.0025656214991643116,0.005443133918611455,"mean absolute MLP SHAP in validation fold, back-projected via absolute PCA loadings"
Combined,MLP,2,original__glszm__SizeZoneNonUniformity,0.0034898014203034572,0.0074038421046360445,"mean absolute MLP SHAP in validation fold, back-projected via absolute PCA loadings"
Combined,MLP,2,original__glszm__SizeZoneNonUniformityNormalized,0.00388797809515756,0.008248599979172194,"mean absolute MLP SHAP in validation fold, back-projected via absolute PCA loadings"
Combined,MLP,2,original__glszm__SmallAreaEmphasis,0.004013364082902753,0.008514614558110188,"mean absolute MLP SHAP in validation fold, back-projected via absolute PCA loadings"
Combined,MLP,2,original__glszm__SmallAreaHighGrayLevelEmphasis,0.0026536952562154254,0.005629988158217966,"mean absolute MLP SHAP in validation fold, back-projected via absolute PCA loadings"
Combined,MLP,2,original__glszm__SmallAreaLowGrayLevelEmphasis,0.0027985923874732756,0.005937396905032723,"mean absolute MLP SHAP in validation fold, back-projected via absolute PCA loadings"
Combined,MLP,2,original__glszm__ZoneEntropy,0.005615785546034088,0.011914256563262626,"mean absolute MLP SHAP in validation fold, back-projected via absolute PCA loadings"
Combined,MLP,2,original__glszm__ZonePercentage,0.0029231828205996823,0.006201723662781569,"mean absolute MLP SHAP in validation fold, back-projected via absolute PCA loadings"
Combined,MLP,2,original__glszm__ZoneVariance,0.0033710559466278898,0.007151915810887884,"mean absolute MLP SHAP in validation fold, back-projected via absolute PCA loadings"
Combined,MLP,2,original__ngtdm__Busyness,0.0031138350251088648,0.006606204791958262,"mean absolute MLP SHAP in validation fold, back-projected via absolute PCA loadings"
Combined,MLP,2,original__ngtdm__Coarseness,0.002906273572651141,0.0061658495866261835,"mean absolute MLP SHAP in validation fold, back-projected via absolute PCA loadings"
Combined,MLP,2,original__ngtdm__Complexity,0.005181601919973162,0.01099310758525175,"mean absolute MLP SHAP in validation fold, back-projected via absolute PCA loadings"
Combined,MLP,2,original__ngtdm__Contrast,0.0034692288937186086,0.007360196143108984,"mean absolute MLP SHAP in validation fold, back-projected via absolute PCA loadings"
Combined,MLP,2,original__ngtdm__Strength,0.003584793153108084,0.007605373282553348,"mean absolute MLP SHAP in validation fold, back-projected via absolute PCA loadings"
Combined,MLP,2,Age,0.0032665481710346203,0.006930195725413215,"mean absolute MLP SHAP in validation fold, back-projected via absolute PCA loadings"
Combined,MLP,2,Sex,0.004222070126078078,0.008957398087557859,"mean absolute MLP SHAP in validation fold, back-projected via absolute PCA loadings"
Combined,MLP,2,High blood pressure,0.0051692613123667,0.010966926178578596,"mean absolute MLP SHAP in validation fold, back-projected via absolute PCA loadings"
Combined,MLP,2,Degenerative brain disease,0.006609604452775435,0.014022708414793802,"mean absolute MLP SHAP in validation fold, back-projected via absolute PCA loadings"
Combined,MLP,2,type of degenerative brain disease,0.006693670483995556,0.014201060001762626,"mean absolute MLP SHAP in validation fold, back-projected via absolute PCA loadings"
Combined,MLP,2,WBC,0.005481523977910871,0.011629411859686713,"mean absolute MLP SHAP in validation fold, back-projected via absolute PCA loadings"
Combined,MLP,2,RBC,0.0039877655104119435,0.008460305511262029,"mean absolute MLP SHAP in validation fold, back-projected via absolute PCA loadings"
Combined,MLP,2,hemoglobin,0.004187138232769626,0.008883287789772123,"mean absolute MLP SHAP in validation fold, back-projected via absolute PCA loadings"
Combined,MLP,2,Anemia,0.0029768105527887825,0.0063154984063093205,"mean absolute MLP SHAP in validation fold, back-projected via absolute PCA loadings"
Combined,MLP,2,platelet count,0.00248320342014434,0.005268278570086145,"mean absolute MLP SHAP in validation fold, back-projected via absolute PCA loadings"
Combined,MLP,2,PTT,0.004010984774946196,0.008509566700565583,"mean absolute MLP SHAP in validation fold, back-projected via absolute PCA loadings"
Combined,MLP,2,PT,0.0024329801015600724,0.0051617265128242685,"mean absolute MLP SHAP in validation fold, back-projected via absolute PCA loadings"
Combined,MLP,2,INR,0.0036339959635211683,0.007709760264942489,"mean absolute MLP SHAP in validation fold, back-projected via absolute PCA loadings"
Combined,MLP,2,Creatinin,0.0037953517474651997,0.008052087120574147,"mean absolute MLP SHAP in validation fold, back-projected via absolute PCA loadings"
Combined,MLP,2,on admission GCS,0.004100770684267754,0.008700053383266336,"mean absolute MLP SHAP in validation fold, back-projected via absolute PCA loadings"
Combined,MLP,2,Contusion,0.005003740075243946,0.010615762041418514,"mean absolute MLP SHAP in validation fold, back-projected via absolute PCA loadings"
Combined,MLP,2,Intraparenchymal,0.005514775453484773,0.011699957041272985,"mean absolute MLP SHAP in validation fold, back-projected via absolute PCA loadings"
Combined,MLP,2,Subdural,0.004579636282467788,0.009715998089400029,"mean absolute MLP SHAP in validation fold, back-projected via absolute PCA loadings"
Combined,MLP,2,Subarachnoid,0.0030379102880835097,0.006445125493433917,"mean absolute MLP SHAP in validation fold, back-projected via absolute PCA loadings"
Combined,MLP,2,Epidural,0.004950105479634383,0.010501972736695073,"mean absolute MLP SHAP in validation fold, back-projected via absolute PCA loadings"
Combined,MLP,2,IVH,0.003609192978947706,0.007657139109928554,"mean absolute MLP SHAP in validation fold, back-projected via absolute PCA loadings"
Combined,MLP,2,type_of_hemorrhage_num,0.005562766932485104,0.011801774104793899,"mean absolute MLP SHAP in validation fold, back-projected via absolute PCA loadings"
Combined,MLP,2,leukocytosis,0.00635159687852041,0.01347532846060195,"mean absolute MLP SHAP in validation fold, back-projected via absolute PCA loadings"
Combined,MLP,2,thrombocytopenia,0.002055370184446369,0.004360602360834138,"mean absolute MLP SHAP in validation fold, back-projected via absolute PCA loadings"
Combined,MLP,2,long PTT,0.003989604148741631,0.008464206302808887,"mean absolute MLP SHAP in validation fold, back-projected via absolute PCA loadings"
Combined,MLP,2,long PT,0.002569106406762592,0.005450527378152392,"mean absolute MLP SHAP in validation fold, back-projected via absolute PCA loadings"
Combined,MLP,2,long INR,0.0024163014635895964,0.0051263416908297115,"mean absolute MLP SHAP in validation fold, back-projected via absolute PCA loadings"
Combined,MLP,2,kidney failure,0.004156721575643094,0.008818756861047786,"mean absolute MLP SHAP in validation fold, back-projected via absolute PCA loadings"
Combined,MLP,3,original__shape__Elongation,0.004560831667748987,0.010065553552522163,"mean absolute MLP SHAP in validation fold, back-projected via absolute PCA loadings"
Combined,MLP,3,original__shape__Flatness,0.00498841248598282,0.011009205486531837,"mean absolute MLP SHAP in validation fold, back-projected via absolute PCA loadings"
Combined,MLP,3,original__shape__LeastAxisLength,0.004281079151143487,0.009448152134869034,"mean absolute MLP SHAP in validation fold, back-projected via absolute PCA loadings"
Combined,MLP,3,original__shape__MajorAxisLength,0.004046083499746505,0.008929527137048499,"mean absolute MLP SHAP in validation fold, back-projected via absolute PCA loadings"
Combined,MLP,3,original__shape__Maximum2DDiameterColumn,0.005233866699102702,0.011550912067005075,"mean absolute MLP SHAP in validation fold, back-projected via absolute PCA loadings"
Combined,MLP,3,original__shape__Maximum2DDiameterRow,0.004657074670038462,0.010277957597260422,"mean absolute MLP SHAP in validation fold, back-projected via absolute PCA loadings"
Combined,MLP,3,original__shape__Maximum2DDiameterSlice,0.004662396857699282,0.010289703429779385,"mean absolute MLP SHAP in validation fold, back-projected via absolute PCA loadings"
Combined,MLP,3,original__shape__Maximum3DDiameter,0.004778618492897388,0.010546199432760701,"mean absolute MLP SHAP in validation fold, back-projected via absolute PCA loadings"
Combined,MLP,3,original__shape__MeshVolume,0.003121281691711593,0.00688853049381149,"mean absolute MLP SHAP in validation fold, back-projected via absolute PCA loadings"
Combined,MLP,3,original__shape__MinorAxisLength,0.005181120449585482,0.011434503429746092,"mean absolute MLP SHAP in validation fold, back-projected via absolute PCA loadings"
Combined,MLP,3,original__shape__Sphericity,0.004099304442446713,0.009046983401144527,"mean absolute MLP SHAP in validation fold, back-projected via absolute PCA loadings"
Combined,MLP,3,original__shape__SurfaceArea,0.003280471659817386,0.0072398557050276265,"mean absolute MLP SHAP in validation fold, back-projected via absolute PCA loadings"
Combined,MLP,3,original__shape__SurfaceVolumeRatio,0.003762819200816756,0.008304375371295596,"mean absolute MLP SHAP in validation fold, back-projected via absolute PCA loadings"
Combined,MLP,3,original__shape__VoxelVolume,0.0031901928392825073,0.007040614345347967,"mean absolute MLP SHAP in validation fold, back-projected via absolute PCA loadings"
Combined,MLP,3,original__firstorder__10Percentile,0.0049323479577558825,0.010885473555082664,"mean absolute MLP SHAP in validation fold, back-projected via absolute PCA loadings"
Combined,MLP,3,original__firstorder__90Percentile,0.003052552919009466,0.006736849135535485,"mean absolute MLP SHAP in validation fold, back-projected via absolute PCA loadings"
Combined,MLP,3,original__firstorder__Energy,0.004248292832182132,0.009375794180588634,"mean absolute MLP SHAP in validation fold, back-projected via absolute PCA loadings"
Combined,MLP,3,original__firstorder__Entropy,0.0015392574122021032,0.00339707295561816,"mean absolute MLP SHAP in validation fold, back-projected via absolute PCA loadings"
Combined,MLP,3,original__firstorder__InterquartileRange,0.00322800133598564,0.007124056023539428,"mean absolute MLP SHAP in validation fold, back-projected via absolute PCA loadings"
Combined,MLP,3,original__firstorder__Kurtosis,0.003160253859173223,0.006974540341843551,"mean absolute MLP SHAP in validation fold, back-projected via absolute PCA loadings"
Combined,MLP,3,original__firstorder__Maximum,0.0030386885177128183,0.006706251015742579,"mean absolute MLP SHAP in validation fold, back-projected via absolute PCA loadings"
Combined,MLP,3,original__firstorder__MeanAbsoluteDeviation,0.0026862768679171392,0.005928494108239384,"mean absolute MLP SHAP in validation fold, back-projected via absolute PCA loadings"
Combined,MLP,3,original__firstorder__Mean,0.0048414737128163144,0.010684918120105233,"mean absolute MLP SHAP in validation fold, back-projected via absolute PCA loadings"
Combined,MLP,3,original__firstorder__Median,0.004022480899937427,0.00887743724431315,"mean absolute MLP SHAP in validation fold, back-projected via absolute PCA loadings"
Combined,MLP,3,original__firstorder__Minimum,0.002342386709887127,0.005169543755760182,"mean absolute MLP SHAP in validation fold, back-projected via absolute PCA loadings"
Combined,MLP,3,original__firstorder__Range,0.0025780253673197604,0.005689587839431269,"mean absolute MLP SHAP in validation fold, back-projected via absolute PCA loadings"
Combined,MLP,3,original__firstorder__RobustMeanAbsoluteDeviation,0.003285342391585286,0.007250605194379854,"mean absolute MLP SHAP in validation fold, back-projected via absolute PCA loadings"
Combined,MLP,3,original__firstorder__RootMeanSquared,0.003554301885808521,0.007844186889513848,"mean absolute MLP SHAP in validation fold, back-projected via absolute PCA loadings"
Combined,MLP,3,original__firstorder__Skewness,0.0034702127703292894,0.007658605934832798,"mean absolute MLP SHAP in validation fold, back-projected via absolute PCA loadings"
Combined,MLP,3,original__firstorder__TotalEnergy,0.003454581999116115,0.007624109514843002,"mean absolute MLP SHAP in validation fold, back-projected via absolute PCA loadings"
Combined,MLP,3,original__firstorder__Uniformity,0.0018231428349096265,0.00402359551404735,"mean absolute MLP SHAP in validation fold, back-projected via absolute PCA loadings"
Combined,MLP,3,original__firstorder__Variance,0.0026906078142678765,0.005938052315075805,"mean absolute MLP SHAP in validation fold, back-projected via absolute PCA loadings"
Combined,MLP,3,original__glcm__Autocorrelation,0.0025110496596636228,0.005541775418091972,"mean absolute MLP SHAP in validation fold, back-projected via absolute PCA loadings"
Combined,MLP,3,original__glcm__ClusterProminence,0.003398846764760235,0.007501104320387235,"mean absolute MLP SHAP in validation fold, back-projected via absolute PCA loadings"
Combined,MLP,3,original__glcm__ClusterShade,0.0034958703778357873,0.007715231138567561,"mean absolute MLP SHAP in validation fold, back-projected via absolute PCA loadings"
Combined,MLP,3,original__glcm__ClusterTendency,0.0033788362778300832,0.007456942061729069,"mean absolute MLP SHAP in validation fold, back-projected via absolute PCA loadings"
Combined,MLP,3,original__glcm__Contrast,0.002404791675778125,0.005307268752400802,"mean absolute MLP SHAP in validation fold, back-projected via absolute PCA loadings"
Combined,MLP,3,original__glcm__Correlation,0.0034744996285486804,0.007668066841115411,"mean absolute MLP SHAP in validation fold, back-projected via absolute PCA loadings"
Combined,MLP,3,original__glcm__DifferenceAverage,0.0016101108744140408,0.0035534434095682516,"mean absolute MLP SHAP in validation fold, back-projected via absolute PCA loadings"
Combined,MLP,3,original__glcm__DifferenceEntropy,0.0014732873438962812,0.0032514799357987005,"mean absolute MLP SHAP in validation fold, back-projected via absolute PCA loadings"
Combined,MLP,3,original__glcm__DifferenceVariance,0.0027094762699666126,0.0059796941613715175,"mean absolute MLP SHAP in validation fold, back-projected via absolute PCA loadings"
Combined,MLP,3,original__glcm__Id,0.0016936432939808083,0.003737795761019106,"mean absolute MLP SHAP in validation fold, back-projected via absolute PCA loadings"
Combined,MLP,3,original__glcm__Idm,0.0016590673501892664,0.003661488183977016,"mean absolute MLP SHAP in validation fold, back-projected via absolute PCA loadings"
Combined,MLP,3,original__glcm__Idmn,0.004262056474434045,0.00940616992963108,"mean absolute MLP SHAP in validation fold, back-projected via absolute PCA loadings"
Combined,MLP,3,original__glcm__Idn,0.0037861677805589725,0.00835590465299053,"mean absolute MLP SHAP in validation fold, back-projected via absolute PCA loadings"
Combined,MLP,3,original__glcm__Imc1,0.0024221419152159096,0.005345559962630074,"mean absolute MLP SHAP in validation fold, back-projected via absolute PCA loadings"
Combined,MLP,3,original__glcm__Imc2,0.002678562791413692,0.005911469482949492,"mean absolute MLP SHAP in validation fold, back-projected via absolute PCA loadings"
Combined,MLP,3,original__glcm__InverseVariance,0.0018752864286928563,0.004138674116784974,"mean absolute MLP SHAP in validation fold, back-projected via absolute PCA loadings"
Combined,MLP,3,original__glcm__JointAverage,0.0027054134870483065,0.005970727779357102,"mean absolute MLP SHAP in validation fold, back-projected via absolute PCA loadings"
Combined,MLP,3,original__glcm__JointEnergy,0.0017889870437463882,0.003948215195252989,"mean absolute MLP SHAP in validation fold, back-projected via absolute PCA loadings"
Combined,MLP,3,original__glcm__JointEntropy,0.0015388831122349507,0.003396246892163391,"mean absolute MLP SHAP in validation fold, back-projected via absolute PCA loadings"
Combined,MLP,3,original__glcm__MCC,0.0038768096389788335,0.008555947221208256,"mean absolute MLP SHAP in validation fold, back-projected via absolute PCA loadings"
Combined,MLP,3,original__glcm__MaximumProbability,0.0017853026194934352,0.003940083834060565,"mean absolute MLP SHAP in validation fold, back-projected via absolute PCA loadings"
Combined,MLP,3,original__glcm__SumAverage,0.0022984356316966266,0.005072545672198832,"mean absolute MLP SHAP in validation fold, back-projected via absolute PCA loadings"
Combined,MLP,3,original__glcm__SumEntropy,0.0015361956451643553,0.0033903157713305386,"mean absolute MLP SHAP in validation fold, back-projected via absolute PCA loadings"
Combined,MLP,3,original__glcm__SumSquares,0.0033614255904713067,0.007418517445614596,"mean absolute MLP SHAP in validation fold, back-projected via absolute PCA loadings"
Combined,MLP,3,original__gldm__DependenceEntropy,0.0030892315354000503,0.006817797217904432,"mean absolute MLP SHAP in validation fold, back-projected via absolute PCA loadings"
Combined,MLP,3,original__gldm__DependenceNonUniformity,0.004165640961435242,0.009193385161395526,"mean absolute MLP SHAP in validation fold, back-projected via absolute PCA loadings"
Combined,MLP,3,original__gldm__DependenceNonUniformityNormalized,0.0032197635815568344,0.007105875664254958,"mean absolute MLP SHAP in validation fold, back-projected via absolute PCA loadings"
Combined,MLP,3,original__gldm__DependenceVariance,0.003400657562680069,0.007505100671220301,"mean absolute MLP SHAP in validation fold, back-projected via absolute PCA loadings"
Combined,MLP,3,original__gldm__GrayLevelNonUniformity,0.003610110351577319,0.007967353702455486,"mean absolute MLP SHAP in validation fold, back-projected via absolute PCA loadings"
Combined,MLP,3,original__gldm__GrayLevelVariance,0.0032033939523752612,0.0070697486174430375,"mean absolute MLP SHAP in validation fold, back-projected via absolute PCA loadings"
Combined,MLP,3,original__gldm__HighGrayLevelEmphasis,0.0026846160917563264,0.005924828848786021,"mean absolute MLP SHAP in validation fold, back-projected via absolute PCA loadings"
Combined,MLP,3,original__gldm__LargeDependenceEmphasis,0.003226256546735792,0.00712020535091838,"mean absolute MLP SHAP in validation fold, back-projected via absolute PCA loadings"
Combined,MLP,3,original__gldm__LargeDependenceHighGrayLevelEmphasis,0.003108424401728973,0.006860155024097161,"mean absolute MLP SHAP in validation fold, back-projected via absolute PCA loadings"
Combined,MLP,3,original__gldm__LargeDependenceLowGrayLevelEmphasis,0.0020126545657828646,0.004441839513146141,"mean absolute MLP SHAP in validation fold, back-projected via absolute PCA loadings"
Combined,MLP,3,original__gldm__LowGrayLevelEmphasis,0.002452282412598392,0.005412078705833935,"mean absolute MLP SHAP in validation fold, back-projected via absolute PCA loadings"
Combined,MLP,3,original__gldm__SmallDependenceEmphasis,0.0029103180894430682,0.006422943164359609,"mean absolute MLP SHAP in validation fold, back-projected via absolute PCA loadings"
Combined,MLP,3,original__gldm__SmallDependenceHighGrayLevelEmphasis,0.0019027635766417075,0.004199314965712916,"mean absolute MLP SHAP in validation fold, back-projected via absolute PCA loadings"
Combined,MLP,3,original__gldm__SmallDependenceLowGrayLevelEmphasis,0.003403391657429459,0.007511134697275737,"mean absolute MLP SHAP in validation fold, back-projected via absolute PCA loadings"
Combined,MLP,3,original__glrlm__GrayLevelNonUniformity,0.003632599631349429,0.008016986547163292,"mean absolute MLP SHAP in validation fold, back-projected via absolute PCA loadings"
Combined,MLP,3,original__glrlm__GrayLevelNonUniformityNormalized,0.0014041536782946622,0.0030989049968208047,"mean absolute MLP SHAP in validation fold, back-projected via absolute PCA loadings"
Combined,MLP,3,original__glrlm__GrayLevelVariance,0.00309083697241975,0.006821340346323588,"mean absolute MLP SHAP in validation fold, back-projected via absolute PCA loadings"
Combined,MLP,3,original__glrlm__HighGrayLevelRunEmphasis,0.002698191730360245,0.005954789682101509,"mean absolute MLP SHAP in validation fold, back-projected via absolute PCA loadings"
Combined,MLP,3,original__glrlm__LongRunEmphasis,0.0035170887465044397,0.0077620591387416804,"mean absolute MLP SHAP in validation fold, back-projected via absolute PCA loadings"
Combined,MLP,3,original__glrlm__LongRunHighGrayLevelEmphasis,0.0034008259961117835,0.007505472396346433,"mean absolute MLP SHAP in validation fold, back-projected via absolute PCA loadings"
Combined,MLP,3,original__glrlm__LongRunLowGrayLevelEmphasis,0.002090417237255922,0.0046134582860191085,"mean absolute MLP SHAP in validation fold, back-projected via absolute PCA loadings"
Combined,MLP,3,original__glrlm__LowGrayLevelRunEmphasis,0.002353478634519344,0.00519402314231058,"mean absolute MLP SHAP in validation fold, back-projected via absolute PCA loadings"
Combined,MLP,3,original__glrlm__RunEntropy,0.003131830871429505,0.006911812066366926,"mean absolute MLP SHAP in validation fold, back-projected via absolute PCA loadings"
Combined,MLP,3,original__glrlm__RunLengthNonUniformity,0.00386207988586833,0.008523439308277023,"mean absolute MLP SHAP in validation fold, back-projected via absolute PCA loadings"
Combined,MLP,3,original__glrlm__RunLengthNonUniformityNormalized,0.00287468611803134,0.006344304981117098,"mean absolute MLP SHAP in validation fold, back-projected via absolute PCA loadings"
Combined,MLP,3,original__glrlm__RunPercentage,0.0031976666143104064,0.007057108635921061,"mean absolute MLP SHAP in validation fold, back-projected via absolute PCA loadings"
Combined,MLP,3,original__glrlm__RunVariance,0.0035241775348005314,0.007777703780643587,"mean absolute MLP SHAP in validation fold, back-projected via absolute PCA loadings"
Combined,MLP,3,original__glrlm__ShortRunEmphasis,0.003073653225896665,0.006783416578585314,"mean absolute MLP SHAP in validation fold, back-projected via absolute PCA loadings"
Combined,MLP,3,original__glrlm__ShortRunHighGrayLevelEmphasis,0.002450437712023004,0.005408007533341156,"mean absolute MLP SHAP in validation fold, back-projected via absolute PCA loadings"
Combined,MLP,3,original__glrlm__ShortRunLowGrayLevelEmphasis,0.002543172415997817,0.005612668919034539,"mean absolute MLP SHAP in validation fold, back-projected via absolute PCA loadings"
Combined,MLP,3,original__glszm__GrayLevelNonUniformity,0.0036234775875403635,0.00799685460036993,"mean absolute MLP SHAP in validation fold, back-projected via absolute PCA loadings"
Combined,MLP,3,original__glszm__GrayLevelNonUniformityNormalized,0.0016168937566058226,0.0035684129302424325,"mean absolute MLP SHAP in validation fold, back-projected via absolute PCA loadings"
Combined,MLP,3,original__glszm__GrayLevelVariance,0.0028355984088383342,0.006258040137599689,"mean absolute MLP SHAP in validation fold, back-projected via absolute PCA loadings"
Combined,MLP,3,original__glszm__HighGrayLevelZoneEmphasis,0.0027283949061088003,0.006021446753684107,"mean absolute MLP SHAP in validation fold, back-projected via absolute PCA loadings"
Combined,MLP,3,original__glszm__LargeAreaEmphasis,0.003291867964843594,0.007265006845630627,"mean absolute MLP SHAP in validation fold, back-projected via absolute PCA loadings"
Combined,MLP,3,original__glszm__LargeAreaHighGrayLevelEmphasis,0.0038545995580632525,0.008506930556014829,"mean absolute MLP SHAP in validation fold, back-projected via absolute PCA loadings"
Combined,MLP,3,original__glszm__LargeAreaLowGrayLevelEmphasis,0.003836133192087082,0.008466176103933647,"mean absolute MLP SHAP in validation fold, back-projected via absolute PCA loadings"
Combined,MLP,3,original__glszm__LowGrayLevelZoneEmphasis,0.00231896255580695,0.005117847684847545,"mean absolute MLP SHAP in validation fold, back-projected via absolute PCA loadings"
Combined,MLP,3,original__glszm__SizeZoneNonUniformity,0.003803093358184025,0.008393258653401693,"mean absolute MLP SHAP in validation fold, back-projected via absolute PCA loadings"
Combined,MLP,3,original__glszm__SizeZoneNonUniformityNormalized,0.003973721203391928,0.008769826752951675,"mean absolute MLP SHAP in validation fold, back-projected via absolute PCA loadings"
Combined,MLP,3,original__glszm__SmallAreaEmphasis,0.003930496524688418,0.0086744318008956,"mean absolute MLP SHAP in validation fold, back-projected via absolute PCA loadings"
Combined,MLP,3,original__glszm__SmallAreaHighGrayLevelEmphasis,0.0026016642228980065,0.005741757747043889,"mean absolute MLP SHAP in validation fold, back-projected via absolute PCA loadings"
Combined,MLP,3,original__glszm__SmallAreaLowGrayLevelEmphasis,0.002691654300727417,0.00594036186435713,"mean absolute MLP SHAP in validation fold, back-projected via absolute PCA loadings"
Combined,MLP,3,original__glszm__ZoneEntropy,0.0042690255844232685,0.009421550446808678,"mean absolute MLP SHAP in validation fold, back-projected via absolute PCA loadings"
Combined,MLP,3,original__glszm__ZonePercentage,0.0028686327167637498,0.00633094539254366,"mean absolute MLP SHAP in validation fold, back-projected via absolute PCA loadings"
Combined,MLP,3,original__glszm__ZoneVariance,0.003300151416363599,0.007283288056372062,"mean absolute MLP SHAP in validation fold, back-projected via absolute PCA loadings"
Combined,MLP,3,original__ngtdm__Busyness,0.00370027196085038,0.008166336382070032,"mean absolute MLP SHAP in validation fold, back-projected via absolute PCA loadings"
Combined,MLP,3,original__ngtdm__Coarseness,0.0029269348266810526,0.006459615567710919,"mean absolute MLP SHAP in validation fold, back-projected via absolute PCA loadings"
Combined,MLP,3,original__ngtdm__Complexity,0.004003981297277064,0.008836609440341564,"mean absolute MLP SHAP in validation fold, back-projected via absolute PCA loadings"
Combined,MLP,3,original__ngtdm__Contrast,0.004251486647592304,0.00938284278978754,"mean absolute MLP SHAP in validation fold, back-projected via absolute PCA loadings"
Combined,MLP,3,original__ngtdm__Strength,0.002421760196757132,0.005344717526892755,"mean absolute MLP SHAP in validation fold, back-projected via absolute PCA loadings"
Combined,MLP,3,Age,0.004110188281889251,0.009071003552894613,"mean absolute MLP SHAP in validation fold, back-projected via absolute PCA loadings"
Combined,MLP,3,Sex,0.003509485025294723,0.0077452780626988925,"mean absolute MLP SHAP in validation fold, back-projected via absolute PCA loadings"
Combined,MLP,3,High blood pressure,0.003503789077438289,0.007732707357977048,"mean absolute MLP SHAP in validation fold, back-projected via absolute PCA loadings"
Combined,MLP,3,Degenerative brain disease,0.004077317771276558,0.008998459791367429,"mean absolute MLP SHAP in validation fold, back-projected via absolute PCA loadings"
Combined,MLP,3,type of degenerative brain disease,0.004077979775707934,0.008999920805836158,"mean absolute MLP SHAP in validation fold, back-projected via absolute PCA loadings"
Combined,MLP,3,WBC,0.00545164897526165,0.012031547907825303,"mean absolute MLP SHAP in validation fold, back-projected via absolute PCA loadings"
Combined,MLP,3,RBC,0.005101382055160266,0.011258524323796041,"mean absolute MLP SHAP in validation fold, back-projected via absolute PCA loadings"
Combined,MLP,3,hemoglobin,0.005090774189779249,0.011235113234580535,"mean absolute MLP SHAP in validation fold, back-projected via absolute PCA loadings"
Combined,MLP,3,Anemia,0.004665262322006364,0.010296027382632047,"mean absolute MLP SHAP in validation fold, back-projected via absolute PCA loadings"
Combined,MLP,3,platelet count,0.0037264036808233435,0.00822400793102619,"mean absolute MLP SHAP in validation fold, back-projected via absolute PCA loadings"
Combined,MLP,3,PTT,0.0037325028689442893,0.008237468569157696,"mean absolute MLP SHAP in validation fold, back-projected via absolute PCA loadings"
Combined,MLP,3,PT,0.003684739224042363,0.008132056319671788,"mean absolute MLP SHAP in validation fold, back-projected via absolute PCA loadings"
Combined,MLP,3,INR,0.004011741943285991,0.008853736842468108,"mean absolute MLP SHAP in validation fold, back-projected via absolute PCA loadings"
Combined,MLP,3,Creatinin,0.004186579139858538,0.009239594794104019,"mean absolute MLP SHAP in validation fold, back-projected via absolute PCA loadings"
Combined,MLP,3,on admission GCS,0.004117197343349369,0.009086472241199559,"mean absolute MLP SHAP in validation fold, back-projected via absolute PCA loadings"
Combined,MLP,3,Contusion,0.003949018337384485,0.008715308621432601,"mean absolute MLP SHAP in validation fold, back-projected via absolute PCA loadings"
Combined,MLP,3,Intraparenchymal,0.00400465364715732,0.008838093286757909,"mean absolute MLP SHAP in validation fold, back-projected via absolute PCA loadings"
Combined,MLP,3,Subdural,0.004590746444288911,0.010131574139820652,"mean absolute MLP SHAP in validation fold, back-projected via absolute PCA loadings"
Combined,MLP,3,Subarachnoid,0.0027206798428338684,0.006004419950633239,"mean absolute MLP SHAP in validation fold, back-projected via absolute PCA loadings"
Combined,MLP,3,Epidural,0.004627328033162746,0.010212308086756184,"mean absolute MLP SHAP in validation fold, back-projected via absolute PCA loadings"
Combined,MLP,3,IVH,0.003470221204845051,0.007658624549435632,"mean absolute MLP SHAP in validation fold, back-projected via absolute PCA loadings"
Combined,MLP,3,type_of_hemorrhage_num,0.004151377659002028,0.00916190668445621,"mean absolute MLP SHAP in validation fold, back-projected via absolute PCA loadings"
Combined,MLP,3,leukocytosis,0.0038729605112203646,0.008547452366671674,"mean absolute MLP SHAP in validation fold, back-projected via absolute PCA loadings"
Combined,MLP,3,thrombocytopenia,0.004319657959392681,0.009533293856535865,"mean absolute MLP SHAP in validation fold, back-projected via absolute PCA loadings"
Combined,MLP,3,long PTT,0.0036913705290888793,0.00814669131629769,"mean absolute MLP SHAP in validation fold, back-projected via absolute PCA loadings"
Combined,MLP,3,long PT,0.003929834040802083,0.008672969728291003,"mean absolute MLP SHAP in validation fold, back-projected via absolute PCA loadings"
Combined,MLP,3,long INR,0.004129464618674823,0.009113545574689377,"mean absolute MLP SHAP in validation fold, back-projected via absolute PCA loadings"
Combined,MLP,3,kidney failure,0.005008012514083608,0.011052461880727326,"mean absolute MLP SHAP in validation fold, back-projected via absolute PCA loadings"
Combined,MLP,4,original__shape__Elongation,0.003050212954212672,0.007436830476850656,"mean absolute MLP SHAP in validation fold, back-projected via absolute PCA loadings"
Combined,MLP,4,original__shape__Flatness,0.00292321470673039,0.0071271916248883856,"mean absolute MLP SHAP in validation fold, back-projected via absolute PCA loadings"
Combined,MLP,4,original__shape__LeastAxisLength,0.0028173314757443495,0.0068690340303188425,"mean absolute MLP SHAP in validation fold, back-projected via absolute PCA loadings"
Combined,MLP,4,original__shape__MajorAxisLength,0.004269450398008011,0.010409495768305735,"mean absolute MLP SHAP in validation fold, back-projected via absolute PCA loadings"
Combined,MLP,4,original__shape__Maximum2DDiameterColumn,0.0032631275051399344,0.007955944861672207,"mean absolute MLP SHAP in validation fold, back-projected via absolute PCA loadings"
Combined,MLP,4,original__shape__Maximum2DDiameterRow,0.006063411850537795,0.01478341568955021,"mean absolute MLP SHAP in validation fold, back-projected via absolute PCA loadings"
Combined,MLP,4,original__shape__Maximum2DDiameterSlice,0.004558290194004616,0.011113726138460114,"mean absolute MLP SHAP in validation fold, back-projected via absolute PCA loadings"
Combined,MLP,4,original__shape__Maximum3DDiameter,0.00391032190953991,0.009533892088091783,"mean absolute MLP SHAP in validation fold, back-projected via absolute PCA loadings"
Combined,MLP,4,original__shape__MeshVolume,0.003546031071944469,0.008645701904607847,"mean absolute MLP SHAP in validation fold, back-projected via absolute PCA loadings"
Combined,MLP,4,original__shape__MinorAxisLength,0.003440760191900257,0.008389037304204641,"mean absolute MLP SHAP in validation fold, back-projected via absolute PCA loadings"
Combined,MLP,4,original__shape__Sphericity,0.0026606517688279917,0.006487027777971665,"mean absolute MLP SHAP in validation fold, back-projected via absolute PCA loadings"
Combined,MLP,4,original__shape__SurfaceArea,0.002370358128889225,0.005779252740248182,"mean absolute MLP SHAP in validation fold, back-projected via absolute PCA loadings"
Combined,MLP,4,original__shape__SurfaceVolumeRatio,0.004485885275607523,0.010937193184239424,"mean absolute MLP SHAP in validation fold, back-projected via absolute PCA loadings"
Combined,MLP,4,original__shape__VoxelVolume,0.003514940587438577,0.008569899111103172,"mean absolute MLP SHAP in validation fold, back-projected via absolute PCA loadings"
Combined,MLP,4,original__firstorder__10Percentile,0.004401217291117115,0.010730761221316259,"mean absolute MLP SHAP in validation fold, back-projected via absolute PCA loadings"
Combined,MLP,4,original__firstorder__90Percentile,0.002046668062874028,0.004990052712535041,"mean absolute MLP SHAP in validation fold, back-projected via absolute PCA loadings"
Combined,MLP,4,original__firstorder__Energy,0.0024156641648547354,0.005889714965053914,"mean absolute MLP SHAP in validation fold, back-projected via absolute PCA loadings"
Combined,MLP,4,original__firstorder__Entropy,0.0016431014540838854,0.004006102902884951,"mean absolute MLP SHAP in validation fold, back-projected via absolute PCA loadings"
Combined,MLP,4,original__firstorder__InterquartileRange,0.0030980919276644234,0.007553565870185912,"mean absolute MLP SHAP in validation fold, back-projected via absolute PCA loadings"
Combined,MLP,4,original__firstorder__Kurtosis,0.005307746826850399,0.012941002466995694,"mean absolute MLP SHAP in validation fold, back-projected via absolute PCA loadings"
Combined,MLP,4,original__firstorder__Maximum,0.004398783496412268,0.01072482730164996,"mean absolute MLP SHAP in validation fold, back-projected via absolute PCA loadings"
Combined,MLP,4,original__firstorder__MeanAbsoluteDeviation,0.0009689019186781156,0.002362313525668047,"mean absolute MLP SHAP in validation fold, back-projected via absolute PCA loadings"
Combined,MLP,4,original__firstorder__Mean,0.002162354465799754,0.005272111762165344,"mean absolute MLP SHAP in validation fold, back-projected via absolute PCA loadings"
Combined,MLP,4,original__firstorder__Median,0.0027330070007250385,0.006663439589805455,"mean absolute MLP SHAP in validation fold, back-projected via absolute PCA loadings"
Combined,MLP,4,original__firstorder__Minimum,0.0014517365799717758,0.003539529535923767,"mean absolute MLP SHAP in validation fold, back-projected via absolute PCA loadings"
Combined,MLP,4,original__firstorder__Range,0.002446017456131825,0.005963720382062725,"mean absolute MLP SHAP in validation fold, back-projected via absolute PCA loadings"
Combined,MLP,4,original__firstorder__RobustMeanAbsoluteDeviation,0.0030137181126611142,0.007347851132138472,"mean absolute MLP SHAP in validation fold, back-projected via absolute PCA loadings"
Combined,MLP,4,original__firstorder__RootMeanSquared,0.002103123038002158,0.005127697554355961,"mean absolute MLP SHAP in validation fold, back-projected via absolute PCA loadings"
Combined,MLP,4,original__firstorder__Skewness,0.004000734345204614,0.009754329797566769,"mean absolute MLP SHAP in validation fold, back-projected via absolute PCA loadings"
Combined,MLP,4,original__firstorder__TotalEnergy,0.001986334211235528,0.004842950646749343,"mean absolute MLP SHAP in validation fold, back-projected via absolute PCA loadings"
Combined,MLP,4,original__firstorder__Uniformity,0.0017508292069444678,0.004268757690502234,"mean absolute MLP SHAP in validation fold, back-projected via absolute PCA loadings"
Combined,MLP,4,original__firstorder__Variance,0.0028179861969895824,0.006870630328998141,"mean absolute MLP SHAP in validation fold, back-projected via absolute PCA loadings"
Combined,MLP,4,original__glcm__Autocorrelation,0.0013709766292494072,0.003342625886291181,"mean absolute MLP SHAP in validation fold, back-projected via absolute PCA loadings"
Combined,MLP,4,original__glcm__ClusterProminence,0.001506061629493198,0.003671981331913735,"mean absolute MLP SHAP in validation fold, back-projected via absolute PCA loadings"
Combined,MLP,4,original__glcm__ClusterShade,0.004470066112579531,0.010898623931701707,"mean absolute MLP SHAP in validation fold, back-projected via absolute PCA loadings"
Combined,MLP,4,original__glcm__ClusterTendency,0.001492205519830454,0.0036381982681810334,"mean absolute MLP SHAP in validation fold, back-projected via absolute PCA loadings"
Combined,MLP,4,original__glcm__Contrast,0.0023112136699460924,0.0056350505742329676,"mean absolute MLP SHAP in validation fold, back-projected via absolute PCA loadings"
Combined,MLP,4,original__glcm__Correlation,0.0033256129109288327,0.008108292706594794,"mean absolute MLP SHAP in validation fold, back-projected via absolute PCA loadings"
Combined,MLP,4,original__glcm__DifferenceAverage,0.0017492672020886048,0.004264949312040977,"mean absolute MLP SHAP in validation fold, back-projected via absolute PCA loadings"
Combined,MLP,4,original__glcm__DifferenceEntropy,0.0013399068433688037,0.003266873558825987,"mean absolute MLP SHAP in validation fold, back-projected via absolute PCA loadings"
Combined,MLP,4,original__glcm__DifferenceVariance,0.0026988711474268735,0.00658021177654393,"mean absolute MLP SHAP in validation fold, back-projected via absolute PCA loadings"
Combined,MLP,4,original__glcm__Id,0.0017592634061761997,0.004289321405507033,"mean absolute MLP SHAP in validation fold, back-projected via absolute PCA loadings"
Combined,MLP,4,original__glcm__Idm,0.0023416934811687005,0.005709364463929058,"mean absolute MLP SHAP in validation fold, back-projected via absolute PCA loadings"
Combined,MLP,4,original__glcm__Idmn,0.0020364135868720192,0.0049650509173159415,"mean absolute MLP SHAP in validation fold, back-projected via absolute PCA loadings"
Combined,MLP,4,original__glcm__Idn,0.0021055109236592677,0.0051335195415734445,"mean absolute MLP SHAP in validation fold, back-projected via absolute PCA loadings"
Combined,MLP,4,original__glcm__Imc1,0.003967835853289163,0.009674118838203636,"mean absolute MLP SHAP in validation fold, back-projected via absolute PCA loadings"
Combined,MLP,4,original__glcm__Imc2,0.003131432979934263,0.007634855851368427,"mean absolute MLP SHAP in validation fold, back-projected via absolute PCA loadings"
Combined,MLP,4,original__glcm__InverseVariance,0.0019036458773930235,0.004641345339044305,"mean absolute MLP SHAP in validation fold, back-projected via absolute PCA loadings"
Combined,MLP,4,original__glcm__JointAverage,0.0018648653392429086,0.004546793157818686,"mean absolute MLP SHAP in validation fold, back-projected via absolute PCA loadings"
Combined,MLP,4,original__glcm__JointEnergy,0.002211827524546419,0.005392733750398028,"mean absolute MLP SHAP in validation fold, back-projected via absolute PCA loadings"
Combined,MLP,4,original__glcm__JointEntropy,0.0014295421799125128,0.003485416595858982,"mean absolute MLP SHAP in validation fold, back-projected via absolute PCA loadings"
Combined,MLP,4,original__glcm__MCC,0.0026635238830274733,0.006494030379669425,"mean absolute MLP SHAP in validation fold, back-projected via absolute PCA loadings"
Combined,MLP,4,original__glcm__MaximumProbability,0.0019377719524986384,0.004724549311753889,"mean absolute MLP SHAP in validation fold, back-projected via absolute PCA loadings"
Combined,MLP,4,original__glcm__SumAverage,0.0014194237264589136,0.0034607464419543522,"mean absolute MLP SHAP in validation fold, back-projected via absolute PCA loadings"
Combined,MLP,4,original__glcm__SumEntropy,0.0013710422168891744,0.003342785797800852,"mean absolute MLP SHAP in validation fold, back-projected via absolute PCA loadings"
Combined,MLP,4,original__glcm__SumSquares,0.0014783401874586906,0.0036043927182401406,"mean absolute MLP SHAP in validation fold, back-projected via absolute PCA loadings"
Combined,MLP,4,original__gldm__DependenceEntropy,0.0027929596203801264,0.006809612160609803,"mean absolute MLP SHAP in validation fold, back-projected via absolute PCA loadings"
Combined,MLP,4,original__gldm__DependenceNonUniformity,0.002112641725647641,0.005150905398347241,"mean absolute MLP SHAP in validation fold, back-projected via absolute PCA loadings"
Combined,MLP,4,original__gldm__DependenceNonUniformityNormalized,0.003197536028369651,0.0077960239968705575,"mean absolute MLP SHAP in validation fold, back-projected via absolute PCA loadings"
Combined,MLP,4,original__gldm__DependenceVariance,0.0037484037574484217,0.009139113800049222,"mean absolute MLP SHAP in validation fold, back-projected via absolute PCA loadings"
Combined,MLP,4,original__gldm__GrayLevelNonUniformity,0.002173352449952087,0.005298926330510491,"mean absolute MLP SHAP in validation fold, back-projected via absolute PCA loadings"
Combined,MLP,4,original__gldm__GrayLevelVariance,0.0013541745763756066,0.003301660215775304,"mean absolute MLP SHAP in validation fold, back-projected via absolute PCA loadings"
Combined,MLP,4,original__gldm__HighGrayLevelEmphasis,0.0018989910050010476,0.004629996132483928,"mean absolute MLP SHAP in validation fold, back-projected via absolute PCA loadings"
Combined,MLP,4,original__gldm__LargeDependenceEmphasis,0.0028480512692877747,0.006943933029272598,"mean absolute MLP SHAP in validation fold, back-projected via absolute PCA loadings"
Combined,MLP,4,original__gldm__LargeDependenceHighGrayLevelEmphasis,0.002523721483657187,0.0061531732788765526,"mean absolute MLP SHAP in validation fold, back-projected via absolute PCA loadings"
Combined,MLP,4,original__gldm__LargeDependenceLowGrayLevelEmphasis,0.002515164974127247,0.006132311354872251,"mean absolute MLP SHAP in validation fold, back-projected via absolute PCA loadings"
Combined,MLP,4,original__gldm__LowGrayLevelEmphasis,0.002210921492973148,0.005390524723251977,"mean absolute MLP SHAP in validation fold, back-projected via absolute PCA loadings"
Combined,MLP,4,original__gldm__SmallDependenceEmphasis,0.0023388101422084522,0.005702334494750988,"mean absolute MLP SHAP in validation fold, back-projected via absolute PCA loadings"
Combined,MLP,4,original__gldm__SmallDependenceHighGrayLevelEmphasis,0.0019784789108538287,0.004823798365200359,"mean absolute MLP SHAP in validation fold, back-projected via absolute PCA loadings"
Combined,MLP,4,original__gldm__SmallDependenceLowGrayLevelEmphasis,0.0032881567252642818,0.008016969475306305,"mean absolute MLP SHAP in validation fold, back-projected via absolute PCA loadings"
Combined,MLP,4,original__glrlm__GrayLevelNonUniformity,0.0021282778057622564,0.005189028270055019,"mean absolute MLP SHAP in validation fold, back-projected via absolute PCA loadings"
Combined,MLP,4,original__glrlm__GrayLevelNonUniformityNormalized,0.0016202120008689824,0.00395029532950489,"mean absolute MLP SHAP in validation fold, back-projected via absolute PCA loadings"
Combined,MLP,4,original__glrlm__GrayLevelVariance,0.0012818594464859205,0.0031253461780428636,"mean absolute MLP SHAP in validation fold, back-projected via absolute PCA loadings"
Combined,MLP,4,original__glrlm__HighGrayLevelRunEmphasis,0.0018847150427336607,0.004595189411487663,"mean absolute MLP SHAP in validation fold, back-projected via absolute PCA loadings"
Combined,MLP,4,original__glrlm__LongRunEmphasis,0.003136200490400437,0.007646479684741956,"mean absolute MLP SHAP in validation fold, back-projected via absolute PCA loadings"
Combined,MLP,4,original__glrlm__LongRunHighGrayLevelEmphasis,0.003006900077269057,0.0073312278425003265,"mean absolute MLP SHAP in validation fold, back-projected via absolute PCA loadings"
Combined,MLP,4,original__glrlm__LongRunLowGrayLevelEmphasis,0.0022651624630253414,0.0055227715221585864,"mean absolute MLP SHAP in validation fold, back-projected via absolute PCA loadings"
Combined,MLP,4,original__glrlm__LowGrayLevelRunEmphasis,0.00259182331855249,0.006319214735286789,"mean absolute MLP SHAP in validation fold, back-projected via absolute PCA loadings"
Combined,MLP,4,original__glrlm__RunEntropy,0.00269137374649653,0.006561932102116955,"mean absolute MLP SHAP in validation fold, back-projected via absolute PCA loadings"
Combined,MLP,4,original__glrlm__RunLengthNonUniformity,0.0023272563711230726,0.005674164842920076,"mean absolute MLP SHAP in validation fold, back-projected via absolute PCA loadings"
Combined,MLP,4,original__glrlm__RunLengthNonUniformityNormalized,0.0024153650950419748,0.005888985792523461,"mean absolute MLP SHAP in validation fold, back-projected via absolute PCA loadings"
Combined,MLP,4,original__glrlm__RunPercentage,0.0027883095866257923,0.006798274751300445,"mean absolute MLP SHAP in validation fold, back-projected via absolute PCA loadings"
Combined,MLP,4,original__glrlm__RunVariance,0.0047288451391448855,0.01152956209255144,"mean absolute MLP SHAP in validation fold, back-projected via absolute PCA loadings"
Combined,MLP,4,original__glrlm__ShortRunEmphasis,0.002174833334920001,0.0053025369277466235,"mean absolute MLP SHAP in validation fold, back-projected via absolute PCA loadings"
Combined,MLP,4,original__glrlm__ShortRunHighGrayLevelEmphasis,0.0012343611617503716,0.003009538955130246,"mean absolute MLP SHAP in validation fold, back-projected via absolute PCA loadings"
Combined,MLP,4,original__glrlm__ShortRunLowGrayLevelEmphasis,0.0026588824690790304,0.006482713986609134,"mean absolute MLP SHAP in validation fold, back-projected via absolute PCA loadings"
Combined,MLP,4,original__glszm__GrayLevelNonUniformity,0.0025912568820206407,0.006317833686643139,"mean absolute MLP SHAP in validation fold, back-projected via absolute PCA loadings"
Combined,MLP,4,original__glszm__GrayLevelNonUniformityNormalized,0.0022293904354112755,0.005435554495291131,"mean absolute MLP SHAP in validation fold, back-projected via absolute PCA loadings"
Combined,MLP,4,original__glszm__GrayLevelVariance,0.0016128470727128183,0.003932338641564157,"mean absolute MLP SHAP in validation fold, back-projected via absolute PCA loadings"
Combined,MLP,4,original__glszm__HighGrayLevelZoneEmphasis,0.0019035174344281943,0.004641032177776644,"mean absolute MLP SHAP in validation fold, back-projected via absolute PCA loadings"
Combined,MLP,4,original__glszm__LargeAreaEmphasis,0.002492437041048356,0.0060768975893633614,"mean absolute MLP SHAP in validation fold, back-projected via absolute PCA loadings"
Combined,MLP,4,original__glszm__LargeAreaHighGrayLevelEmphasis,0.0029333753169117727,0.007151964562579816,"mean absolute MLP SHAP in validation fold, back-projected via absolute PCA loadings"
Combined,MLP,4,original__glszm__LargeAreaLowGrayLevelEmphasis,0.005196512848493675,0.012669799028835043,"mean absolute MLP SHAP in validation fold, back-projected via absolute PCA loadings"
Combined,MLP,4,original__glszm__LowGrayLevelZoneEmphasis,0.0023332243721878618,0.005688715634248664,"mean absolute MLP SHAP in validation fold, back-projected via absolute PCA loadings"
Combined,MLP,4,original__glszm__SizeZoneNonUniformity,0.0028979159634694852,0.0070655098775045284,"mean absolute MLP SHAP in validation fold, back-projected via absolute PCA loadings"
Combined,MLP,4,original__glszm__SizeZoneNonUniformityNormalized,0.002196523703862307,0.00535542097198409,"mean absolute MLP SHAP in validation fold, back-projected via absolute PCA loadings"
Combined,MLP,4,original__glszm__SmallAreaEmphasis,0.0023773267123678317,0.005796243086421423,"mean absolute MLP SHAP in validation fold, back-projected via absolute PCA loadings"
Combined,MLP,4,original__glszm__SmallAreaHighGrayLevelEmphasis,0.0013918974792955503,0.0033936337396969244,"mean absolute MLP SHAP in validation fold, back-projected via absolute PCA loadings"
Combined,MLP,4,original__glszm__SmallAreaLowGrayLevelEmphasis,0.0020240551663869943,0.004934919421748776,"mean absolute MLP SHAP in validation fold, back-projected via absolute PCA loadings"
Combined,MLP,4,original__glszm__ZoneEntropy,0.003805782448742757,0.009279010786438379,"mean absolute MLP SHAP in validation fold, back-projected via absolute PCA loadings"
Combined,MLP,4,original__glszm__ZonePercentage,0.0023246191462257633,0.005667734933013775,"mean absolute MLP SHAP in validation fold, back-projected via absolute PCA loadings"
Combined,MLP,4,original__glszm__ZoneVariance,0.0024870382941682683,0.006063734716496014,"mean absolute MLP SHAP in validation fold, back-projected via absolute PCA loadings"
Combined,MLP,4,original__ngtdm__Busyness,0.002869054952017381,0.006995142839929885,"mean absolute MLP SHAP in validation fold, back-projected via absolute PCA loadings"
Combined,MLP,4,original__ngtdm__Coarseness,0.002556698538190278,0.0062335757844949715,"mean absolute MLP SHAP in validation fold, back-projected via absolute PCA loadings"
Combined,MLP,4,original__ngtdm__Complexity,0.0036485981956345254,0.00889577438244178,"mean absolute MLP SHAP in validation fold, back-projected via absolute PCA loadings"
Combined,MLP,4,original__ngtdm__Contrast,0.002415637034604053,0.005889648817844474,"mean absolute MLP SHAP in validation fold, back-projected via absolute PCA loadings"
Combined,MLP,4,original__ngtdm__Strength,0.003325438967726338,0.008107868609612396,"mean absolute MLP SHAP in validation fold, back-projected via absolute PCA loadings"
Combined,MLP,4,Age,0.00364983785403167,0.008898796836771087,"mean absolute MLP SHAP in validation fold, back-projected via absolute PCA loadings"
Combined,MLP,4,Sex,0.004967571079602433,0.012111608125487453,"mean absolute MLP SHAP in validation fold, back-projected via absolute PCA loadings"
Combined,MLP,4,High blood pressure,0.007356431200839388,0.01793597121791089,"mean absolute MLP SHAP in validation fold, back-projected via absolute PCA loadings"
Combined,MLP,4,Degenerative brain disease,0.004624658564258916,0.011275541174333074,"mean absolute MLP SHAP in validation fold, back-projected via absolute PCA loadings"
Combined,MLP,4,type of degenerative brain disease,0.004624658564258916,0.011275541174333074,"mean absolute MLP SHAP in validation fold, back-projected via absolute PCA loadings"
Combined,MLP,4,WBC,0.003680498117143611,0.008973550692505728,"mean absolute MLP SHAP in validation fold, back-projected via absolute PCA loadings"
Combined,MLP,4,RBC,0.003960262356524826,0.00965565363187253,"mean absolute MLP SHAP in validation fold, back-projected via absolute PCA loadings"
Combined,MLP,4,hemoglobin,0.0036029157594946654,0.008784394443256719,"mean absolute MLP SHAP in validation fold, back-projected via absolute PCA loadings"
Combined,MLP,4,Anemia,0.00442433535158354,0.010787126170001216,"mean absolute MLP SHAP in validation fold, back-projected via absolute PCA loadings"
Combined,MLP,4,platelet count,0.004708784694276207,0.011480652022986454,"mean absolute MLP SHAP in validation fold, back-projected via absolute PCA loadings"
Combined,MLP,4,PTT,0.0032215952847157916,0.007854683708022274,"mean absolute MLP SHAP in validation fold, back-projected via absolute PCA loadings"
Combined,MLP,4,PT,0.002848982548463273,0.006946203613477296,"mean absolute MLP SHAP in validation fold, back-projected via absolute PCA loadings"
Combined,MLP,4,INR,0.004577022540250413,0.01115939812450006,"mean absolute MLP SHAP in validation fold, back-projected via absolute PCA loadings"
Combined,MLP,4,Creatinin,0.00833334410793129,0.020317816613543316,"mean absolute MLP SHAP in validation fold, back-projected via absolute PCA loadings"
Combined,MLP,4,on admission GCS,0.0042906969156126734,0.010461297643132562,"mean absolute MLP SHAP in validation fold, back-projected via absolute PCA loadings"
Combined,MLP,4,Contusion,0.005350302201056522,0.013044758207529412,"mean absolute MLP SHAP in validation fold, back-projected via absolute PCA loadings"
Combined,MLP,4,Intraparenchymal,0.00541219669772493,0.01319566533633733,"mean absolute MLP SHAP in validation fold, back-projected via absolute PCA loadings"
Combined,MLP,4,Subdural,0.0037949373398151196,0.009252568948504923,"mean absolute MLP SHAP in validation fold, back-projected via absolute PCA loadings"
Combined,MLP,4,Subarachnoid,0.005706068167216342,0.013912163604949117,"mean absolute MLP SHAP in validation fold, back-projected via absolute PCA loadings"
Combined,MLP,4,Epidural,0.0037741872869834175,0.009201977521738494,"mean absolute MLP SHAP in validation fold, back-projected via absolute PCA loadings"
Combined,MLP,4,IVH,0.006033451887357038,0.014710369259477104,"mean absolute MLP SHAP in validation fold, back-projected via absolute PCA loadings"
Combined,MLP,4,type_of_hemorrhage_num,0.0038856579052565215,0.009473757919924098,"mean absolute MLP SHAP in validation fold, back-projected via absolute PCA loadings"
Combined,MLP,4,leukocytosis,0.004208810657692064,0.010261647904678014,"mean absolute MLP SHAP in validation fold, back-projected via absolute PCA loadings"
Combined,MLP,4,thrombocytopenia,0.005674781204093001,0.013835881770081679,"mean absolute MLP SHAP in validation fold, back-projected via absolute PCA loadings"
Combined,MLP,4,long PTT,0.004835084868807299,0.011788588878964702,"mean absolute MLP SHAP in validation fold, back-projected via absolute PCA loadings"
Combined,MLP,4,long PT,0.004291511362461402,0.010463283374370781,"mean absolute MLP SHAP in validation fold, back-projected via absolute PCA loadings"
Combined,MLP,4,long INR,0.0037612028336534552,0.00917031967368033,"mean absolute MLP SHAP in validation fold, back-projected via absolute PCA loadings"
Combined,MLP,4,kidney failure,0.0035145921193902715,0.008569049499013541,"mean absolute MLP SHAP in validation fold, back-projected via absolute PCA loadings"
Combined,MLP,5,original__shape__Elongation,0.003319668533325701,0.007732324661959496,"mean absolute MLP SHAP in validation fold, back-projected via absolute PCA loadings"
Combined,MLP,5,original__shape__Flatness,0.0037159636209251595,0.008655393410690515,"mean absolute MLP SHAP in validation fold, back-projected via absolute PCA loadings"
Combined,MLP,5,original__shape__LeastAxisLength,0.004239339936752235,0.009874465602305057,"mean absolute MLP SHAP in validation fold, back-projected via absolute PCA loadings"
Combined,MLP,5,original__shape__MajorAxisLength,0.004845635545255358,0.011286677224942528,"mean absolute MLP SHAP in validation fold, back-projected via absolute PCA loadings"
Combined,MLP,5,original__shape__Maximum2DDiameterColumn,0.003680250413005361,0.008572208563895196,"mean absolute MLP SHAP in validation fold, back-projected via absolute PCA loadings"
Combined,MLP,5,original__shape__Maximum2DDiameterRow,0.0038012253520300666,0.008853988957060731,"mean absolute MLP SHAP in validation fold, back-projected via absolute PCA loadings"
Combined,MLP,5,original__shape__Maximum2DDiameterSlice,0.0037107102829652527,0.008643157094245903,"mean absolute MLP SHAP in validation fold, back-projected via absolute PCA loadings"
Combined,MLP,5,original__shape__Maximum3DDiameter,0.0030279393048093127,0.007052815522529891,"mean absolute MLP SHAP in validation fold, back-projected via absolute PCA loadings"
Combined,MLP,5,original__shape__MeshVolume,0.0035123738964262705,0.008181182858684825,"mean absolute MLP SHAP in validation fold, back-projected via absolute PCA loadings"
Combined,MLP,5,original__shape__MinorAxisLength,0.003287774643736139,0.0076580359471184025,"mean absolute MLP SHAP in validation fold, back-projected via absolute PCA loadings"
Combined,MLP,5,original__shape__Sphericity,0.004068778311755547,0.009477185619045843,"mean absolute MLP SHAP in validation fold, back-projected via absolute PCA loadings"
Combined,MLP,5,original__shape__SurfaceArea,0.002909300415073455,0.00677647636283281,"mean absolute MLP SHAP in validation fold, back-projected via absolute PCA loadings"
Combined,MLP,5,original__shape__SurfaceVolumeRatio,0.004039107398229984,0.009408074762316199,"mean absolute MLP SHAP in validation fold, back-projected via absolute PCA loadings"
Combined,MLP,5,original__shape__VoxelVolume,0.0031848120579317106,0.007418210755692705,"mean absolute MLP SHAP in validation fold, back-projected via absolute PCA loadings"
Combined,MLP,5,original__firstorder__10Percentile,0.0028880609500275983,0.006727004423772564,"mean absolute MLP SHAP in validation fold, back-projected via absolute PCA loadings"
Combined,MLP,5,original__firstorder__90Percentile,0.0024497239104773584,0.005706009626509142,"mean absolute MLP SHAP in validation fold, back-projected via absolute PCA loadings"
Combined,MLP,5,original__firstorder__Energy,0.0029346765521313925,0.006835583628642201,"mean absolute MLP SHAP in validation fold, back-projected via absolute PCA loadings"
Combined,MLP,5,original__firstorder__Entropy,0.0012224540951124626,0.0028473963146802145,"mean absolute MLP SHAP in validation fold, back-projected via absolute PCA loadings"
Combined,MLP,5,original__firstorder__InterquartileRange,0.0032551124191993034,0.00758195759117254,"mean absolute MLP SHAP in validation fold, back-projected via absolute PCA loadings"
Combined,MLP,5,original__firstorder__Kurtosis,0.003784343700243003,0.008814667437114596,"mean absolute MLP SHAP in validation fold, back-projected via absolute PCA loadings"
Combined,MLP,5,original__firstorder__Maximum,0.0037776023093157828,0.008798965079243874,"mean absolute MLP SHAP in validation fold, back-projected via absolute PCA loadings"
Combined,MLP,5,original__firstorder__MeanAbsoluteDeviation,0.002960516322029423,0.006895770809391158,"mean absolute MLP SHAP in validation fold, back-projected via absolute PCA loadings"
Combined,MLP,5,original__firstorder__Mean,0.0030326431440998386,0.007063771921395289,"mean absolute MLP SHAP in validation fold, back-projected via absolute PCA loadings"
Combined,MLP,5,original__firstorder__Median,0.0027325129485014383,0.006364694862970026,"mean absolute MLP SHAP in validation fold, back-projected via absolute PCA loadings"
Combined,MLP,5,original__firstorder__Minimum,0.0020686187126753865,0.004818321867872302,"mean absolute MLP SHAP in validation fold, back-projected via absolute PCA loadings"
Combined,MLP,5,original__firstorder__Range,0.002673155121626205,0.0062264358819843916,"mean absolute MLP SHAP in validation fold, back-projected via absolute PCA loadings"
Combined,MLP,5,original__firstorder__RobustMeanAbsoluteDeviation,0.0031570745630620763,0.007353603306639174,"mean absolute MLP SHAP in validation fold, back-projected via absolute PCA loadings"
Combined,MLP,5,original__firstorder__RootMeanSquared,0.0030530412764389,0.007111284189611184,"mean absolute MLP SHAP in validation fold, back-projected via absolute PCA loadings"
Combined,MLP,5,original__firstorder__Skewness,0.0037451963472890696,0.008723483621725389,"mean absolute MLP SHAP in validation fold, back-projected via absolute PCA loadings"
Combined,MLP,5,original__firstorder__TotalEnergy,0.003327253452064604,0.007749991803613854,"mean absolute MLP SHAP in validation fold, back-projected via absolute PCA loadings"
Combined,MLP,5,original__firstorder__Uniformity,0.002062550574825363,0.004804187682040531,"mean absolute MLP SHAP in validation fold, back-projected via absolute PCA loadings"
Combined,MLP,5,original__firstorder__Variance,0.002839990753072083,0.0066150371096588235,"mean absolute MLP SHAP in validation fold, back-projected via absolute PCA loadings"
Combined,MLP,5,original__glcm__Autocorrelation,0.002328667255747238,0.0054240388973634,"mean absolute MLP SHAP in validation fold, back-projected via absolute PCA loadings"
Combined,MLP,5,original__glcm__ClusterProminence,0.004382140594640155,0.010207083463891565,"mean absolute MLP SHAP in validation fold, back-projected via absolute PCA loadings"
Combined,MLP,5,original__glcm__ClusterShade,0.0037743665757838784,0.008791428259848473,"mean absolute MLP SHAP in validation fold, back-projected via absolute PCA loadings"
Combined,MLP,5,original__glcm__ClusterTendency,0.0019618248980341336,0.004569572801992515,"mean absolute MLP SHAP in validation fold, back-projected via absolute PCA loadings"
Combined,MLP,5,original__glcm__Contrast,0.0015362476357961782,0.0035782986650306943,"mean absolute MLP SHAP in validation fold, back-projected via absolute PCA loadings"
Combined,MLP,5,original__glcm__Correlation,0.00452223866160712,0.010533406326378158,"mean absolute MLP SHAP in validation fold, back-projected via absolute PCA loadings"
Combined,MLP,5,original__glcm__DifferenceAverage,0.0014505642760205685,0.0033787210417645665,"mean absolute MLP SHAP in validation fold, back-projected via absolute PCA loadings"
Combined,MLP,5,original__glcm__DifferenceEntropy,0.0012396611107457673,0.0028874756870646717,"mean absolute MLP SHAP in validation fold, back-projected via absolute PCA loadings"
Combined,MLP,5,original__glcm__DifferenceVariance,0.001324340420618745,0.0030847146311084547,"mean absolute MLP SHAP in validation fold, back-projected via absolute PCA loadings"
Combined,MLP,5,original__glcm__Id,0.0014279641834568145,0.0033260798664969224,"mean absolute MLP SHAP in validation fold, back-projected via absolute PCA loadings"
Combined,MLP,5,original__glcm__Idm,0.0021115667036187024,0.004918358304106471,"mean absolute MLP SHAP in validation fold, back-projected via absolute PCA loadings"
Combined,MLP,5,original__glcm__Idmn,0.0032351718031367093,0.007535510990914835,"mean absolute MLP SHAP in validation fold, back-projected via absolute PCA loadings"
Combined,MLP,5,original__glcm__Idn,0.0026448210950080755,0.006160438963740119,"mean absolute MLP SHAP in validation fold, back-projected via absolute PCA loadings"
Combined,MLP,5,original__glcm__Imc1,0.003761199512183484,0.008760758929588285,"mean absolute MLP SHAP in validation fold, back-projected via absolute PCA loadings"
Combined,MLP,5,original__glcm__Imc2,0.0027264196682503542,0.006350502114301084,"mean absolute MLP SHAP in validation fold, back-projected via absolute PCA loadings"
Combined,MLP,5,original__glcm__InverseVariance,0.001411570264676538,0.003287894396707293,"mean absolute MLP SHAP in validation fold, back-projected via absolute PCA loadings"
Combined,MLP,5,original__glcm__JointAverage,0.0025334099187448583,0.005900934926758764,"mean absolute MLP SHAP in validation fold, back-projected via absolute PCA loadings"
Combined,MLP,5,original__glcm__JointEnergy,0.0021495775048216634,0.00500689481087272,"mean absolute MLP SHAP in validation fold, back-projected via absolute PCA loadings"
Combined,MLP,5,original__glcm__JointEntropy,0.0013464532487787572,0.0031362208477113637,"mean absolute MLP SHAP in validation fold, back-projected via absolute PCA loadings"
Combined,MLP,5,original__glcm__MCC,0.0035704078910970658,0.00831635830879986,"mean absolute MLP SHAP in validation fold, back-projected via absolute PCA loadings"
Combined,MLP,5,original__glcm__MaximumProbability,0.0016334780301100948,0.0038047721723396787,"mean absolute MLP SHAP in validation fold, back-projected via absolute PCA loadings"
Combined,MLP,5,original__glcm__SumAverage,0.0019656043003497938,0.004578375959729341,"mean absolute MLP SHAP in validation fold, back-projected via absolute PCA loadings"
Combined,MLP,5,original__glcm__SumEntropy,0.0013619402889810197,0.003172293974198105,"mean absolute MLP SHAP in validation fold, back-projected via absolute PCA loadings"
Combined,MLP,5,original__glcm__SumSquares,0.0017358324727611424,0.004043180848756218,"mean absolute MLP SHAP in validation fold, back-projected via absolute PCA loadings"
Combined,MLP,5,original__gldm__DependenceEntropy,0.002906085225916386,0.006768987396340374,"mean absolute MLP SHAP in validation fold, back-projected via absolute PCA loadings"
Combined,MLP,5,original__gldm__DependenceNonUniformity,0.0030779071562627384,0.007169202940797636,"mean absolute MLP SHAP in validation fold, back-projected via absolute PCA loadings"
Combined,MLP,5,original__gldm__DependenceNonUniformityNormalized,0.0031999427623534745,0.007453453888487055,"mean absolute MLP SHAP in validation fold, back-projected via absolute PCA loadings"
Combined,MLP,5,original__gldm__DependenceVariance,0.003931559425043805,0.009157569075660146,"mean absolute MLP SHAP in validation fold, back-projected via absolute PCA loadings"
Combined,MLP,5,original__gldm__GrayLevelNonUniformity,0.002847598660422648,0.0066327577974450045,"mean absolute MLP SHAP in validation fold, back-projected via absolute PCA loadings"
Combined,MLP,5,original__gldm__GrayLevelVariance,0.0016520075349590318,0.003847931947443429,"mean absolute MLP SHAP in validation fold, back-projected via absolute PCA loadings"
Combined,MLP,5,original__gldm__HighGrayLevelEmphasis,0.00257002947505642,0.005986230881922769,"mean absolute MLP SHAP in validation fold, back-projected via absolute PCA loadings"
Combined,MLP,5,original__gldm__LargeDependenceEmphasis,0.0030589756409649133,0.00712510678446272,"mean absolute MLP SHAP in validation fold, back-projected via absolute PCA loadings"
Combined,MLP,5,original__gldm__LargeDependenceHighGrayLevelEmphasis,0.0027542613840305314,0.006415352319493907,"mean absolute MLP SHAP in validation fold, back-projected via absolute PCA loadings"
Combined,MLP,5,original__gldm__LargeDependenceLowGrayLevelEmphasis,0.0027761957215236416,0.006466442787424392,"mean absolute MLP SHAP in validation fold, back-projected via absolute PCA loadings"
Combined,MLP,5,original__gldm__LowGrayLevelEmphasis,0.002116174171139291,0.004929090229411957,"mean absolute MLP SHAP in validation fold, back-projected via absolute PCA loadings"
Combined,MLP,5,original__gldm__SmallDependenceEmphasis,0.0029621533364600854,0.0068995838187103494,"mean absolute MLP SHAP in validation fold, back-projected via absolute PCA loadings"
Combined,MLP,5,original__gldm__SmallDependenceHighGrayLevelEmphasis,0.0016656146769095748,0.003879626328441631,"mean absolute MLP SHAP in validation fold, back-projected via absolute PCA loadings"
Combined,MLP,5,original__gldm__SmallDependenceLowGrayLevelEmphasis,0.003166217606870948,0.007374899704884661,"mean absolute MLP SHAP in validation fold, back-projected via absolute PCA loadings"
Combined,MLP,5,original__glrlm__GrayLevelNonUniformity,0.002930052856643606,0.006824813904408986,"mean absolute MLP SHAP in validation fold, back-projected via absolute PCA loadings"
Combined,MLP,5,original__glrlm__GrayLevelNonUniformityNormalized,0.0014126244114328352,0.003290349763825791,"mean absolute MLP SHAP in validation fold, back-projected via absolute PCA loadings"
Combined,MLP,5,original__glrlm__GrayLevelVariance,0.0015017184839253568,0.0034978717760545766,"mean absolute MLP SHAP in validation fold, back-projected via absolute PCA loadings"
Combined,MLP,5,original__glrlm__HighGrayLevelRunEmphasis,0.0025482214049574615,0.005935434521815398,"mean absolute MLP SHAP in validation fold, back-projected via absolute PCA loadings"
Combined,MLP,5,original__glrlm__LongRunEmphasis,0.0029452511770774467,0.006860214531529193,"mean absolute MLP SHAP in validation fold, back-projected via absolute PCA loadings"
Combined,MLP,5,original__glrlm__LongRunHighGrayLevelEmphasis,0.0032954719569609817,0.007675964883179875,"mean absolute MLP SHAP in validation fold, back-projected via absolute PCA loadings"
Combined,MLP,5,original__glrlm__LongRunLowGrayLevelEmphasis,0.0025374193485810264,0.005910273875178275,"mean absolute MLP SHAP in validation fold, back-projected via absolute PCA loadings"
Combined,MLP,5,original__glrlm__LowGrayLevelRunEmphasis,0.0026991671985860813,0.006287024408268412,"mean absolute MLP SHAP in validation fold, back-projected via absolute PCA loadings"
Combined,MLP,5,original__glrlm__RunEntropy,0.0031183547616921463,0.007263415364068009,"mean absolute MLP SHAP in validation fold, back-projected via absolute PCA loadings"
Combined,MLP,5,original__glrlm__RunLengthNonUniformity,0.003579543145060992,0.008337636562580145,"mean absolute MLP SHAP in validation fold, back-projected via absolute PCA loadings"
Combined,MLP,5,original__glrlm__RunLengthNonUniformityNormalized,0.0025662422058178574,0.005977409400187217,"mean absolute MLP SHAP in validation fold, back-projected via absolute PCA loadings"
Combined,MLP,5,original__glrlm__RunPercentage,0.0030355880245785927,0.00707063127247923,"mean absolute MLP SHAP in validation fold, back-projected via absolute PCA loadings"
Combined,MLP,5,original__glrlm__RunVariance,0.004681046141275219,0.01090330801361411,"mean absolute MLP SHAP in validation fold, back-projected via absolute PCA loadings"
Combined,MLP,5,original__glrlm__ShortRunEmphasis,0.002582307984195522,0.0060148305502556966,"mean absolute MLP SHAP in validation fold, back-projected via absolute PCA loadings"
Combined,MLP,5,original__glrlm__ShortRunHighGrayLevelEmphasis,0.002311377615702646,0.005383767072399215,"mean absolute MLP SHAP in validation fold, back-projected via absolute PCA loadings"
Combined,MLP,5,original__glrlm__ShortRunLowGrayLevelEmphasis,0.0027350663355718806,0.006370642329597524,"mean absolute MLP SHAP in validation fold, back-projected via absolute PCA loadings"
Combined,MLP,5,original__glszm__GrayLevelNonUniformity,0.004199671525979765,0.009782068115074783,"mean absolute MLP SHAP in validation fold, back-projected via absolute PCA loadings"
Combined,MLP,5,original__glszm__GrayLevelNonUniformityNormalized,0.0016771488341480421,0.0039064922180853095,"mean absolute MLP SHAP in validation fold, back-projected via absolute PCA loadings"
Combined,MLP,5,original__glszm__GrayLevelVariance,0.0031373600116655015,0.007307683266601175,"mean absolute MLP SHAP in validation fold, back-projected via absolute PCA loadings"
Combined,MLP,5,original__glszm__HighGrayLevelZoneEmphasis,0.00252183206611097,0.00587396725978996,"mean absolute MLP SHAP in validation fold, back-projected via absolute PCA loadings"
Combined,MLP,5,original__glszm__LargeAreaEmphasis,0.0033312437999533863,0.007759286305483689,"mean absolute MLP SHAP in validation fold, back-projected via absolute PCA loadings"
Combined,MLP,5,original__glszm__LargeAreaHighGrayLevelEmphasis,0.003308680655311845,0.007706731191016172,"mean absolute MLP SHAP in validation fold, back-projected via absolute PCA loadings"
Combined,MLP,5,original__glszm__LargeAreaLowGrayLevelEmphasis,0.004320110764164876,0.010062600729200982,"mean absolute MLP SHAP in validation fold, back-projected via absolute PCA loadings"
Combined,MLP,5,original__glszm__LowGrayLevelZoneEmphasis,0.0020678445752992844,0.004816518711483377,"mean absolute MLP SHAP in validation fold, back-projected via absolute PCA loadings"
Combined,MLP,5,original__glszm__SizeZoneNonUniformity,0.003443692686021276,0.008021207423879672,"mean absolute MLP SHAP in validation fold, back-projected via absolute PCA loadings"
Combined,MLP,5,original__glszm__SizeZoneNonUniformityNormalized,0.0032657765988229966,0.007606797088934457,"mean absolute MLP SHAP in validation fold, back-projected via absolute PCA loadings"
Combined,MLP,5,original__glszm__SmallAreaEmphasis,0.003429314258539541,0.007987716529140902,"mean absolute MLP SHAP in validation fold, back-projected via absolute PCA loadings"
Combined,MLP,5,original__glszm__SmallAreaHighGrayLevelEmphasis,0.0024231405386011587,0.005644090413824841,"mean absolute MLP SHAP in validation fold, back-projected via absolute PCA loadings"
Combined,MLP,5,original__glszm__SmallAreaLowGrayLevelEmphasis,0.0020801005612067903,0.004845065917669139,"mean absolute MLP SHAP in validation fold, back-projected via absolute PCA loadings"
Combined,MLP,5,original__glszm__ZoneEntropy,0.0034352401404415906,0.008001519365874475,"mean absolute MLP SHAP in validation fold, back-projected via absolute PCA loadings"
Combined,MLP,5,original__glszm__ZonePercentage,0.0030066703682068542,0.007003274936964234,"mean absolute MLP SHAP in validation fold, back-projected via absolute PCA loadings"
Combined,MLP,5,original__glszm__ZoneVariance,0.0033350321683759043,0.007768110347489076,"mean absolute MLP SHAP in validation fold, back-projected via absolute PCA loadings"
Combined,MLP,5,original__ngtdm__Busyness,0.0034007216099748595,0.00792111721676138,"mean absolute MLP SHAP in validation fold, back-projected via absolute PCA loadings"
Combined,MLP,5,original__ngtdm__Coarseness,0.003114615653775765,0.00725470606189964,"mean absolute MLP SHAP in validation fold, back-projected via absolute PCA loadings"
Combined,MLP,5,original__ngtdm__Complexity,0.0028864733045309105,0.006723306406845498,"mean absolute MLP SHAP in validation fold, back-projected via absolute PCA loadings"
Combined,MLP,5,original__ngtdm__Contrast,0.003529217013146278,0.008220414620980053,"mean absolute MLP SHAP in validation fold, back-projected via absolute PCA loadings"
Combined,MLP,5,original__ngtdm__Strength,0.003045545048343932,0.0070938236302847,"mean absolute MLP SHAP in validation fold, back-projected via absolute PCA loadings"
Combined,MLP,5,Age,0.002794449634998828,0.00650896064242242,"mean absolute MLP SHAP in validation fold, back-projected via absolute PCA loadings"
Combined,MLP,5,Sex,0.0038919301977489358,0.009065262856388449,"mean absolute MLP SHAP in validation fold, back-projected via absolute PCA loadings"
Combined,MLP,5,High blood pressure,0.00412037490547788,0.009597366778733076,"mean absolute MLP SHAP in validation fold, back-projected via absolute PCA loadings"
Combined,MLP,5,Degenerative brain disease,0.004175443379308677,0.009725634801285245,"mean absolute MLP SHAP in validation fold, back-projected via absolute PCA loadings"
Combined,MLP,5,type of degenerative brain disease,0.004322303516390723,0.010067708188558228,"mean absolute MLP SHAP in validation fold, back-projected via absolute PCA loadings"
Combined,MLP,5,WBC,0.0036366725866500593,0.008470705086045218,"mean absolute MLP SHAP in validation fold, back-projected via absolute PCA loadings"
Combined,MLP,5,RBC,0.003747622339737931,0.008729134354939787,"mean absolute MLP SHAP in validation fold, back-projected via absolute PCA loadings"
Combined,MLP,5,hemoglobin,0.003934269576358978,0.009163881684778068,"mean absolute MLP SHAP in validation fold, back-projected via absolute PCA loadings"
Combined,MLP,5,Anemia,0.0043711103259801865,0.010181391254705224,"mean absolute MLP SHAP in validation fold, back-projected via absolute PCA loadings"
Combined,MLP,5,platelet count,0.004785951783886401,0.011147659062340205,"mean absolute MLP SHAP in validation fold, back-projected via absolute PCA loadings"
Combined,MLP,5,PTT,0.0042607929341811155,0.009924434910814937,"mean absolute MLP SHAP in validation fold, back-projected via absolute PCA loadings"
Combined,MLP,5,PT,0.005636187211137553,0.013128066532726865,"mean absolute MLP SHAP in validation fold, back-projected via absolute PCA loadings"
Combined,MLP,5,INR,0.004807812010869464,0.011198576908661394,"mean absolute MLP SHAP in validation fold, back-projected via absolute PCA loadings"
Combined,MLP,5,Creatinin,0.005395245577289136,0.01256685419517083,"mean absolute MLP SHAP in validation fold, back-projected via absolute PCA loadings"
Combined,MLP,5,on admission GCS,0.0035100527492969045,0.008175776336011777,"mean absolute MLP SHAP in validation fold, back-projected via absolute PCA loadings"
Combined,MLP,5,Contusion,0.0037502542119615075,0.008735264632796504,"mean absolute MLP SHAP in validation fold, back-projected via absolute PCA loadings"
Combined,MLP,5,Intraparenchymal,0.005872137410882821,0.013677652592349767,"mean absolute MLP SHAP in validation fold, back-projected via absolute PCA loadings"
Combined,MLP,5,Subdural,0.0035237022585384815,0.00820756940085327,"mean absolute MLP SHAP in validation fold, back-projected via absolute PCA loadings"
Combined,MLP,5,Subarachnoid,0.0041284634606986595,0.009616207013649724,"mean absolute MLP SHAP in validation fold, back-projected via absolute PCA loadings"
Combined,MLP,5,Epidural,0.004811383954621501,0.01120689684436815,"mean absolute MLP SHAP in validation fold, back-projected via absolute PCA loadings"
Combined,MLP,5,IVH,0.004426159349005078,0.010309613971545485,"mean absolute MLP SHAP in validation fold, back-projected via absolute PCA loadings"
Combined,MLP,5,type_of_hemorrhage_num,0.004971750357605619,0.011580429647506652,"mean absolute MLP SHAP in validation fold, back-projected via absolute PCA loadings"
Combined,MLP,5,leukocytosis,0.0027074432168391785,0.006306301290703762,"mean absolute MLP SHAP in validation fold, back-projected via absolute PCA loadings"
Combined,MLP,5,thrombocytopenia,0.004428137709352927,0.010314222059477861,"mean absolute MLP SHAP in validation fold, back-projected via absolute PCA loadings"
Combined,MLP,5,long PTT,0.004614726400067532,0.01074883302149758,"mean absolute MLP SHAP in validation fold, back-projected via absolute PCA loadings"
Combined,MLP,5,long PT,0.004981604383527044,0.011603382097995885,"mean absolute MLP SHAP in validation fold, back-projected via absolute PCA loadings"
Combined,MLP,5,long INR,0.004847435250888403,0.011290869182094562,"mean absolute MLP SHAP in validation fold, back-projected via absolute PCA loadings"
Combined,MLP,5,kidney failure,0.00530358023931935,0.01235334307310692,"mean absolute MLP SHAP in validation fold, back-projected via absolute PCA loadings"
