feature_set,model,feature,importance_method,mean_importance,sd_importance,mean_normalized_importance,sd_normalized_importance,n_folds
Clinical,Gradient Boosting,Intraparenchymal,"native tree importance in PCA space, distributed by absolute PCA loading",0.05628043155790111,0.007041795023794446,0.05628043155790111,0.007041795023794435,5
Clinical,Gradient Boosting,IVH,"native tree importance in PCA space, distributed by absolute PCA loading",0.044150039607829226,0.015301920987826075,0.044150039607829226,0.015301920987826071,5
Clinical,Gradient Boosting,Sex,"native tree importance in PCA space, distributed by absolute PCA loading",0.04151585814106944,0.005287010967322052,0.04151585814106944,0.005287010967322054,5
Clinical,Gradient Boosting,leukocytosis,"native tree importance in PCA space, distributed by absolute PCA loading",0.04128821822401961,0.006090563923329413,0.04128821822401961,0.0060905639233294175,5
Clinical,Gradient Boosting,type_of_hemorrhage_num,"native tree importance in PCA space, distributed by absolute PCA loading",0.04127414309976031,0.006368570224546586,0.04127414309976031,0.006368570224546587,5
Clinical,Gradient Boosting,on admission GCS,"native tree importance in PCA space, distributed by absolute PCA loading",0.04118406229171283,0.008341107723080235,0.04118406229171283,0.008341107723080228,5
Clinical,Gradient Boosting,Epidural,"native tree importance in PCA space, distributed by absolute PCA loading",0.03999365422605154,0.0063501625805212625,0.03999365422605154,0.006350162580521259,5
Clinical,Gradient Boosting,kidney failure,"native tree importance in PCA space, distributed by absolute PCA loading",0.039433513649113704,0.008915673857751678,0.039433513649113704,0.008915673857751683,5
Clinical,Gradient Boosting,Subarachnoid,"native tree importance in PCA space, distributed by absolute PCA loading",0.03923110309046185,0.006636267236110996,0.03923110309046185,0.006636267236110997,5
Clinical,Gradient Boosting,Contusion,"native tree importance in PCA space, distributed by absolute PCA loading",0.03905064426362934,0.007860016703553135,0.03905064426362934,0.007860016703553132,5
Clinical,Gradient Boosting,Creatinin,"native tree importance in PCA space, distributed by absolute PCA loading",0.03876712308631771,0.0033656466783050505,0.03876712308631772,0.003365646678305046,5
Clinical,Gradient Boosting,Subdural,"native tree importance in PCA space, distributed by absolute PCA loading",0.037320955023264865,0.007153147690774133,0.037320955023264865,0.007153147690774136,5
Clinical,Gradient Boosting,Anemia,"native tree importance in PCA space, distributed by absolute PCA loading",0.03642721168608656,0.0085493388175002,0.03642721168608656,0.0085493388175002,5
Clinical,Gradient Boosting,long PTT,"native tree importance in PCA space, distributed by absolute PCA loading",0.03615798008734485,0.0038368380787957815,0.03615798008734485,0.0038368380787957806,5
Clinical,Gradient Boosting,thrombocytopenia,"native tree importance in PCA space, distributed by absolute PCA loading",0.03579550180027533,0.004057016569636322,0.03579550180027533,0.0040570165696363165,5
Clinical,Gradient Boosting,High blood pressure,"native tree importance in PCA space, distributed by absolute PCA loading",0.035457836051626015,0.0051851824897948574,0.035457836051626015,0.005185182489794861,5
Clinical,Gradient Boosting,PTT,"native tree importance in PCA space, distributed by absolute PCA loading",0.03480258545655833,0.009177010169917756,0.03480258545655833,0.009177010169917758,5
Clinical,Gradient Boosting,WBC,"native tree importance in PCA space, distributed by absolute PCA loading",0.03462857417120557,0.007018058206571426,0.03462857417120557,0.007018058206571429,5
Clinical,Gradient Boosting,platelet count,"native tree importance in PCA space, distributed by absolute PCA loading",0.03422042469842249,0.0050752931227987085,0.03422042469842249,0.00507529312279871,5
Clinical,Gradient Boosting,long PT,"native tree importance in PCA space, distributed by absolute PCA loading",0.03326465828262627,0.005259540447445866,0.03326465828262627,0.005259540447445868,5
Clinical,Gradient Boosting,RBC,"native tree importance in PCA space, distributed by absolute PCA loading",0.031112176412924984,0.0029350633387265164,0.031112176412924984,0.0029350633387265203,5
Clinical,Gradient Boosting,hemoglobin,"native tree importance in PCA space, distributed by absolute PCA loading",0.03082062129130751,0.004038556398831915,0.030820621291307516,0.004038556398831916,5
Clinical,Gradient Boosting,Age,"native tree importance in PCA space, distributed by absolute PCA loading",0.029931213074249702,0.0017306641193208377,0.029931213074249702,0.0017306641193208416,5
Clinical,Gradient Boosting,long INR,"native tree importance in PCA space, distributed by absolute PCA loading",0.0281121043395486,0.005890556655985734,0.0281121043395486,0.005890556655985735,5
Clinical,Gradient Boosting,Degenerative brain disease,"native tree importance in PCA space, distributed by absolute PCA loading",0.025914354040876653,0.004643875122811118,0.025914354040876653,0.004643875122811118,5
Clinical,Gradient Boosting,PT,"native tree importance in PCA space, distributed by absolute PCA loading",0.025048508852814334,0.007196996391688563,0.025048508852814334,0.007196996391688564,5
Clinical,Gradient Boosting,type of degenerative brain disease,"native tree importance in PCA space, distributed by absolute PCA loading",0.024968945156113406,0.004530857984398573,0.024968945156113406,0.0045308579843985715,5
Clinical,Gradient Boosting,INR,"native tree importance in PCA space, distributed by absolute PCA loading",0.023847558336887835,0.004602697202784159,0.023847558336887835,0.004602697202784157,5
Clinical,MLP,Intraparenchymal,"mean absolute MLP SHAP in validation fold, back-projected via absolute PCA loadings",0.024674977144675245,0.003374197159088541,0.05764555593970651,0.00858856047549079,5
Clinical,MLP,IVH,"mean absolute MLP SHAP in validation fold, back-projected via absolute PCA loadings",0.019125232170946978,0.008174767750874496,0.04475148280451509,0.018850688387149286,5
Clinical,MLP,Creatinin,"mean absolute MLP SHAP in validation fold, back-projected via absolute PCA loadings",0.018307899152425318,0.0036995470707454152,0.04254892290458025,0.007881943621218851,5
Clinical,MLP,Anemia,"mean absolute MLP SHAP in validation fold, back-projected via absolute PCA loadings",0.017188789564126356,0.003614268148594282,0.039905090910230055,0.0071176405345900655,5
Clinical,MLP,Subarachnoid,"mean absolute MLP SHAP in validation fold, back-projected via absolute PCA loadings",0.01672597943750006,0.00515685106551928,0.039077699931238975,0.012282677521409813,5
Clinical,MLP,Sex,"mean absolute MLP SHAP in validation fold, back-projected via absolute PCA loadings",0.016555553156803505,0.0041412043330856735,0.03885402334869463,0.010919433859840592,5
Clinical,MLP,Contusion,"mean absolute MLP SHAP in validation fold, back-projected via absolute PCA loadings",0.016714429355384124,0.003263018958220866,0.03879923648622459,0.006322826253981064,5
Clinical,MLP,long PTT,"mean absolute MLP SHAP in validation fold, back-projected via absolute PCA loadings",0.016452923802008263,0.00405892691670668,0.0380994502750181,0.00797286771714848,5
Clinical,MLP,leukocytosis,"mean absolute MLP SHAP in validation fold, back-projected via absolute PCA loadings",0.01611824864575634,0.0029571658948293338,0.03759055895542191,0.006813260012498839,5
Clinical,MLP,Epidural,"mean absolute MLP SHAP in validation fold, back-projected via absolute PCA loadings",0.015959220937034398,0.0023752588490066856,0.03728315587593475,0.005955493080722507,5
Clinical,MLP,Subdural,"mean absolute MLP SHAP in validation fold, back-projected via absolute PCA loadings",0.015984810999366873,0.00233400327978658,0.037180955278308954,0.004336917799295844,5
Clinical,MLP,High blood pressure,"mean absolute MLP SHAP in validation fold, back-projected via absolute PCA loadings",0.015666668841898122,0.004017909886064826,0.036503118990523095,0.009031131729622556,5
Clinical,MLP,thrombocytopenia,"mean absolute MLP SHAP in validation fold, back-projected via absolute PCA loadings",0.015386990729736372,0.0020017492692961237,0.03587569089826188,0.004440391867968009,5
Clinical,MLP,on admission GCS,"mean absolute MLP SHAP in validation fold, back-projected via absolute PCA loadings",0.015091008827281408,0.004379653448963418,0.03546045984010627,0.011350442383383298,5
Clinical,MLP,PTT,"mean absolute MLP SHAP in validation fold, back-projected via absolute PCA loadings",0.014851748497533124,0.0031129606371572294,0.034498111358490055,0.006150145662922196,5
Clinical,MLP,kidney failure,"mean absolute MLP SHAP in validation fold, back-projected via absolute PCA loadings",0.014617715082498452,0.003633629056787594,0.034152224536159445,0.008975314032791502,5
Clinical,MLP,platelet count,"mean absolute MLP SHAP in validation fold, back-projected via absolute PCA loadings",0.014624533914546595,0.0038822957948803317,0.034010648589564006,0.008454818874157818,5
Clinical,MLP,hemoglobin,"mean absolute MLP SHAP in validation fold, back-projected via absolute PCA loadings",0.014496152136981424,0.0036214554873383493,0.033684184398234805,0.007767535717972311,5
Clinical,MLP,long INR,"mean absolute MLP SHAP in validation fold, back-projected via absolute PCA loadings",0.01406030351050363,0.001530404024555736,0.032921181429885746,0.004826032502628766,5
Clinical,MLP,WBC,"mean absolute MLP SHAP in validation fold, back-projected via absolute PCA loadings",0.014094339722181642,0.00449832096631466,0.03284661387745594,0.010334027587681911,5
Clinical,MLP,long PT,"mean absolute MLP SHAP in validation fold, back-projected via absolute PCA loadings",0.01383823942068237,0.003595989110446543,0.03224499172492656,0.008334988528808075,5
Clinical,MLP,type_of_hemorrhage_num,"mean absolute MLP SHAP in validation fold, back-projected via absolute PCA loadings",0.013648479766913881,0.0028696344180945375,0.03194809127847857,0.007437717964762821,5
Clinical,MLP,Age,"mean absolute MLP SHAP in validation fold, back-projected via absolute PCA loadings",0.013637584015788939,0.0017287777315944386,0.03170683498110679,0.002795760135781498,5
Clinical,MLP,RBC,"mean absolute MLP SHAP in validation fold, back-projected via absolute PCA loadings",0.013592083349571266,0.0021673636995032854,0.0316297011901103,0.00448781786134927,5
Clinical,MLP,PT,"mean absolute MLP SHAP in validation fold, back-projected via absolute PCA loadings",0.01254825782209017,0.002163074210930546,0.029180918805407168,0.0043908257890575945,5
Clinical,MLP,INR,"mean absolute MLP SHAP in validation fold, back-projected via absolute PCA loadings",0.011977533121299068,0.002291179003811002,0.027856479621496993,0.004903560414821323,5
Clinical,MLP,Degenerative brain disease,"mean absolute MLP SHAP in validation fold, back-projected via absolute PCA loadings",0.011615009704050418,0.0013106000280653897,0.027060005187546726,0.002684536825200079,5
Clinical,MLP,type of degenerative brain disease,"mean absolute MLP SHAP in validation fold, back-projected via absolute PCA loadings",0.01145620076432989,0.0014746251324102213,0.026684610582371853,0.0030706063865892324,5
Clinical,Random Forest,Intraparenchymal,"native tree importance in PCA space, distributed by absolute PCA loading",0.046904270920173415,0.0019786513013031544,0.046904270920173415,0.001978651301303154,5
Clinical,Random Forest,type_of_hemorrhage_num,"native tree importance in PCA space, distributed by absolute PCA loading",0.04137234834003785,0.0028924177329842033,0.04137234834003785,0.0028924177329842,5
Clinical,Random Forest,leukocytosis,"native tree importance in PCA space, distributed by absolute PCA loading",0.04125220360069929,0.0033555135806084308,0.04125220360069929,0.003355513580608432,5
Clinical,Random Forest,IVH,"native tree importance in PCA space, distributed by absolute PCA loading",0.0411232148665555,0.008621339809466614,0.041123214866555506,0.008621339809466614,5
Clinical,Random Forest,Subarachnoid,"native tree importance in PCA space, distributed by absolute PCA loading",0.04084488443137245,0.003540322866237981,0.04084488443137245,0.003540322866237979,5
Clinical,Random Forest,Contusion,"native tree importance in PCA space, distributed by absolute PCA loading",0.04024226860413324,0.002047580005331438,0.04024226860413324,0.0020475800053314365,5
Clinical,Random Forest,Creatinin,"native tree importance in PCA space, distributed by absolute PCA loading",0.0396086268294526,0.0025080904015750125,0.0396086268294526,0.002508090401575016,5
Clinical,Random Forest,Sex,"native tree importance in PCA space, distributed by absolute PCA loading",0.03908655541209871,0.003011549614563581,0.03908655541209871,0.0030115496145635785,5
Clinical,Random Forest,Subdural,"native tree importance in PCA space, distributed by absolute PCA loading",0.038409804528434496,0.004247689996337516,0.038409804528434496,0.0042476899963375106,5
Clinical,Random Forest,on admission GCS,"native tree importance in PCA space, distributed by absolute PCA loading",0.03805622954031911,0.0037465054426861657,0.03805622954031911,0.0037465054426861627,5
Clinical,Random Forest,High blood pressure,"native tree importance in PCA space, distributed by absolute PCA loading",0.038055091198138685,0.003214317822389347,0.03805509119813869,0.0032143178223893523,5
Clinical,Random Forest,long PTT,"native tree importance in PCA space, distributed by absolute PCA loading",0.037847343122148,0.0029004943791106673,0.037847343122148,0.002900494379110667,5
Clinical,Random Forest,Epidural,"native tree importance in PCA space, distributed by absolute PCA loading",0.03731437735442097,0.0035857260402541876,0.03731437735442097,0.00358572604025419,5
Clinical,Random Forest,WBC,"native tree importance in PCA space, distributed by absolute PCA loading",0.036268139562377906,0.005507087391941962,0.036268139562377906,0.0055070873919419614,5
Clinical,Random Forest,Anemia,"native tree importance in PCA space, distributed by absolute PCA loading",0.036146979398557745,0.005395211664447931,0.036146979398557745,0.0053952116644479355,5
Clinical,Random Forest,thrombocytopenia,"native tree importance in PCA space, distributed by absolute PCA loading",0.03612736844957098,0.0038598670282344017,0.03612736844957098,0.0038598670282344026,5
Clinical,Random Forest,kidney failure,"native tree importance in PCA space, distributed by absolute PCA loading",0.03610432511503853,0.0041627003703377545,0.03610432511503853,0.004162700370337757,5
Clinical,Random Forest,PTT,"native tree importance in PCA space, distributed by absolute PCA loading",0.0357751058959671,0.005497336871728916,0.03577510589596711,0.005497336871728916,5
Clinical,Random Forest,platelet count,"native tree importance in PCA space, distributed by absolute PCA loading",0.03469330875809987,0.0025696087144372924,0.03469330875809987,0.0025696087144372903,5
Clinical,Random Forest,long PT,"native tree importance in PCA space, distributed by absolute PCA loading",0.03331945302121389,0.00217608150369725,0.03331945302121389,0.0021760815036972526,5
Clinical,Random Forest,RBC,"native tree importance in PCA space, distributed by absolute PCA loading",0.03243650641742592,0.0038704278006059445,0.032436506417425924,0.003870427800605939,5
Clinical,Random Forest,Age,"native tree importance in PCA space, distributed by absolute PCA loading",0.031885874243316854,0.0017528449769303467,0.03188587424331686,0.0017528449769303456,5
Clinical,Random Forest,long INR,"native tree importance in PCA space, distributed by absolute PCA loading",0.029356161972841487,0.0026417056376985522,0.029356161972841487,0.002641705637698552,5
Clinical,Random Forest,hemoglobin,"native tree importance in PCA space, distributed by absolute PCA loading",0.02883949010679567,0.0017299363259470864,0.02883949010679567,0.001729936325947082,5
Clinical,Random Forest,Degenerative brain disease,"native tree importance in PCA space, distributed by absolute PCA loading",0.02867591689322154,0.0014507284165035628,0.02867591689322154,0.0014507284165035615,5
Clinical,Random Forest,type of degenerative brain disease,"native tree importance in PCA space, distributed by absolute PCA loading",0.02819619183280665,0.0013175082638455483,0.02819619183280665,0.0013175082638455483,5
Clinical,Random Forest,PT,"native tree importance in PCA space, distributed by absolute PCA loading",0.026237368415290764,0.002559979318643357,0.026237368415290764,0.0025599793186433543,5
Clinical,Random Forest,INR,"native tree importance in PCA space, distributed by absolute PCA loading",0.025820591169490776,0.002905242436317911,0.025820591169490776,0.002905242436317913,5
Clinical,XGBoost,Intraparenchymal,"native tree importance in PCA space, distributed by absolute PCA loading",0.04499501987347589,0.0037058102489551915,0.04499501981301786,0.003705809836309925,5
Clinical,XGBoost,leukocytosis,"native tree importance in PCA space, distributed by absolute PCA loading",0.041839403477941794,0.0032274514454339385,0.041839403570232754,0.003227453453849907,5
Clinical,XGBoost,Subarachnoid,"native tree importance in PCA space, distributed by absolute PCA loading",0.041510997781503946,0.003075894386296939,0.04151099767620396,0.0030758931613994013,5
Clinical,XGBoost,type_of_hemorrhage_num,"native tree importance in PCA space, distributed by absolute PCA loading",0.04121650145477599,0.002502032760709279,0.04121650146795712,0.002502033657839778,5
Clinical,XGBoost,IVH,"native tree importance in PCA space, distributed by absolute PCA loading",0.04041254537136224,0.0071250480398298045,0.04041254504736918,0.007125046315106507,5
Clinical,XGBoost,on admission GCS,"native tree importance in PCA space, distributed by absolute PCA loading",0.03983452922838954,0.002034293286895102,0.039834529172271885,0.0020342925565078576,5
Clinical,XGBoost,Sex,"native tree importance in PCA space, distributed by absolute PCA loading",0.03930809324753769,0.0014397087783819531,0.03930809320866243,0.0014397084066944997,5
Clinical,XGBoost,Creatinin,"native tree importance in PCA space, distributed by absolute PCA loading",0.03888136837345196,0.0011870455998719655,0.038881368358635995,0.001187046150082076,5
Clinical,XGBoost,Contusion,"native tree importance in PCA space, distributed by absolute PCA loading",0.03850271411525217,0.00157512496004296,0.038502714065176635,0.0015751242974542886,5
Clinical,XGBoost,High blood pressure,"native tree importance in PCA space, distributed by absolute PCA loading",0.038451260211660274,0.005229636231344219,0.038451260315873925,0.005229637408299053,5
Clinical,XGBoost,long PTT,"native tree importance in PCA space, distributed by absolute PCA loading",0.03788663912656344,0.0036399559690584813,0.03788663907211469,0.0036399555564084456,5
Clinical,XGBoost,Epidural,"native tree importance in PCA space, distributed by absolute PCA loading",0.037779170261362925,0.0034985327875011285,0.03777917017473163,0.003498531887831492,5
Clinical,XGBoost,Subdural,"native tree importance in PCA space, distributed by absolute PCA loading",0.037054023432244024,0.0046087211871718315,0.03705402330987756,0.004608720371542586,5
Clinical,XGBoost,thrombocytopenia,"native tree importance in PCA space, distributed by absolute PCA loading",0.03657563754632814,0.0038876280020860936,0.0365756374461496,0.0038876270541946156,5
Clinical,XGBoost,WBC,"native tree importance in PCA space, distributed by absolute PCA loading",0.03642018838335329,0.005900352120396876,0.036420188564829085,0.00590035386232286,5
Clinical,XGBoost,kidney failure,"native tree importance in PCA space, distributed by absolute PCA loading",0.035941649003896625,0.0038047026864775953,0.03594164903705137,0.0038047033011843145,5
Clinical,XGBoost,Anemia,"native tree importance in PCA space, distributed by absolute PCA loading",0.03573885076806309,0.003342039523076331,0.035738850851957105,0.0033420412086984943,5
Clinical,XGBoost,PTT,"native tree importance in PCA space, distributed by absolute PCA loading",0.035572546592205934,0.005311247616831938,0.0355725466336733,0.005311248100165569,5
Clinical,XGBoost,platelet count,"native tree importance in PCA space, distributed by absolute PCA loading",0.03519973803665683,0.0030881451261183237,0.03519973804526884,0.0030881456436584963,5
Clinical,XGBoost,long PT,"native tree importance in PCA space, distributed by absolute PCA loading",0.03488943297645189,0.001539957348212513,0.03488943295037628,0.0015399573217865696,5
Clinical,XGBoost,RBC,"native tree importance in PCA space, distributed by absolute PCA loading",0.03276370247400727,0.00396250947090067,0.03276370239223718,0.003962508792516647,5
Clinical,XGBoost,Age,"native tree importance in PCA space, distributed by absolute PCA loading",0.03230216561304382,0.0026375389514177723,0.03230216550676117,0.002637537787620389,5
Clinical,XGBoost,long INR,"native tree importance in PCA space, distributed by absolute PCA loading",0.029632571423076414,0.0022779590325348255,0.029632571425472383,0.0022779594081263205,5
Clinical,XGBoost,hemoglobin,"native tree importance in PCA space, distributed by absolute PCA loading",0.02881725080501446,0.0022043567875495956,0.028817250748449035,0.0022043562077472506,5
Clinical,XGBoost,Degenerative brain disease,"native tree importance in PCA space, distributed by absolute PCA loading",0.02792216936483975,0.002530046843899077,0.027922169377637963,0.002530047333153489,5
Clinical,XGBoost,type of degenerative brain disease,"native tree importance in PCA space, distributed by absolute PCA loading",0.02736899680121708,0.002475634374873515,0.02736899682692113,0.0024756350723207244,5
Clinical,XGBoost,PT,"native tree importance in PCA space, distributed by absolute PCA loading",0.02660493053171714,0.0028179992477841862,0.02660493049397781,0.002817998980849892,5
Clinical,XGBoost,INR,"native tree importance in PCA space, distributed by absolute PCA loading",0.026577904469664466,0.002834863466257611,0.0265779044471121,0.002834863418095821,5
Combined,Gradient Boosting,Creatinin,"native tree importance in PCA space, distributed by absolute PCA loading",0.01403669794021244,0.004519480572041832,0.01403669794021244,0.004519480572041832,5
Combined,Gradient Boosting,Intraparenchymal,"native tree importance in PCA space, distributed by absolute PCA loading",0.013886727567169705,0.001914926458074194,0.013886727567169705,0.0019149264580741962,5
Combined,Gradient Boosting,IVH,"native tree importance in PCA space, distributed by absolute PCA loading",0.013109706856122,0.003926122877448795,0.013109706856122,0.003926122877448795,5
Combined,Gradient Boosting,High blood pressure,"native tree importance in PCA space, distributed by absolute PCA loading",0.012770856613926438,0.004343794216688463,0.012770856613926438,0.004343794216688463,5
Combined,Gradient Boosting,kidney failure,"native tree importance in PCA space, distributed by absolute PCA loading",0.01252085566958408,0.003712462103158453,0.01252085566958408,0.0037124621031584537,5
Combined,Gradient Boosting,type of degenerative brain disease,"native tree importance in PCA space, distributed by absolute PCA loading",0.012443298019942695,0.0012823607186143208,0.012443298019942695,0.0012823607186143212,5
Combined,Gradient Boosting,Degenerative brain disease,"native tree importance in PCA space, distributed by absolute PCA loading",0.012242024811575833,0.001255416798852442,0.012242024811575833,0.0012554167988524428,5
Combined,Gradient Boosting,WBC,"native tree importance in PCA space, distributed by absolute PCA loading",0.012224683173884223,0.002423880848764738,0.012224683173884223,0.002423880848764737,5
Combined,Gradient Boosting,type_of_hemorrhage_num,"native tree importance in PCA space, distributed by absolute PCA loading",0.01203846251119218,0.002641568037354709,0.01203846251119218,0.0026415680373547087,5
Combined,Gradient Boosting,leukocytosis,"native tree importance in PCA space, distributed by absolute PCA loading",0.01201300602227072,0.003587872021626709,0.01201300602227072,0.003587872021626708,5
Combined,Gradient Boosting,Epidural,"native tree importance in PCA space, distributed by absolute PCA loading",0.011968144488945887,0.0007735404146520628,0.011968144488945887,0.0007735404146520631,5
Combined,Gradient Boosting,on admission GCS,"native tree importance in PCA space, distributed by absolute PCA loading",0.011458381309882127,0.0018095126129061066,0.011458381309882127,0.0018095126129061064,5
Combined,Gradient Boosting,PTT,"native tree importance in PCA space, distributed by absolute PCA loading",0.011454282838908193,0.0020754740459203273,0.011454282838908193,0.0020754740459203265,5
Combined,Gradient Boosting,original__glszm__LargeAreaLowGrayLevelEmphasis,"native tree importance in PCA space, distributed by absolute PCA loading",0.011360002965971474,0.0016745005190698613,0.011360002965971474,0.0016745005190698609,5
Combined,Gradient Boosting,Subarachnoid,"native tree importance in PCA space, distributed by absolute PCA loading",0.011131225137976365,0.0021820537132533754,0.011131225137976365,0.002182053713253376,5
Combined,Gradient Boosting,Sex,"native tree importance in PCA space, distributed by absolute PCA loading",0.011116636194201533,0.002743325705972652,0.011116636194201533,0.0027433257059726514,5
Combined,Gradient Boosting,Contusion,"native tree importance in PCA space, distributed by absolute PCA loading",0.01100252768461448,0.002263232719695926,0.01100252768461448,0.0022632327196959257,5
Combined,Gradient Boosting,original__glcm__ClusterShade,"native tree importance in PCA space, distributed by absolute PCA loading",0.010986801356190306,0.0022320447273902833,0.010986801356190307,0.0022320447273902837,5
Combined,Gradient Boosting,thrombocytopenia,"native tree importance in PCA space, distributed by absolute PCA loading",0.010937243505703803,0.0027052052797167893,0.010937243505703803,0.002705205279716788,5
Combined,Gradient Boosting,Subdural,"native tree importance in PCA space, distributed by absolute PCA loading",0.010859995586018228,0.0016257756096043825,0.010859995586018228,0.0016257756096043825,5
Combined,Gradient Boosting,original__firstorder__Kurtosis,"native tree importance in PCA space, distributed by absolute PCA loading",0.010739399935955248,0.0030448468911081746,0.010739399935955248,0.0030448468911081737,5
Combined,Gradient Boosting,Anemia,"native tree importance in PCA space, distributed by absolute PCA loading",0.010683551664405894,0.0025071623615799746,0.010683551664405894,0.002507162361579974,5
Combined,Gradient Boosting,long PTT,"native tree importance in PCA space, distributed by absolute PCA loading",0.010683434349296557,0.002371228418532176,0.010683434349296559,0.002371228418532175,5
Combined,Gradient Boosting,platelet count,"native tree importance in PCA space, distributed by absolute PCA loading",0.010566974998108849,0.0013357004473496517,0.010566974998108849,0.0013357004473496508,5
Combined,Gradient Boosting,original__shape__Maximum2DDiameterRow,"native tree importance in PCA space, distributed by absolute PCA loading",0.010521716903202047,0.0028918488933708623,0.010521716903202047,0.002891848893370862,5
Combined,Gradient Boosting,original__glrlm__RunVariance,"native tree importance in PCA space, distributed by absolute PCA loading",0.010293429470477618,0.0022235287410413886,0.010293429470477618,0.0022235287410413886,5
Combined,Gradient Boosting,original__shape__Maximum2DDiameterColumn,"native tree importance in PCA space, distributed by absolute PCA loading",0.010197620371803186,0.002878285791545186,0.010197620371803186,0.002878285791545186,5
Combined,Gradient Boosting,original__shape__MajorAxisLength,"native tree importance in PCA space, distributed by absolute PCA loading",0.010154746042575201,0.0018779777890897105,0.010154746042575201,0.001877977789089712,5
Combined,Gradient Boosting,original__shape__Maximum2DDiameterSlice,"native tree importance in PCA space, distributed by absolute PCA loading",0.009950213079740892,0.0018993710098312,0.009950213079740892,0.0018993710098312,5
Combined,Gradient Boosting,hemoglobin,"native tree importance in PCA space, distributed by absolute PCA loading",0.009873285010631937,0.0015580071204994849,0.009873285010631937,0.0015580071204994853,5
Combined,Gradient Boosting,long PT,"native tree importance in PCA space, distributed by absolute PCA loading",0.009865017513413446,0.0020510713077952205,0.009865017513413446,0.002051071307795222,5
Combined,Gradient Boosting,original__shape__Maximum3DDiameter,"native tree importance in PCA space, distributed by absolute PCA loading",0.009731731201443347,0.0029556087378004026,0.009731731201443349,0.002955608737800402,5
Combined,Gradient Boosting,original__shape__Flatness,"native tree importance in PCA space, distributed by absolute PCA loading",0.009670210486700581,0.0021732518742004084,0.009670210486700581,0.0021732518742004097,5
Combined,Gradient Boosting,original__shape__SurfaceVolumeRatio,"native tree importance in PCA space, distributed by absolute PCA loading",0.009526448445898828,0.002549845166849492,0.00952644844589883,0.0025498451668494937,5
Combined,Gradient Boosting,original__glcm__MCC,"native tree importance in PCA space, distributed by absolute PCA loading",0.00949990305336887,0.001132628830510895,0.009499903053368872,0.0011326288305108948,5
Combined,Gradient Boosting,original__firstorder__Maximum,"native tree importance in PCA space, distributed by absolute PCA loading",0.009410809626660927,0.0008545915658585615,0.009410809626660927,0.0008545915658585612,5
Combined,Gradient Boosting,original__glszm__GrayLevelNonUniformity,"native tree importance in PCA space, distributed by absolute PCA loading",0.009382156806958178,0.0021896482866749414,0.009382156806958178,0.0021896482866749422,5
Combined,Gradient Boosting,original__glcm__Correlation,"native tree importance in PCA space, distributed by absolute PCA loading",0.009243653387531525,0.0015518286540040145,0.009243653387531527,0.001551828654004015,5
Combined,Gradient Boosting,original__firstorder__Skewness,"native tree importance in PCA space, distributed by absolute PCA loading",0.00920296584166019,0.002444460269922959,0.00920296584166019,0.0024444602699229575,5
Combined,Gradient Boosting,long INR,"native tree importance in PCA space, distributed by absolute PCA loading",0.008980654732589712,0.0027125242611300135,0.008980654732589712,0.002712524261130013,5
Combined,Gradient Boosting,INR,"native tree importance in PCA space, distributed by absolute PCA loading",0.008872394214538086,0.0022942652553060833,0.008872394214538086,0.002294265255306083,5
Combined,Gradient Boosting,RBC,"native tree importance in PCA space, distributed by absolute PCA loading",0.008788350341517499,0.0017350430333762967,0.008788350341517499,0.0017350430333762962,5
Combined,Gradient Boosting,original__shape__MinorAxisLength,"native tree importance in PCA space, distributed by absolute PCA loading",0.008784917591110353,0.0009439356103561771,0.008784917591110353,0.0009439356103561784,5
Combined,Gradient Boosting,Age,"native tree importance in PCA space, distributed by absolute PCA loading",0.008779389731901052,0.0012713416952778638,0.008779389731901052,0.001271341695277864,5
Combined,Gradient Boosting,original__glcm__Imc1,"native tree importance in PCA space, distributed by absolute PCA loading",0.008461683885898972,0.0023656437092960435,0.008461683885898972,0.002365643709296044,5
Combined,Gradient Boosting,original__gldm__DependenceVariance,"native tree importance in PCA space, distributed by absolute PCA loading",0.008456781418780512,0.0012632787362716147,0.008456781418780512,0.0012632787362716151,5
Combined,Gradient Boosting,original__shape__Sphericity,"native tree importance in PCA space, distributed by absolute PCA loading",0.008342175428584994,0.0017758840390245843,0.008342175428584994,0.0017758840390245834,5
Combined,Gradient Boosting,original__glszm__SizeZoneNonUniformity,"native tree importance in PCA space, distributed by absolute PCA loading",0.008254950546422887,0.0011555883101631516,0.008254950546422887,0.0011555883101631514,5
Combined,Gradient Boosting,original__shape__MeshVolume,"native tree importance in PCA space, distributed by absolute PCA loading",0.008125457430016103,0.00026222733756911857,0.008125457430016103,0.00026222733756911716,5
Combined,Gradient Boosting,original__firstorder__10Percentile,"native tree importance in PCA space, distributed by absolute PCA loading",0.00807829917313611,0.0022013576727727795,0.00807829917313611,0.00220135767277278,5
Combined,Gradient Boosting,original__glszm__ZoneEntropy,"native tree importance in PCA space, distributed by absolute PCA loading",0.008060143651374956,0.001954452931566564,0.008060143651374956,0.001954452931566564,5
Combined,Gradient Boosting,original__gldm__SmallDependenceLowGrayLevelEmphasis,"native tree importance in PCA space, distributed by absolute PCA loading",0.007975079464411117,0.0009538067119048556,0.007975079464411117,0.0009538067119048559,5
Combined,Gradient Boosting,PT,"native tree importance in PCA space, distributed by absolute PCA loading",0.007961075911420904,0.00190013623872611,0.007961075911420904,0.00190013623872611,5
Combined,Gradient Boosting,original__shape__LeastAxisLength,"native tree importance in PCA space, distributed by absolute PCA loading",0.007894955108305294,0.0032495988383430077,0.007894955108305296,0.003249598838343009,5
Combined,Gradient Boosting,original__ngtdm__Complexity,"native tree importance in PCA space, distributed by absolute PCA loading",0.007786373343231084,0.0019652321252297943,0.007786373343231084,0.001965232125229795,5
Combined,Gradient Boosting,original__firstorder__Variance,"native tree importance in PCA space, distributed by absolute PCA loading",0.007749090369139802,0.0006638234709468454,0.007749090369139802,0.0006638234709468449,5
Combined,Gradient Boosting,original__firstorder__InterquartileRange,"native tree importance in PCA space, distributed by absolute PCA loading",0.007598227588146579,0.00170317018172581,0.007598227588146579,0.001703170181725811,5
Combined,Gradient Boosting,original__firstorder__RobustMeanAbsoluteDeviation,"native tree importance in PCA space, distributed by absolute PCA loading",0.0075419451534826905,0.0013314224025369665,0.0075419451534826905,0.001331422402536968,5
Combined,Gradient Boosting,original__shape__Elongation,"native tree importance in PCA space, distributed by absolute PCA loading",0.007344064522833785,0.0016046847166639167,0.007344064522833785,0.0016046847166639156,5
Combined,Gradient Boosting,original__ngtdm__Busyness,"native tree importance in PCA space, distributed by absolute PCA loading",0.007311086905159539,0.0016010911746966922,0.007311086905159539,0.0016010911746966918,5
Combined,Gradient Boosting,original__shape__VoxelVolume,"native tree importance in PCA space, distributed by absolute PCA loading",0.0072105772130050625,0.00059443073812998,0.007210577213005061,0.0005944307381299795,5
Combined,Gradient Boosting,original__ngtdm__Contrast,"native tree importance in PCA space, distributed by absolute PCA loading",0.007055533895553677,0.001373788990281551,0.007055533895553678,0.0013737889902815505,5
Combined,Gradient Boosting,original__glszm__SmallAreaEmphasis,"native tree importance in PCA space, distributed by absolute PCA loading",0.006970429147455076,0.001097670900165865,0.006970429147455076,0.0010976709001658655,5
Combined,Gradient Boosting,original__ngtdm__Coarseness,"native tree importance in PCA space, distributed by absolute PCA loading",0.0069380278673757,0.0006050233528924853,0.0069380278673757,0.000605023352892486,5
Combined,Gradient Boosting,original__glrlm__RunLengthNonUniformity,"native tree importance in PCA space, distributed by absolute PCA loading",0.006921968231638004,0.0008956935025948351,0.006921968231638005,0.0008956935025948355,5
Combined,Gradient Boosting,original__glrlm__RunPercentage,"native tree importance in PCA space, distributed by absolute PCA loading",0.00690382871729966,0.000703067220239815,0.00690382871729966,0.0007030672202398155,5
Combined,Gradient Boosting,original__glrlm__ShortRunLowGrayLevelEmphasis,"native tree importance in PCA space, distributed by absolute PCA loading",0.0068857671879201336,0.0006820160572037701,0.0068857671879201336,0.0006820160572037706,5
Combined,Gradient Boosting,original__glcm__Imc2,"native tree importance in PCA space, distributed by absolute PCA loading",0.006819013093059746,0.0019300258359318037,0.006819013093059746,0.0019300258359318035,5
Combined,Gradient Boosting,original__glszm__SizeZoneNonUniformityNormalized,"native tree importance in PCA space, distributed by absolute PCA loading",0.0067861284548477365,0.0012674487164486149,0.0067861284548477365,0.0012674487164486149,5
Combined,Gradient Boosting,original__ngtdm__Strength,"native tree importance in PCA space, distributed by absolute PCA loading",0.006772771221992083,0.0008956005872435863,0.006772771221992083,0.0008956005872435859,5
Combined,Gradient Boosting,original__glrlm__LongRunHighGrayLevelEmphasis,"native tree importance in PCA space, distributed by absolute PCA loading",0.006657436578286291,0.0007078398767263347,0.006657436578286291,0.000707839876726335,5
Combined,Gradient Boosting,original__gldm__DependenceNonUniformityNormalized,"native tree importance in PCA space, distributed by absolute PCA loading",0.006613551755750985,0.0005205264172225537,0.006613551755750985,0.0005205264172225538,5
Combined,Gradient Boosting,original__firstorder__Mean,"native tree importance in PCA space, distributed by absolute PCA loading",0.00656161676730317,0.0003742345094123657,0.00656161676730317,0.0003742345094123649,5
Combined,Gradient Boosting,original__glrlm__LowGrayLevelRunEmphasis,"native tree importance in PCA space, distributed by absolute PCA loading",0.006462590485494714,0.0007992448842555231,0.006462590485494714,0.0007992448842555237,5
Combined,Gradient Boosting,original__glszm__LargeAreaHighGrayLevelEmphasis,"native tree importance in PCA space, distributed by absolute PCA loading",0.006413379487514555,0.0009060381336196545,0.006413379487514555,0.000906038133619655,5
Combined,Gradient Boosting,original__glrlm__LongRunEmphasis,"native tree importance in PCA space, distributed by absolute PCA loading",0.006398999853400078,0.0007821572759798362,0.006398999853400078,0.0007821572759798362,5
Combined,Gradient Boosting,original__gldm__LargeDependenceEmphasis,"native tree importance in PCA space, distributed by absolute PCA loading",0.006304166586412108,0.0006728061611348195,0.006304166586412108,0.0006728061611348199,5
Combined,Gradient Boosting,original__glcm__Idmn,"native tree importance in PCA space, distributed by absolute PCA loading",0.006291150348885344,0.0018568085622850791,0.006291150348885344,0.0018568085622850787,5
Combined,Gradient Boosting,original__gldm__DependenceNonUniformity,"native tree importance in PCA space, distributed by absolute PCA loading",0.006253328988235449,0.0010435905132539956,0.006253328988235449,0.0010435905132539953,5
Combined,Gradient Boosting,original__gldm__LargeDependenceHighGrayLevelEmphasis,"native tree importance in PCA space, distributed by absolute PCA loading",0.006176009621314681,0.0010931298433989128,0.006176009621314681,0.0010931298433989128,5
Combined,Gradient Boosting,original__glszm__ZonePercentage,"native tree importance in PCA space, distributed by absolute PCA loading",0.006171794296010011,0.0006348709269601312,0.006171794296010011,0.0006348709269601311,5
Combined,Gradient Boosting,original__glszm__ZoneVariance,"native tree importance in PCA space, distributed by absolute PCA loading",0.006100334583680001,0.0012458404165855586,0.006100334583680001,0.001245840416585559,5
Combined,Gradient Boosting,original__glszm__LargeAreaEmphasis,"native tree importance in PCA space, distributed by absolute PCA loading",0.006096897474053177,0.001232827577464867,0.006096897474053177,0.0012328275774648677,5
Combined,Gradient Boosting,original__firstorder__RootMeanSquared,"native tree importance in PCA space, distributed by absolute PCA loading",0.006064823286824816,0.0004652686220683311,0.006064823286824816,0.00046526862206833154,5
Combined,Gradient Boosting,original__glrlm__RunEntropy,"native tree importance in PCA space, distributed by absolute PCA loading",0.0060529504863339354,0.0009012879510646628,0.0060529504863339354,0.0009012879510646634,5
Combined,Gradient Boosting,original__firstorder__TotalEnergy,"native tree importance in PCA space, distributed by absolute PCA loading",0.006017097079431227,0.0010667774338544032,0.006017097079431227,0.0010667774338544034,5
Combined,Gradient Boosting,original__firstorder__Range,"native tree importance in PCA space, distributed by absolute PCA loading",0.005993379350131563,0.000688445315310751,0.005993379350131563,0.000688445315310751,5
Combined,Gradient Boosting,original__firstorder__Median,"native tree importance in PCA space, distributed by absolute PCA loading",0.005982021139385093,0.0011369068054480243,0.005982021139385093,0.0011369068054480236,5
Combined,Gradient Boosting,original__gldm__SmallDependenceEmphasis,"native tree importance in PCA space, distributed by absolute PCA loading",0.0059236024689924656,0.0008852956893995818,0.0059236024689924656,0.0008852956893995817,5
Combined,Gradient Boosting,original__glcm__Idn,"native tree importance in PCA space, distributed by absolute PCA loading",0.005900554357425679,0.000747320150968169,0.005900554357425679,0.0007473201509681683,5
Combined,Gradient Boosting,original__gldm__LargeDependenceLowGrayLevelEmphasis,"native tree importance in PCA space, distributed by absolute PCA loading",0.005779606360040509,0.0007277320214016148,0.005779606360040509,0.0007277320214016145,5
Combined,Gradient Boosting,original__gldm__LowGrayLevelEmphasis,"native tree importance in PCA space, distributed by absolute PCA loading",0.00576958917726261,0.00026490926332779915,0.00576958917726261,0.00026490926332779953,5
Combined,Gradient Boosting,original__shape__SurfaceArea,"native tree importance in PCA space, distributed by absolute PCA loading",0.005688148740843464,0.0006128301662799382,0.005688148740843464,0.0006128301662799376,5
Combined,Gradient Boosting,original__gldm__DependenceEntropy,"native tree importance in PCA space, distributed by absolute PCA loading",0.005646344962950244,0.0008872540820238118,0.005646344962950244,0.0008872540820238117,5
Combined,Gradient Boosting,original__firstorder__Energy,"native tree importance in PCA space, distributed by absolute PCA loading",0.005576048775906109,0.0011933356379602083,0.005576048775906109,0.0011933356379602081,5
Combined,Gradient Boosting,original__glrlm__GrayLevelNonUniformity,"native tree importance in PCA space, distributed by absolute PCA loading",0.0055498850032102654,0.0007569779479328047,0.0055498850032102654,0.0007569779479328041,5
Combined,Gradient Boosting,original__glcm__ClusterProminence,"native tree importance in PCA space, distributed by absolute PCA loading",0.00554933122400668,0.002127253335491126,0.00554933122400668,0.0021272533354911266,5
Combined,Gradient Boosting,original__gldm__HighGrayLevelEmphasis,"native tree importance in PCA space, distributed by absolute PCA loading",0.0055125405839417186,0.00043586324043355066,0.0055125405839417186,0.0004358632404335502,5
Combined,Gradient Boosting,original__glszm__HighGrayLevelZoneEmphasis,"native tree importance in PCA space, distributed by absolute PCA loading",0.0054993526339688235,0.0005066485502328317,0.0054993526339688235,0.0005066485502328314,5
Combined,Gradient Boosting,original__glrlm__HighGrayLevelRunEmphasis,"native tree importance in PCA space, distributed by absolute PCA loading",0.005467007102240427,0.0004380585461671069,0.005467007102240427,0.00043805854616710635,5
Combined,Gradient Boosting,original__glrlm__LongRunLowGrayLevelEmphasis,"native tree importance in PCA space, distributed by absolute PCA loading",0.005462127747776659,0.0010697522329341307,0.005462127747776659,0.0010697522329341303,5
Combined,Gradient Boosting,original__glcm__JointAverage,"native tree importance in PCA space, distributed by absolute PCA loading",0.00543513158464033,0.0004804529215562403,0.00543513158464033,0.00048045292155623993,5
Combined,Gradient Boosting,original__glcm__Idm,"native tree importance in PCA space, distributed by absolute PCA loading",0.005414946305377896,0.0006237608708796748,0.005414946305377896,0.0006237608708796753,5
Combined,Gradient Boosting,original__glcm__DifferenceVariance,"native tree importance in PCA space, distributed by absolute PCA loading",0.005352722555123835,0.0020259133710958245,0.005352722555123835,0.002025913371095825,5
Combined,Gradient Boosting,original__gldm__GrayLevelNonUniformity,"native tree importance in PCA space, distributed by absolute PCA loading",0.005323352690160331,0.000807791486430695,0.005323352690160331,0.0008077914864306944,5
Combined,Gradient Boosting,original__glszm__LowGrayLevelZoneEmphasis,"native tree importance in PCA space, distributed by absolute PCA loading",0.005315750414262008,0.000500504925320807,0.005315750414262008,0.0005005049253208068,5
Combined,Gradient Boosting,original__glcm__JointEnergy,"native tree importance in PCA space, distributed by absolute PCA loading",0.0051175028549618,0.0005885398119768605,0.0051175028549618,0.0005885398119768614,5
Combined,Gradient Boosting,original__glszm__GrayLevelVariance,"native tree importance in PCA space, distributed by absolute PCA loading",0.0050237026321112805,0.0010655947847185599,0.0050237026321112805,0.0010655947847185603,5
Combined,Gradient Boosting,original__firstorder__90Percentile,"native tree importance in PCA space, distributed by absolute PCA loading",0.004995058623338693,0.0004466169222013095,0.004995058623338693,0.00044661692220130934,5
Combined,Gradient Boosting,original__firstorder__Uniformity,"native tree importance in PCA space, distributed by absolute PCA loading",0.004886822757757306,0.00039262788172609057,0.004886822757757307,0.00039262788172609095,5
Combined,Gradient Boosting,original__glszm__SmallAreaLowGrayLevelEmphasis,"native tree importance in PCA space, distributed by absolute PCA loading",0.0048842156155533036,0.0006584261338024268,0.0048842156155533036,0.0006584261338024259,5
Combined,Gradient Boosting,original__glszm__GrayLevelNonUniformityNormalized,"native tree importance in PCA space, distributed by absolute PCA loading",0.004829305991266259,0.0007019407016900023,0.004829305991266259,0.0007019407016900021,5
Combined,Gradient Boosting,original__firstorder__MeanAbsoluteDeviation,"native tree importance in PCA space, distributed by absolute PCA loading",0.004685819753674214,0.0021580233136310003,0.004685819753674215,0.002158023313631001,5
Combined,Gradient Boosting,original__glcm__Contrast,"native tree importance in PCA space, distributed by absolute PCA loading",0.0046770476672172755,0.0016168681040736872,0.0046770476672172755,0.0016168681040736876,5
Combined,Gradient Boosting,original__glrlm__ShortRunEmphasis,"native tree importance in PCA space, distributed by absolute PCA loading",0.004413331164972953,0.0012087498038371243,0.004413331164972953,0.0012087498038371247,5
Combined,Gradient Boosting,original__glszm__SmallAreaHighGrayLevelEmphasis,"native tree importance in PCA space, distributed by absolute PCA loading",0.004389017187721998,0.0011840449561671628,0.004389017187721998,0.0011840449561671632,5
Combined,Gradient Boosting,original__glrlm__RunLengthNonUniformityNormalized,"native tree importance in PCA space, distributed by absolute PCA loading",0.00436973168245504,0.0009246358746489591,0.00436973168245504,0.0009246358746489592,5
Combined,Gradient Boosting,original__glcm__ClusterTendency,"native tree importance in PCA space, distributed by absolute PCA loading",0.004351088291091548,0.001145425021911303,0.004351088291091548,0.001145425021911303,5
Combined,Gradient Boosting,original__glcm__SumSquares,"native tree importance in PCA space, distributed by absolute PCA loading",0.004283281693912778,0.001217563657197379,0.004283281693912778,0.001217563657197379,5
Combined,Gradient Boosting,original__glcm__MaximumProbability,"native tree importance in PCA space, distributed by absolute PCA loading",0.004188577301750905,0.0007588418878407467,0.004188577301750905,0.0007588418878407458,5
Combined,Gradient Boosting,original__firstorder__Minimum,"native tree importance in PCA space, distributed by absolute PCA loading",0.004121813828694467,0.0007096170432538216,0.004121813828694468,0.0007096170432538216,5
Combined,Gradient Boosting,original__glcm__SumAverage,"native tree importance in PCA space, distributed by absolute PCA loading",0.004056090661459262,0.0007304807443758574,0.004056090661459263,0.0007304807443758579,5
Combined,Gradient Boosting,original__gldm__GrayLevelVariance,"native tree importance in PCA space, distributed by absolute PCA loading",0.004051984819385434,0.001264268294048172,0.004051984819385434,0.001264268294048172,5
Combined,Gradient Boosting,original__glrlm__GrayLevelVariance,"native tree importance in PCA space, distributed by absolute PCA loading",0.0039300163605435045,0.001254257787877852,0.0039300163605435045,0.001254257787877852,5
Combined,Gradient Boosting,original__gldm__SmallDependenceHighGrayLevelEmphasis,"native tree importance in PCA space, distributed by absolute PCA loading",0.003918045951949059,0.000835044445589724,0.003918045951949059,0.0008350444455897234,5
Combined,Gradient Boosting,original__glcm__Autocorrelation,"native tree importance in PCA space, distributed by absolute PCA loading",0.0037976363971004624,0.0011020703993277604,0.0037976363971004624,0.001102070399327761,5
Combined,Gradient Boosting,original__glrlm__ShortRunHighGrayLevelEmphasis,"native tree importance in PCA space, distributed by absolute PCA loading",0.0036885736624306734,0.0011516389076439012,0.0036885736624306734,0.0011516389076439016,5
Combined,Gradient Boosting,original__glcm__InverseVariance,"native tree importance in PCA space, distributed by absolute PCA loading",0.003660699871562946,0.0009604678980030406,0.003660699871562946,0.0009604678980030404,5
Combined,Gradient Boosting,original__glcm__Id,"native tree importance in PCA space, distributed by absolute PCA loading",0.0034989470963581884,0.0008075646431053526,0.0034989470963581884,0.0008075646431053523,5
Combined,Gradient Boosting,original__glcm__DifferenceAverage,"native tree importance in PCA space, distributed by absolute PCA loading",0.00335791329762355,0.0006132225785903113,0.00335791329762355,0.000613222578590311,5
Combined,Gradient Boosting,original__glrlm__GrayLevelNonUniformityNormalized,"native tree importance in PCA space, distributed by absolute PCA loading",0.0033088556763358596,0.0007506256121112148,0.0033088556763358596,0.0007506256121112145,5
Combined,Gradient Boosting,original__firstorder__Entropy,"native tree importance in PCA space, distributed by absolute PCA loading",0.0030744473845283476,0.0007876122140742089,0.0030744473845283476,0.0007876122140742087,5
Combined,Gradient Boosting,original__glcm__DifferenceEntropy,"native tree importance in PCA space, distributed by absolute PCA loading",0.0029243303623075665,0.0005386224355459822,0.0029243303623075665,0.0005386224355459819,5
Combined,Gradient Boosting,original__glcm__JointEntropy,"native tree importance in PCA space, distributed by absolute PCA loading",0.002807420930780499,0.0005166190050950489,0.002807420930780499,0.0005166190050950485,5
Combined,Gradient Boosting,original__glcm__SumEntropy,"native tree importance in PCA space, distributed by absolute PCA loading",0.0027611796383026272,0.0005814444563937455,0.0027611796383026272,0.000581444456393745,5
Combined,MLP,Creatinin,"mean absolute MLP SHAP in validation fold, back-projected via absolute PCA loadings",0.005653961342119029,0.0018488698569452257,0.01265819586014091,0.004790342716202874,5
Combined,MLP,High blood pressure,"mean absolute MLP SHAP in validation fold, back-projected via absolute PCA loadings",0.005375425184919069,0.0016486770574493693,0.01193669272840533,0.003948712353842614,5
Combined,MLP,Intraparenchymal,"mean absolute MLP SHAP in validation fold, back-projected via absolute PCA loadings",0.005361733665842208,0.0007971536843373461,0.011883513256477875,0.0018883859686186966,5
Combined,MLP,type of degenerative brain disease,"mean absolute MLP SHAP in validation fold, back-projected via absolute PCA loadings",0.005148159745262205,0.0011460697161057379,0.011316996066542826,0.0019857568612116844,5
Combined,MLP,Degenerative brain disease,"mean absolute MLP SHAP in validation fold, back-projected via absolute PCA loadings",0.005101842110715496,0.0011462929090953764,0.01121261886880072,0.00198116038910314,5
Combined,MLP,Contusion,"mean absolute MLP SHAP in validation fold, back-projected via absolute PCA loadings",0.005026295845238567,0.0013327098829467832,0.01105263289548172,0.0024798798475427967,5
Combined,MLP,kidney failure,"mean absolute MLP SHAP in validation fold, back-projected via absolute PCA loadings",0.004909546851484713,0.001163782351456733,0.010783863579904358,0.002048577885976283,5
Combined,MLP,IVH,"mean absolute MLP SHAP in validation fold, back-projected via absolute PCA loadings",0.00474279024674684,0.0012962975747973992,0.010536376805675495,0.003054518562910564,5
Combined,MLP,type_of_hemorrhage_num,"mean absolute MLP SHAP in validation fold, back-projected via absolute PCA loadings",0.0047748794455305,0.0007276230546392853,0.010524073441883997,0.001195117037462955,5
Combined,MLP,long PTT,"mean absolute MLP SHAP in validation fold, back-projected via absolute PCA loadings",0.0047231995862138335,0.0010876357281755047,0.010422968469672925,0.002089196166683425,5
Combined,MLP,Epidural,"mean absolute MLP SHAP in validation fold, back-projected via absolute PCA loadings",0.004732040393769755,0.0006260511151644106,0.010422848562562264,0.000787200953299869,5
Combined,MLP,original__glszm__LargeAreaLowGrayLevelEmphasis,"mean absolute MLP SHAP in validation fold, back-projected via absolute PCA loadings",0.004663583614209913,0.000682387623693519,0.010333250496141233,0.0016056158603336215,5
Combined,MLP,Sex,"mean absolute MLP SHAP in validation fold, back-projected via absolute PCA loadings",0.004677670062530839,0.0013006212421731035,0.010294009205817425,0.0024475951171073467,5
Combined,MLP,WBC,"mean absolute MLP SHAP in validation fold, back-projected via absolute PCA loadings",0.0046790698833494015,0.0009409629329194882,0.010278426423723567,0.0015707661965940118,5
Combined,MLP,original__shape__MajorAxisLength,"mean absolute MLP SHAP in validation fold, back-projected via absolute PCA loadings",0.004479516077414456,0.0005404252904941167,0.009916332924638152,0.0011666235758007845,5
Combined,MLP,Anemia,"mean absolute MLP SHAP in validation fold, back-projected via absolute PCA loadings",0.00448762014196935,0.0010747948549846792,0.009915519582964882,0.002137182413824455,5
Combined,MLP,hemoglobin,"mean absolute MLP SHAP in validation fold, back-projected via absolute PCA loadings",0.004463282776656513,0.000801186758033737,0.009813200023760382,0.001201407175454113,5
Combined,MLP,original__firstorder__10Percentile,"mean absolute MLP SHAP in validation fold, back-projected via absolute PCA loadings",0.00444053572049633,0.001095175083297705,0.00980323712254941,0.002290603095605587,5
Combined,MLP,original__firstorder__Kurtosis,"mean absolute MLP SHAP in validation fold, back-projected via absolute PCA loadings",0.004374331245271407,0.0009027800107800467,0.0097176108528047,0.0022655355683080555,5
Combined,MLP,original__glcm__ClusterShade,"mean absolute MLP SHAP in validation fold, back-projected via absolute PCA loadings",0.004389819313353254,0.0008568328685217414,0.009673291589251036,0.0015133620597241606,5
Combined,MLP,leukocytosis,"mean absolute MLP SHAP in validation fold, back-projected via absolute PCA loadings",0.004396223818751896,0.001339925605659081,0.009653686804763062,0.0026174359057161735,5
Combined,MLP,original__shape__Maximum2DDiameterRow,"mean absolute MLP SHAP in validation fold, back-projected via absolute PCA loadings",0.0042949272401913655,0.0011844620631032787,0.009633190867048787,0.003255713043319625,5
Combined,MLP,thrombocytopenia,"mean absolute MLP SHAP in validation fold, back-projected via absolute PCA loadings",0.0042851876034302695,0.001356833383703879,0.009587401106542675,0.003390929201758179,5
Combined,MLP,original__glrlm__RunVariance,"mean absolute MLP SHAP in validation fold, back-projected via absolute PCA loadings",0.0042507327570454525,0.0005134378534545622,0.009465228615524096,0.0016509556155129815,5
Combined,MLP,platelet count,"mean absolute MLP SHAP in validation fold, back-projected via absolute PCA loadings",0.004261288136587394,0.0011959285553893317,0.009464284377304032,0.0026953575882233197,5
Combined,MLP,original__shape__Maximum2DDiameterColumn,"mean absolute MLP SHAP in validation fold, back-projected via absolute PCA loadings",0.0042933229021955574,0.0009829367151005497,0.009463597136503365,0.0019376843567462919,5
Combined,MLP,RBC,"mean absolute MLP SHAP in validation fold, back-projected via absolute PCA loadings",0.004244698442359593,0.0005387362825003612,0.009390775002332607,0.0011351596299620798,5
Combined,MLP,original__shape__Maximum2DDiameterSlice,"mean absolute MLP SHAP in validation fold, back-projected via absolute PCA loadings",0.0041951867215682705,0.000671108325931652,0.009343024707784111,0.0018117077156864381,5
Combined,MLP,original__shape__SurfaceVolumeRatio,"mean absolute MLP SHAP in validation fold, back-projected via absolute PCA loadings",0.004215262544969441,0.0004659780383832635,0.009339476581801657,0.0011151996177450765,5
Combined,MLP,Subdural,"mean absolute MLP SHAP in validation fold, back-projected via absolute PCA loadings",0.00421086871223466,0.0005126231182513108,0.009287121361881432,0.000722671206318114,5
Combined,MLP,original__glszm__ZoneEntropy,"mean absolute MLP SHAP in validation fold, back-projected via absolute PCA loadings",0.004205246542003762,0.0008424816760807234,0.009282957776356867,0.0016423153964757217,5
Combined,MLP,INR,"mean absolute MLP SHAP in validation fold, back-projected via absolute PCA loadings",0.004154531507273353,0.0005164136563539708,0.009280678253774181,0.0018092484828570567,5
Combined,MLP,original__shape__Maximum3DDiameter,"mean absolute MLP SHAP in validation fold, back-projected via absolute PCA loadings",0.004127353138957375,0.0009257426519629439,0.009123782401214444,0.0019430150753506367,5
Combined,MLP,Subarachnoid,"mean absolute MLP SHAP in validation fold, back-projected via absolute PCA loadings",0.0040632346952095885,0.0012239545316930552,0.009084235674797044,0.00316902781519888,5
Combined,MLP,PTT,"mean absolute MLP SHAP in validation fold, back-projected via absolute PCA loadings",0.004117091059536643,0.0007945921743847139,0.009048417747170526,0.00121665723666998,5
Combined,MLP,long PT,"mean absolute MLP SHAP in validation fold, back-projected via absolute PCA loadings",0.004004390033632055,0.0008892772927734834,0.008937478806016499,0.002337612723957884,5
Combined,MLP,original__firstorder__Skewness,"mean absolute MLP SHAP in validation fold, back-projected via absolute PCA loadings",0.004024096128315836,0.0005470324091213705,0.008885199101969752,0.0009222113202668305,5
Combined,MLP,on admission GCS,"mean absolute MLP SHAP in validation fold, back-projected via absolute PCA loadings",0.003994191713719326,0.0002960385136621422,0.008865140781844836,0.0010033220798471622,5
Combined,MLP,original__shape__MinorAxisLength,"mean absolute MLP SHAP in validation fold, back-projected via absolute PCA loadings",0.0040159391482405635,0.0007472171123667591,0.008861927212211287,0.0014777308890821716,5
Combined,MLP,original__gldm__DependenceVariance,"mean absolute MLP SHAP in validation fold, back-projected via absolute PCA loadings",0.003937825810442008,0.00040311929399767306,0.008712017155340385,0.000812342970959075,5
Combined,MLP,original__firstorder__Maximum,"mean absolute MLP SHAP in validation fold, back-projected via absolute PCA loadings",0.0038830452731046226,0.0006714348722319446,0.008639912118829187,0.0017730826204496745,5
Combined,MLP,original__ngtdm__Complexity,"mean absolute MLP SHAP in validation fold, back-projected via absolute PCA loadings",0.0038905344014784453,0.000832394891896116,0.00858211748449404,0.0016344978774329353,5
Combined,MLP,original__glcm__Correlation,"mean absolute MLP SHAP in validation fold, back-projected via absolute PCA loadings",0.0038650807129130367,0.0007016909257519634,0.008542221165659804,0.0014398292574564885,5
Combined,MLP,long INR,"mean absolute MLP SHAP in validation fold, back-projected via absolute PCA loadings",0.0038075734943238265,0.0008843746001712072,0.008493133331424915,0.00226588167939359,5
Combined,MLP,original__shape__MeshVolume,"mean absolute MLP SHAP in validation fold, back-projected via absolute PCA loadings",0.003809890256259156,0.0006118851671281023,0.00840329030550776,0.0010583846192864599,5
Combined,MLP,original__glszm__LargeAreaHighGrayLevelEmphasis,"mean absolute MLP SHAP in validation fold, back-projected via absolute PCA loadings",0.0037453395468191484,0.0006309251502007932,0.008224608356340781,0.0007746410256781607,5
Combined,MLP,original__glcm__MCC,"mean absolute MLP SHAP in validation fold, back-projected via absolute PCA loadings",0.0037203516470677442,0.0008572077196212756,0.00815327182053439,0.0013414506153188717,5
Combined,MLP,original__shape__Sphericity,"mean absolute MLP SHAP in validation fold, back-projected via absolute PCA loadings",0.0036743765203140445,0.0006408399396115159,0.008119553958438625,0.001367136813529558,5
Combined,MLP,PT,"mean absolute MLP SHAP in validation fold, back-projected via absolute PCA loadings",0.0036209808585051457,0.0012335519636639633,0.008073995355467867,0.0030186738805500534,5
Combined,MLP,original__shape__VoxelVolume,"mean absolute MLP SHAP in validation fold, back-projected via absolute PCA loadings",0.00363166728059276,0.0005360241051450293,0.008021512285931212,0.0010009822978500464,5
Combined,MLP,Age,"mean absolute MLP SHAP in validation fold, back-projected via absolute PCA loadings",0.0036302354271166492,0.0006227821024177086,0.008013331673474167,0.0011994005435955232,5
Combined,MLP,original__gldm__SmallDependenceLowGrayLevelEmphasis,"mean absolute MLP SHAP in validation fold, back-projected via absolute PCA loadings",0.0036274138873774718,0.0005167870527412249,0.007985442897045553,0.0005883286546533531,5
Combined,MLP,original__shape__Flatness,"mean absolute MLP SHAP in validation fold, back-projected via absolute PCA loadings",0.0036007971372096215,0.0009804948662419557,0.007967868357289519,0.0021320225346778193,5
Combined,MLP,original__ngtdm__Contrast,"mean absolute MLP SHAP in validation fold, back-projected via absolute PCA loadings",0.003530912493743399,0.0007029779232091194,0.00776573771531236,0.001279645440833683,5
Combined,MLP,original__glrlm__LongRunEmphasis,"mean absolute MLP SHAP in validation fold, back-projected via absolute PCA loadings",0.003501901529153483,0.000572948107670877,0.007725521210166389,0.001022424049507492,5
Combined,MLP,original__glrlm__LongRunHighGrayLevelEmphasis,"mean absolute MLP SHAP in validation fold, back-projected via absolute PCA loadings",0.0034941731595920372,0.00043640559982249626,0.007710736505444666,0.0006705294306941962,5
Combined,MLP,original__glrlm__RunLengthNonUniformity,"mean absolute MLP SHAP in validation fold, back-projected via absolute PCA loadings",0.0034982246562380677,0.0007897298807407323,0.007704028550299264,0.0015572203447010565,5
Combined,MLP,original__glcm__Imc1,"mean absolute MLP SHAP in validation fold, back-projected via absolute PCA loadings",0.003434054811833942,0.0007743025855831299,0.00766565547595594,0.0020228551117078084,5
Combined,MLP,original__glszm__GrayLevelNonUniformity,"mean absolute MLP SHAP in validation fold, back-projected via absolute PCA loadings",0.0034693454455501068,0.0008234284186032567,0.007655810943753544,0.0017013865467643895,5
Combined,MLP,original__glszm__SmallAreaEmphasis,"mean absolute MLP SHAP in validation fold, back-projected via absolute PCA loadings",0.003478105632305676,0.0006579271144023794,0.0076501739009432095,0.0011711075311925773,5
Combined,MLP,original__gldm__DependenceNonUniformityNormalized,"mean absolute MLP SHAP in validation fold, back-projected via absolute PCA loadings",0.003456022809801656,0.00038932021720066877,0.007635288604844403,0.000648436078526521,5
Combined,MLP,original__shape__LeastAxisLength,"mean absolute MLP SHAP in validation fold, back-projected via absolute PCA loadings",0.0034401381853262163,0.0010124341201808908,0.007630935170990871,0.002283191423615611,5
Combined,MLP,original__ngtdm__Busyness,"mean absolute MLP SHAP in validation fold, back-projected via absolute PCA loadings",0.0034580709925004375,0.0005214143624947144,0.00761984273649134,0.0007797650183139854,5
Combined,MLP,original__firstorder__Energy,"mean absolute MLP SHAP in validation fold, back-projected via absolute PCA loadings",0.0034698484001792493,0.0008708042648259489,0.0075997538695483525,0.001486476493690361,5
Combined,MLP,original__glszm__SizeZoneNonUniformity,"mean absolute MLP SHAP in validation fold, back-projected via absolute PCA loadings",0.0033953319035312313,0.0003270255889793882,0.007513223957010902,0.0006955847020096803,5
Combined,MLP,original__gldm__LargeDependenceEmphasis,"mean absolute MLP SHAP in validation fold, back-projected via absolute PCA loadings",0.0033681398746437767,0.0005397207084624501,0.0074236268760857205,0.000890643856562482,5
Combined,MLP,original__glszm__SizeZoneNonUniformityNormalized,"mean absolute MLP SHAP in validation fold, back-projected via absolute PCA loadings",0.003373981331715814,0.0007161623020046432,0.0074140651777698015,0.0013148121892231166,5
Combined,MLP,original__firstorder__RobustMeanAbsoluteDeviation,"mean absolute MLP SHAP in validation fold, back-projected via absolute PCA loadings",0.0033522465274045963,0.0003089950987517055,0.00739717662143777,0.0001309010158733006,5
Combined,MLP,original__glcm__Idmn,"mean absolute MLP SHAP in validation fold, back-projected via absolute PCA loadings",0.0033584692057258697,0.0008287580115516436,0.007370122456595881,0.001579410292883907,5
Combined,MLP,original__firstorder__Mean,"mean absolute MLP SHAP in validation fold, back-projected via absolute PCA loadings",0.0033366108316698513,0.000980963401563488,0.007348998729666716,0.0020589238961331298,5
Combined,MLP,original__firstorder__InterquartileRange,"mean absolute MLP SHAP in validation fold, back-projected via absolute PCA loadings",0.003316242042342925,0.00031728357160318,0.007327515444358497,0.0004484170126471496,5
Combined,MLP,original__shape__Elongation,"mean absolute MLP SHAP in validation fold, back-projected via absolute PCA loadings",0.0032835091121698363,0.0007539429767368011,0.007307094256827179,0.0018242400362125527,5
Combined,MLP,original__gldm__DependenceNonUniformity,"mean absolute MLP SHAP in validation fold, back-projected via absolute PCA loadings",0.003313117727390188,0.0008536425693447112,0.007286142754374255,0.0016961580309766892,5
Combined,MLP,original__glszm__ZoneVariance,"mean absolute MLP SHAP in validation fold, back-projected via absolute PCA loadings",0.003295024564057313,0.0005319708122869193,0.007245668733208579,0.0007403105190161637,5
Combined,MLP,original__glszm__LargeAreaEmphasis,"mean absolute MLP SHAP in validation fold, back-projected via absolute PCA loadings",0.0032937408291424464,0.000528962015567082,0.00724306460771848,0.000731586622634486,5
Combined,MLP,original__glrlm__RunPercentage,"mean absolute MLP SHAP in validation fold, back-projected via absolute PCA loadings",0.0032763226758569714,0.0003975989358160482,0.0072171473651448815,0.00036065349740600045,5
Combined,MLP,original__firstorder__Median,"mean absolute MLP SHAP in validation fold, back-projected via absolute PCA loadings",0.0032688777055456344,0.0005664773521702558,0.007211791806936978,0.001079982396369381,5
Combined,MLP,original__shape__SurfaceArea,"mean absolute MLP SHAP in validation fold, back-projected via absolute PCA loadings",0.0032371000104795865,0.0006342259672809514,0.007106565047380851,0.000989981192252449,5
Combined,MLP,original__ngtdm__Strength,"mean absolute MLP SHAP in validation fold, back-projected via absolute PCA loadings",0.0030967139656546392,0.0004326673382709993,0.0068723959118062285,0.0011051004641502112,5
Combined,MLP,original__firstorder__TotalEnergy,"mean absolute MLP SHAP in validation fold, back-projected via absolute PCA loadings",0.0031066960691323144,0.0006279586342565539,0.006831575127610868,0.0011795150956407084,5
Combined,MLP,original__glrlm__GrayLevelNonUniformity,"mean absolute MLP SHAP in validation fold, back-projected via absolute PCA loadings",0.0031052523025676525,0.0006128254498130992,0.006819367450679984,0.001024942784247799,5
Combined,MLP,original__glrlm__RunEntropy,"mean absolute MLP SHAP in validation fold, back-projected via absolute PCA loadings",0.0030878025840432857,0.0002953721796847361,0.00681861053796637,0.00036903823276972133,5
Combined,MLP,original__gldm__GrayLevelNonUniformity,"mean absolute MLP SHAP in validation fold, back-projected via absolute PCA loadings",0.003102654000255607,0.0005965788534418667,0.006814361019948002,0.0009770816522435724,5
Combined,MLP,original__glcm__Imc2,"mean absolute MLP SHAP in validation fold, back-projected via absolute PCA loadings",0.0030636830397014177,0.0003749611073816056,0.006779134070093241,0.0007971904467262433,5
Combined,MLP,original__gldm__DependenceEntropy,"mean absolute MLP SHAP in validation fold, back-projected via absolute PCA loadings",0.0030540978946729746,0.00045783096884829125,0.006736358787240463,0.0007131739573973956,5
Combined,MLP,original__gldm__SmallDependenceEmphasis,"mean absolute MLP SHAP in validation fold, back-projected via absolute PCA loadings",0.0030275681450997204,0.0005210888141499402,0.0066513893675773815,0.0006844912164352154,5
Combined,MLP,original__ngtdm__Coarseness,"mean absolute MLP SHAP in validation fold, back-projected via absolute PCA loadings",0.0029926112286386064,0.0003293008295506155,0.0066057467289283136,0.00046640984252937573,5
Combined,MLP,original__glszm__ZonePercentage,"mean absolute MLP SHAP in validation fold, back-projected via absolute PCA loadings",0.002997148910908967,0.0005530479865640891,0.006585326876687503,0.0007941529623918171,5
Combined,MLP,original__gldm__LargeDependenceHighGrayLevelEmphasis,"mean absolute MLP SHAP in validation fold, back-projected via absolute PCA loadings",0.002963914731413904,0.0004040051005489462,0.006527900235292722,0.0004725751215950614,5
Combined,MLP,original__glcm__Idn,"mean absolute MLP SHAP in validation fold, back-projected via absolute PCA loadings",0.0029477836882774986,0.0006366706374356706,0.006490545261598195,0.0012357579340669556,5
Combined,MLP,original__firstorder__RootMeanSquared,"mean absolute MLP SHAP in validation fold, back-projected via absolute PCA loadings",0.002917342208147032,0.00052168397783628,0.006437766365700997,0.0010588309560013928,5
Combined,MLP,original__glrlm__ShortRunLowGrayLevelEmphasis,"mean absolute MLP SHAP in validation fold, back-projected via absolute PCA loadings",0.0029145212715704126,0.00039715182400763854,0.006432244989762308,0.0006551279078481989,5
Combined,MLP,original__glrlm__RunLengthNonUniformityNormalized,"mean absolute MLP SHAP in validation fold, back-projected via absolute PCA loadings",0.0029042556023520824,0.0004251011495082267,0.006387997257779117,0.00047771403261516856,5
Combined,MLP,original__glrlm__ShortRunEmphasis,"mean absolute MLP SHAP in validation fold, back-projected via absolute PCA loadings",0.002886370644920237,0.0005063142267575971,0.00633662253915322,0.0006734694818545986,5
Combined,MLP,original__glcm__ClusterProminence,"mean absolute MLP SHAP in validation fold, back-projected via absolute PCA loadings",0.0028456417459626787,0.0011066989782920421,0.006319101590184446,0.0026226681242142607,5
Combined,MLP,original__firstorder__Variance,"mean absolute MLP SHAP in validation fold, back-projected via absolute PCA loadings",0.002847164560195668,0.0001412237556824043,0.006307586499917581,0.0004159019224519305,5
Combined,MLP,original__glrlm__LowGrayLevelRunEmphasis,"mean absolute MLP SHAP in validation fold, back-projected via absolute PCA loadings",0.002750050471502122,0.0003446645473659718,0.006081871304421833,0.0006827033571189217,5
Combined,MLP,original__firstorder__Range,"mean absolute MLP SHAP in validation fold, back-projected via absolute PCA loadings",0.0027373840190215684,0.00043489703272302064,0.006056624366148078,0.0008951983017379248,5
Combined,MLP,original__glcm__DifferenceVariance,"mean absolute MLP SHAP in validation fold, back-projected via absolute PCA loadings",0.002694777909663384,0.0009395682288213208,0.005921804718859737,0.001935865519991614,5
Combined,MLP,original__glszm__HighGrayLevelZoneEmphasis,"mean absolute MLP SHAP in validation fold, back-projected via absolute PCA loadings",0.002691180744604834,0.0005247542123271392,0.005907276130581904,0.000821672576725024,5
Combined,MLP,original__gldm__HighGrayLevelEmphasis,"mean absolute MLP SHAP in validation fold, back-projected via absolute PCA loadings",0.0026778695285646767,0.000514630376409319,0.005881935383953215,0.0008290366820607896,5
Combined,MLP,original__glcm__JointAverage,"mean absolute MLP SHAP in validation fold, back-projected via absolute PCA loadings",0.002675954702958701,0.0005354111016318801,0.00587352244493052,0.0008607546837948884,5
Combined,MLP,original__glrlm__HighGrayLevelRunEmphasis,"mean absolute MLP SHAP in validation fold, back-projected via absolute PCA loadings",0.002672790539038212,0.0005208244487883156,0.00586962968525862,0.000840801289172211,5
Combined,MLP,original__glszm__GrayLevelVariance,"mean absolute MLP SHAP in validation fold, back-projected via absolute PCA loadings",0.0025710429006663227,0.0005739046730342634,0.005671509589098883,0.0012488011197853866,5
Combined,MLP,original__firstorder__90Percentile,"mean absolute MLP SHAP in validation fold, back-projected via absolute PCA loadings",0.0025131146082632617,0.0003944600918778612,0.005548192642845654,0.0007545189112948541,5
Combined,MLP,original__gldm__LargeDependenceLowGrayLevelEmphasis,"mean absolute MLP SHAP in validation fold, back-projected via absolute PCA loadings",0.002498006762860815,0.00040574231174723025,0.0055353754662705364,0.0009253046023502241,5
Combined,MLP,original__gldm__LowGrayLevelEmphasis,"mean absolute MLP SHAP in validation fold, back-projected via absolute PCA loadings",0.0024894750178112175,0.00036214667665773883,0.005477565514804714,0.00040186486935895504,5
Combined,MLP,original__glszm__SmallAreaLowGrayLevelEmphasis,"mean absolute MLP SHAP in validation fold, back-projected via absolute PCA loadings",0.002488109821566259,0.00040244206380489413,0.005469665082120532,0.0005397243584941439,5
Combined,MLP,original__glszm__LowGrayLevelZoneEmphasis,"mean absolute MLP SHAP in validation fold, back-projected via absolute PCA loadings",0.0024389847040623856,0.0003164416153002106,0.005376601386172962,0.00041117357713888386,5
Combined,MLP,original__glcm__Contrast,"mean absolute MLP SHAP in validation fold, back-projected via absolute PCA loadings",0.002423641162758054,0.000691101431299935,0.005334745552472196,0.0013832471328837275,5
Combined,MLP,original__glrlm__LongRunLowGrayLevelEmphasis,"mean absolute MLP SHAP in validation fold, back-projected via absolute PCA loadings",0.002400932871052837,0.0004821932251346812,0.005300851476442097,0.0009142184089993081,5
Combined,MLP,original__glcm__ClusterTendency,"mean absolute MLP SHAP in validation fold, back-projected via absolute PCA loadings",0.002352211855495545,0.000726733663990371,0.005170333395411423,0.0014937453826519987,5
Combined,MLP,original__glcm__SumSquares,"mean absolute MLP SHAP in validation fold, back-projected via absolute PCA loadings",0.0022971963158557544,0.0007582333880926952,0.005043034785032428,0.001551980058228972,5
Combined,MLP,original__glszm__SmallAreaHighGrayLevelEmphasis,"mean absolute MLP SHAP in validation fold, back-projected via absolute PCA loadings",0.002287547440639573,0.0005147025167169469,0.005028545082463674,0.0010011784626090916,5
Combined,MLP,original__glcm__Idm,"mean absolute MLP SHAP in validation fold, back-projected via absolute PCA loadings",0.002215650088241675,0.0003477613169377585,0.004905418805077355,0.0007758328665242771,5
Combined,MLP,original__glcm__Autocorrelation,"mean absolute MLP SHAP in validation fold, back-projected via absolute PCA loadings",0.002194330177131095,0.00046743753697759994,0.0048220760124270375,0.000877755965331277,5
Combined,MLP,original__firstorder__Minimum,"mean absolute MLP SHAP in validation fold, back-projected via absolute PCA loadings",0.0021943561843064674,0.00046839273232631725,0.004813833891887645,0.0007896769225009243,5
Combined,MLP,original__firstorder__Uniformity,"mean absolute MLP SHAP in validation fold, back-projected via absolute PCA loadings",0.002180843507113354,0.00043587481382318044,0.004792707388713956,0.0007029544864495941,5
Combined,MLP,original__gldm__GrayLevelVariance,"mean absolute MLP SHAP in validation fold, back-projected via absolute PCA loadings",0.0021767410408854854,0.0007291638205855147,0.004774609214426189,0.0014879206524386734,5
Combined,MLP,original__glcm__JointEnergy,"mean absolute MLP SHAP in validation fold, back-projected via absolute PCA loadings",0.002153949088404162,0.00021565262367430826,0.004773721716509681,0.0005451256488895041,5
Combined,MLP,original__glcm__SumAverage,"mean absolute MLP SHAP in validation fold, back-projected via absolute PCA loadings",0.0021671176985876652,0.0004972180560173691,0.004748852826129182,0.0008401759829590377,5
Combined,MLP,original__firstorder__MeanAbsoluteDeviation,"mean absolute MLP SHAP in validation fold, back-projected via absolute PCA loadings",0.0021550042977138296,0.0007728899925866049,0.004747897449164472,0.0017462153456215483,5
Combined,MLP,original__glrlm__ShortRunHighGrayLevelEmphasis,"mean absolute MLP SHAP in validation fold, back-projected via absolute PCA loadings",0.0021249658613015743,0.00050217655583682,0.00466674379871215,0.0009793878277311236,5
Combined,MLP,original__glszm__GrayLevelNonUniformityNormalized,"mean absolute MLP SHAP in validation fold, back-projected via absolute PCA loadings",0.0020965464591119485,0.00042728261718512784,0.004623821015555031,0.0008290965180991225,5
Combined,MLP,original__glrlm__GrayLevelVariance,"mean absolute MLP SHAP in validation fold, back-projected via absolute PCA loadings",0.0020761173705181727,0.0007224021043589037,0.004549092697005248,0.0014704074010811466,5
Combined,MLP,original__gldm__SmallDependenceHighGrayLevelEmphasis,"mean absolute MLP SHAP in validation fold, back-projected via absolute PCA loadings",0.0020367178693098853,0.00029597083477388945,0.004494452295291818,0.0005172677778401639,5
Combined,MLP,original__glcm__MaximumProbability,"mean absolute MLP SHAP in validation fold, back-projected via absolute PCA loadings",0.0018335753046299524,0.00013890198729950238,0.004062502328198486,0.000375871631604021,5
Combined,MLP,original__glcm__InverseVariance,"mean absolute MLP SHAP in validation fold, back-projected via absolute PCA loadings",0.001765475093251059,0.00020719121462862,0.003910622963791006,0.0005080164908533386,5
Combined,MLP,original__firstorder__Entropy,"mean absolute MLP SHAP in validation fold, back-projected via absolute PCA loadings",0.001738264074713897,0.0005625088141042301,0.0038302045150628112,0.0011439393526351828,5
Combined,MLP,original__glrlm__GrayLevelNonUniformityNormalized,"mean absolute MLP SHAP in validation fold, back-projected via absolute PCA loadings",0.0017155708490620518,0.0005223079034869925,0.003788183194674906,0.0010747660250052234,5
Combined,MLP,original__glcm__Id,"mean absolute MLP SHAP in validation fold, back-projected via absolute PCA loadings",0.0016994723542399753,0.0001592533413790769,0.0037613518705952955,0.0003575170418412793,5
Combined,MLP,original__glcm__DifferenceAverage,"mean absolute MLP SHAP in validation fold, back-projected via absolute PCA loadings",0.0016896980752091073,0.00018743239916909086,0.003742305311125622,0.0004372607045285797,5
Combined,MLP,original__glcm__JointEntropy,"mean absolute MLP SHAP in validation fold, back-projected via absolute PCA loadings",0.0014936876420767865,0.00014715894047009616,0.003306811583673251,0.00031713948652448105,5
Combined,MLP,original__glcm__SumEntropy,"mean absolute MLP SHAP in validation fold, back-projected via absolute PCA loadings",0.0014851145687921857,0.00013211724120905507,0.003284362877646547,0.0002355992187455739,5
Combined,MLP,original__glcm__DifferenceEntropy,"mean absolute MLP SHAP in validation fold, back-projected via absolute PCA loadings",0.0013988896493587638,0.00013146576970554302,0.0030960857610307867,0.00027631985452649234,5
Combined,Random Forest,IVH,"native tree importance in PCA space, distributed by absolute PCA loading",0.013556634689300306,0.0017844378412272155,0.013556634689300306,0.001784437841227216,5
Combined,Random Forest,Creatinin,"native tree importance in PCA space, distributed by absolute PCA loading",0.013287942034968917,0.0025565174040272426,0.013287942034968914,0.002556517404027241,5
Combined,Random Forest,Intraparenchymal,"native tree importance in PCA space, distributed by absolute PCA loading",0.013208211759323286,0.001983936464368758,0.013208211759323286,0.001983936464368758,5
Combined,Random Forest,type_of_hemorrhage_num,"native tree importance in PCA space, distributed by absolute PCA loading",0.012373311601589863,0.0009277816276587252,0.012373311601589863,0.0009277816276587253,5
Combined,Random Forest,High blood pressure,"native tree importance in PCA space, distributed by absolute PCA loading",0.012362666999891322,0.002182083448860666,0.012362666999891322,0.0021820834488606652,5
Combined,Random Forest,Contusion,"native tree importance in PCA space, distributed by absolute PCA loading",0.012257661775360857,0.0018231959959316044,0.012257661775360855,0.001823195995931604,5
Combined,Random Forest,Sex,"native tree importance in PCA space, distributed by absolute PCA loading",0.011998266491774762,0.0015928753151409362,0.011998266491774762,0.0015928753151409378,5
Combined,Random Forest,long PTT,"native tree importance in PCA space, distributed by absolute PCA loading",0.01188875686211551,0.0010256060045148942,0.011888756862115508,0.0010256060045148935,5
Combined,Random Forest,kidney failure,"native tree importance in PCA space, distributed by absolute PCA loading",0.011714474114466786,0.001850433087020761,0.011714474114466784,0.0018504330870207611,5
Combined,Random Forest,Epidural,"native tree importance in PCA space, distributed by absolute PCA loading",0.011662190774015643,0.0004541394400226505,0.011662190774015641,0.0004541394400226492,5
Combined,Random Forest,leukocytosis,"native tree importance in PCA space, distributed by absolute PCA loading",0.011650912886937141,0.001997234822387438,0.011650912886937141,0.001997234822387437,5
Combined,Random Forest,Subarachnoid,"native tree importance in PCA space, distributed by absolute PCA loading",0.011482951625564996,0.0014413074792332965,0.011482951625564994,0.0014413074792332958,5
Combined,Random Forest,platelet count,"native tree importance in PCA space, distributed by absolute PCA loading",0.01139354773061454,0.001377945177715833,0.011393547730614538,0.0013779451777158325,5
Combined,Random Forest,Subdural,"native tree importance in PCA space, distributed by absolute PCA loading",0.011363420625335649,0.0012056737365953609,0.011363420625335649,0.0012056737365953606,5
Combined,Random Forest,WBC,"native tree importance in PCA space, distributed by absolute PCA loading",0.011278159328724313,0.0012730701720943696,0.011278159328724311,0.0012730701720943698,5
Combined,Random Forest,type of degenerative brain disease,"native tree importance in PCA space, distributed by absolute PCA loading",0.011213582702245734,0.0003446598365677217,0.011213582702245734,0.00034465983656772176,5
Combined,Random Forest,on admission GCS,"native tree importance in PCA space, distributed by absolute PCA loading",0.011209905317886052,0.001718884739038502,0.01120990531788605,0.0017188847390385005,5
Combined,Random Forest,PTT,"native tree importance in PCA space, distributed by absolute PCA loading",0.011086703415771653,0.001290298305393629,0.011086703415771651,0.0012902983053936284,5
Combined,Random Forest,Anemia,"native tree importance in PCA space, distributed by absolute PCA loading",0.011039009439647252,0.0007104564394880072,0.01103900943964725,0.0007104564394880053,5
Combined,Random Forest,original__shape__MajorAxisLength,"native tree importance in PCA space, distributed by absolute PCA loading",0.011022437565904436,0.0008445099164043168,0.011022437565904436,0.0008445099164043175,5
Combined,Random Forest,Degenerative brain disease,"native tree importance in PCA space, distributed by absolute PCA loading",0.011004770211215844,0.000498641090933218,0.011004770211215844,0.000498641090933218,5
Combined,Random Forest,original__glszm__LargeAreaLowGrayLevelEmphasis,"native tree importance in PCA space, distributed by absolute PCA loading",0.010997622328332934,0.0006637950155398507,0.010997622328332932,0.0006637950155398503,5
Combined,Random Forest,thrombocytopenia,"native tree importance in PCA space, distributed by absolute PCA loading",0.010858623174281027,0.0012153626343766259,0.010858623174281027,0.001215362634376627,5
Combined,Random Forest,original__glcm__ClusterShade,"native tree importance in PCA space, distributed by absolute PCA loading",0.010686864633623805,0.0009206908797930067,0.010686864633623805,0.0009206908797930073,5
Combined,Random Forest,original__firstorder__Kurtosis,"native tree importance in PCA space, distributed by absolute PCA loading",0.010396677763749671,0.0016361306111733955,0.010396677763749671,0.001636130611173397,5
Combined,Random Forest,long PT,"native tree importance in PCA space, distributed by absolute PCA loading",0.010141021827661113,0.000662974220213572,0.010141021827661113,0.0006629742202135701,5
Combined,Random Forest,original__shape__Maximum2DDiameterRow,"native tree importance in PCA space, distributed by absolute PCA loading",0.010103240808827752,0.0011124747611276785,0.01010324080882775,0.0011124747611276772,5
Combined,Random Forest,original__firstorder__Skewness,"native tree importance in PCA space, distributed by absolute PCA loading",0.009965595761391926,0.0011190598947958999,0.009965595761391926,0.0011190598947958986,5
Combined,Random Forest,original__glcm__Correlation,"native tree importance in PCA space, distributed by absolute PCA loading",0.009828379371930701,0.0009163624646314124,0.0098283793719307,0.0009163624646314129,5
Combined,Random Forest,original__glcm__MCC,"native tree importance in PCA space, distributed by absolute PCA loading",0.009546225172250875,0.0007112751741537003,0.009546225172250875,0.0007112751741537025,5
Combined,Random Forest,original__glrlm__RunVariance,"native tree importance in PCA space, distributed by absolute PCA loading",0.009518800743575282,0.0011127046714464535,0.009518800743575282,0.001112704671446454,5
Combined,Random Forest,original__shape__Maximum2DDiameterColumn,"native tree importance in PCA space, distributed by absolute PCA loading",0.009509628321932879,0.0012953120348267136,0.009509628321932877,0.0012953120348267145,5
Combined,Random Forest,hemoglobin,"native tree importance in PCA space, distributed by absolute PCA loading",0.00950059139827917,0.0010663230269931491,0.009500591398279168,0.001066323026993149,5
Combined,Random Forest,original__glszm__GrayLevelNonUniformity,"native tree importance in PCA space, distributed by absolute PCA loading",0.009482828729412708,0.0007759742713080909,0.009482828729412706,0.0007759742713080917,5
Combined,Random Forest,long INR,"native tree importance in PCA space, distributed by absolute PCA loading",0.009461162891443557,0.0015698795669652544,0.009461162891443557,0.001569879566965254,5
Combined,Random Forest,original__shape__Maximum3DDiameter,"native tree importance in PCA space, distributed by absolute PCA loading",0.009442072805419113,0.0009331078834192786,0.009442072805419113,0.0009331078834192795,5
Combined,Random Forest,original__shape__MinorAxisLength,"native tree importance in PCA space, distributed by absolute PCA loading",0.009297057449785104,0.0006040846574485273,0.009297057449785102,0.0006040846574485268,5
Combined,Random Forest,original__shape__Flatness,"native tree importance in PCA space, distributed by absolute PCA loading",0.009295882179410908,0.0011346639576383542,0.009295882179410908,0.0011346639576383548,5
Combined,Random Forest,Age,"native tree importance in PCA space, distributed by absolute PCA loading",0.009263823081402339,0.000572703984772884,0.009263823081402337,0.0005727039847728839,5
Combined,Random Forest,original__shape__Maximum2DDiameterSlice,"native tree importance in PCA space, distributed by absolute PCA loading",0.009237688568206224,0.0011871614031701277,0.009237688568206223,0.0011871614031701268,5
Combined,Random Forest,INR,"native tree importance in PCA space, distributed by absolute PCA loading",0.009140141839376472,0.0005285098305553149,0.009140141839376472,0.0005285098305553146,5
Combined,Random Forest,original__shape__SurfaceVolumeRatio,"native tree importance in PCA space, distributed by absolute PCA loading",0.009041238365424368,0.0012734069132173437,0.009041238365424368,0.0012734069132173443,5
Combined,Random Forest,RBC,"native tree importance in PCA space, distributed by absolute PCA loading",0.009020168209113489,0.0013284772040185555,0.009020168209113489,0.0013284772040185555,5
Combined,Random Forest,original__shape__Sphericity,"native tree importance in PCA space, distributed by absolute PCA loading",0.008859846464591965,0.0008037894329932378,0.008859846464591965,0.0008037894329932365,5
Combined,Random Forest,original__firstorder__Maximum,"native tree importance in PCA space, distributed by absolute PCA loading",0.008835491469058446,0.0006822886144625993,0.008835491469058446,0.000682288614462599,5
Combined,Random Forest,original__glcm__Imc1,"native tree importance in PCA space, distributed by absolute PCA loading",0.008622186028599004,0.0015688458044676857,0.008622186028599002,0.0015688458044676857,5
Combined,Random Forest,original__gldm__DependenceVariance,"native tree importance in PCA space, distributed by absolute PCA loading",0.008606464634045671,0.0006417217253546493,0.008606464634045671,0.0006417217253546487,5
Combined,Random Forest,original__ngtdm__Busyness,"native tree importance in PCA space, distributed by absolute PCA loading",0.008523226133830853,0.0005886824329632201,0.008523226133830853,0.0005886824329632207,5
Combined,Random Forest,PT,"native tree importance in PCA space, distributed by absolute PCA loading",0.008393523060081693,0.0009781054762414575,0.008393523060081693,0.0009781054762414575,5
Combined,Random Forest,original__shape__LeastAxisLength,"native tree importance in PCA space, distributed by absolute PCA loading",0.008231444406743251,0.0019326297899609887,0.008231444406743251,0.0019326297899609887,5
Combined,Random Forest,original__glszm__SizeZoneNonUniformity,"native tree importance in PCA space, distributed by absolute PCA loading",0.008224794814427207,0.000574044185338418,0.008224794814427205,0.0005740441853384182,5
Combined,Random Forest,original__ngtdm__Contrast,"native tree importance in PCA space, distributed by absolute PCA loading",0.008034502801409247,0.0005389165154169923,0.008034502801409245,0.000538916515416992,5
Combined,Random Forest,original__shape__MeshVolume,"native tree importance in PCA space, distributed by absolute PCA loading",0.00795946642360435,0.000209293967467722,0.00795946642360435,0.0002092939674677223,5
Combined,Random Forest,original__glszm__ZoneEntropy,"native tree importance in PCA space, distributed by absolute PCA loading",0.00782343772792351,0.0009387528317039475,0.00782343772792351,0.0009387528317039478,5
Combined,Random Forest,original__gldm__SmallDependenceLowGrayLevelEmphasis,"native tree importance in PCA space, distributed by absolute PCA loading",0.007788509214634832,0.0003486194963775877,0.007788509214634832,0.00034861949637758784,5
Combined,Random Forest,original__firstorder__RobustMeanAbsoluteDeviation,"native tree importance in PCA space, distributed by absolute PCA loading",0.007715405739436125,0.0007463417630622597,0.007715405739436125,0.0007463417630622601,5
Combined,Random Forest,original__shape__Elongation,"native tree importance in PCA space, distributed by absolute PCA loading",0.007665224562057565,0.001008607119269418,0.007665224562057565,0.0010086071192694172,5
Combined,Random Forest,original__firstorder__InterquartileRange,"native tree importance in PCA space, distributed by absolute PCA loading",0.007586116065910309,0.0009257252192182418,0.007586116065910309,0.0009257252192182427,5
Combined,Random Forest,original__firstorder__10Percentile,"native tree importance in PCA space, distributed by absolute PCA loading",0.0075513502318195775,0.0010829152052310009,0.0075513502318195775,0.0010829152052310002,5
Combined,Random Forest,original__ngtdm__Complexity,"native tree importance in PCA space, distributed by absolute PCA loading",0.007368917960344662,0.0007217017896275827,0.007368917960344661,0.0007217017896275828,5
Combined,Random Forest,original__shape__VoxelVolume,"native tree importance in PCA space, distributed by absolute PCA loading",0.007108913058059165,0.00027372500563498754,0.007108913058059163,0.00027372500563498716,5
Combined,Random Forest,original__glcm__Idmn,"native tree importance in PCA space, distributed by absolute PCA loading",0.007096896059189908,0.0005329470171395222,0.007096896059189908,0.0005329470171395219,5
Combined,Random Forest,original__glcm__Imc2,"native tree importance in PCA space, distributed by absolute PCA loading",0.007071813823273912,0.0010247967248975887,0.007071813823273912,0.001024796724897588,5
Combined,Random Forest,original__firstorder__Variance,"native tree importance in PCA space, distributed by absolute PCA loading",0.007064984502626802,0.0007215416290430989,0.007064984502626802,0.0007215416290430984,5
Combined,Random Forest,original__ngtdm__Strength,"native tree importance in PCA space, distributed by absolute PCA loading",0.006791170553867881,0.0004904068909212407,0.0067911705538678795,0.0004904068909212402,5
Combined,Random Forest,original__glrlm__RunLengthNonUniformity,"native tree importance in PCA space, distributed by absolute PCA loading",0.0067550335190394275,0.0005499853879143777,0.0067550335190394275,0.0005499853879143783,5
Combined,Random Forest,original__ngtdm__Coarseness,"native tree importance in PCA space, distributed by absolute PCA loading",0.0066897046202443675,0.00040003307788087465,0.0066897046202443675,0.00040003307788087503,5
Combined,Random Forest,original__glszm__SmallAreaEmphasis,"native tree importance in PCA space, distributed by absolute PCA loading",0.0066393377608102875,0.0005028292288060787,0.0066393377608102875,0.0005028292288060791,5
Combined,Random Forest,original__glcm__Idn,"native tree importance in PCA space, distributed by absolute PCA loading",0.006509810366191135,0.00028662448331362293,0.006509810366191135,0.0002866244833136222,5
Combined,Random Forest,original__glszm__SizeZoneNonUniformityNormalized,"native tree importance in PCA space, distributed by absolute PCA loading",0.0064898401247092926,0.0004211049257037325,0.0064898401247092926,0.0004211049257037332,5
Combined,Random Forest,original__firstorder__Mean,"native tree importance in PCA space, distributed by absolute PCA loading",0.006474103579796592,0.0005857521613610789,0.006474103579796592,0.0005857521613610783,5
Combined,Random Forest,original__glrlm__ShortRunLowGrayLevelEmphasis,"native tree importance in PCA space, distributed by absolute PCA loading",0.006432010632527939,0.00029096355068219227,0.006432010632527939,0.00029096355068219265,5
Combined,Random Forest,original__gldm__DependenceNonUniformityNormalized,"native tree importance in PCA space, distributed by absolute PCA loading",0.006416195205493686,0.0002601441470519814,0.006416195205493686,0.0002601441470519807,5
Combined,Random Forest,original__firstorder__TotalEnergy,"native tree importance in PCA space, distributed by absolute PCA loading",0.006374442150075094,0.0005470754535530709,0.006374442150075094,0.0005470754535530712,5
Combined,Random Forest,original__gldm__LargeDependenceHighGrayLevelEmphasis,"native tree importance in PCA space, distributed by absolute PCA loading",0.0063640583566313205,0.0005666052914617541,0.0063640583566313205,0.0005666052914617548,5
Combined,Random Forest,original__gldm__DependenceNonUniformity,"native tree importance in PCA space, distributed by absolute PCA loading",0.006324334072939265,0.00034978341442492054,0.006324334072939265,0.0003497834144249211,5
Combined,Random Forest,original__glrlm__LongRunLowGrayLevelEmphasis,"native tree importance in PCA space, distributed by absolute PCA loading",0.006286336980707125,0.000966793158637361,0.006286336980707125,0.0009667931586373608,5
Combined,Random Forest,original__gldm__DependenceEntropy,"native tree importance in PCA space, distributed by absolute PCA loading",0.00626986590840489,0.0006355202653624552,0.006269865908404888,0.0006355202653624552,5
Combined,Random Forest,original__glrlm__LongRunEmphasis,"native tree importance in PCA space, distributed by absolute PCA loading",0.006212531628339265,0.00037872239779230735,0.006212531628339264,0.0003787223977923069,5
Combined,Random Forest,original__glszm__ZonePercentage,"native tree importance in PCA space, distributed by absolute PCA loading",0.0062084269311352145,0.0004413203757644396,0.006208426931135214,0.0004413203757644396,5
Combined,Random Forest,original__gldm__LargeDependenceEmphasis,"native tree importance in PCA space, distributed by absolute PCA loading",0.00620789111182445,0.00045863482783425056,0.006207891111824449,0.0004586348278342505,5
Combined,Random Forest,original__glrlm__RunPercentage,"native tree importance in PCA space, distributed by absolute PCA loading",0.006205803129784679,0.00024823682862098513,0.006205803129784678,0.00024823682862098486,5
Combined,Random Forest,original__gldm__LargeDependenceLowGrayLevelEmphasis,"native tree importance in PCA space, distributed by absolute PCA loading",0.006128077697174549,0.0007641956910068082,0.006128077697174548,0.0007641956910068079,5
Combined,Random Forest,original__glrlm__LowGrayLevelRunEmphasis,"native tree importance in PCA space, distributed by absolute PCA loading",0.0060861630688767735,0.0003021182398770121,0.0060861630688767735,0.0003021182398770119,5
Combined,Random Forest,original__glrlm__LongRunHighGrayLevelEmphasis,"native tree importance in PCA space, distributed by absolute PCA loading",0.0059936337061953565,0.000489986100367378,0.005993633706195356,0.0004899861003673782,5
Combined,Random Forest,original__gldm__SmallDependenceEmphasis,"native tree importance in PCA space, distributed by absolute PCA loading",0.005960105626164699,0.0005784531292547388,0.0059601056261646985,0.0005784531292547388,5
Combined,Random Forest,original__firstorder__Median,"native tree importance in PCA space, distributed by absolute PCA loading",0.00595040502479407,0.0006358927127632531,0.00595040502479407,0.0006358927127632524,5
Combined,Random Forest,original__glszm__ZoneVariance,"native tree importance in PCA space, distributed by absolute PCA loading",0.005943439880964314,0.0005434281824544923,0.005943439880964313,0.000543428182454493,5
Combined,Random Forest,original__glszm__LargeAreaEmphasis,"native tree importance in PCA space, distributed by absolute PCA loading",0.005937637552654586,0.0005359380143871877,0.005937637552654586,0.0005359380143871884,5
Combined,Random Forest,original__firstorder__RootMeanSquared,"native tree importance in PCA space, distributed by absolute PCA loading",0.005920086590512157,0.0002736836064826429,0.005920086590512156,0.000273683606482643,5
Combined,Random Forest,original__shape__SurfaceArea,"native tree importance in PCA space, distributed by absolute PCA loading",0.005901742946372435,0.00034677085556354876,0.005901742946372435,0.0003467708555635484,5
Combined,Random Forest,original__glrlm__RunEntropy,"native tree importance in PCA space, distributed by absolute PCA loading",0.005893668492371558,0.000640605631560371,0.005893668492371558,0.0006406056315603713,5
Combined,Random Forest,original__glszm__LargeAreaHighGrayLevelEmphasis,"native tree importance in PCA space, distributed by absolute PCA loading",0.005891287309133105,0.00046729868337358406,0.005891287309133105,0.0004672986833735846,5
Combined,Random Forest,original__glcm__ClusterProminence,"native tree importance in PCA space, distributed by absolute PCA loading",0.005785027732493479,0.0019911307841018557,0.005785027732493479,0.0019911307841018557,5
Combined,Random Forest,original__firstorder__Range,"native tree importance in PCA space, distributed by absolute PCA loading",0.005632345404310815,0.0002617227575204785,0.005632345404310815,0.00026172275752047873,5
Combined,Random Forest,original__firstorder__Energy,"native tree importance in PCA space, distributed by absolute PCA loading",0.005516194972424417,0.0005159892478750251,0.0055161949724244165,0.000515989247875026,5
Combined,Random Forest,original__gldm__LowGrayLevelEmphasis,"native tree importance in PCA space, distributed by absolute PCA loading",0.005477584196132995,0.00033956188543412066,0.005477584196132995,0.0003395618854341208,5
Combined,Random Forest,original__glrlm__GrayLevelNonUniformity,"native tree importance in PCA space, distributed by absolute PCA loading",0.005476533415794228,0.0001139543778534087,0.005476533415794228,0.00011395437785340956,5
Combined,Random Forest,original__glszm__GrayLevelNonUniformityNormalized,"native tree importance in PCA space, distributed by absolute PCA loading",0.00528681546124265,0.0006293005463699672,0.00528681546124265,0.0006293005463699672,5
Combined,Random Forest,original__glszm__GrayLevelVariance,"native tree importance in PCA space, distributed by absolute PCA loading",0.005222660915684489,0.0006783186715858127,0.005222660915684489,0.0006783186715858128,5
Combined,Random Forest,original__gldm__GrayLevelNonUniformity,"native tree importance in PCA space, distributed by absolute PCA loading",0.0051867076269562565,0.0002619131192421338,0.0051867076269562565,0.00026191311924213414,5
Combined,Random Forest,original__glcm__Idm,"native tree importance in PCA space, distributed by absolute PCA loading",0.005182900444866316,0.0005109583814815301,0.005182900444866316,0.0005109583814815303,5
Combined,Random Forest,original__glcm__JointEnergy,"native tree importance in PCA space, distributed by absolute PCA loading",0.005136791523930687,0.0005413866910366612,0.005136791523930687,0.0005413866910366614,5
Combined,Random Forest,original__firstorder__90Percentile,"native tree importance in PCA space, distributed by absolute PCA loading",0.005026236784600223,0.000364288678919376,0.005026236784600223,0.0003642886789193763,5
Combined,Random Forest,original__glcm__DifferenceVariance,"native tree importance in PCA space, distributed by absolute PCA loading",0.00498050519830961,0.0013257080549219915,0.00498050519830961,0.001325708054921991,5
Combined,Random Forest,original__glszm__LowGrayLevelZoneEmphasis,"native tree importance in PCA space, distributed by absolute PCA loading",0.004973117307661597,0.00021386370704838564,0.004973117307661597,0.00021386370704838586,5
Combined,Random Forest,original__firstorder__MeanAbsoluteDeviation,"native tree importance in PCA space, distributed by absolute PCA loading",0.004968258658588512,0.0018695663301961343,0.004968258658588512,0.0018695663301961348,5
Combined,Random Forest,original__gldm__HighGrayLevelEmphasis,"native tree importance in PCA space, distributed by absolute PCA loading",0.00495573941428743,0.00025138758955632737,0.00495573941428743,0.00025138758955632807,5
Combined,Random Forest,original__glszm__HighGrayLevelZoneEmphasis,"native tree importance in PCA space, distributed by absolute PCA loading",0.0049409633331901496,0.0002655313334525588,0.004940963333190149,0.0002655313334525588,5
Combined,Random Forest,original__glrlm__HighGrayLevelRunEmphasis,"native tree importance in PCA space, distributed by absolute PCA loading",0.004916772979750493,0.0002578638015711044,0.004916772979750493,0.00025786380157110473,5
Combined,Random Forest,original__glcm__JointAverage,"native tree importance in PCA space, distributed by absolute PCA loading",0.0049094191086924395,0.0002686215409112918,0.004909419108692439,0.0002686215409112927,5
Combined,Random Forest,original__glszm__SmallAreaLowGrayLevelEmphasis,"native tree importance in PCA space, distributed by absolute PCA loading",0.004720458997727318,0.00020552320663584842,0.004720458997727318,0.0002055232066358484,5
Combined,Random Forest,original__firstorder__Uniformity,"native tree importance in PCA space, distributed by absolute PCA loading",0.0046695315715512865,0.0004592303774336849,0.004669531571551286,0.00045923037743368563,5
Combined,Random Forest,original__glcm__ClusterTendency,"native tree importance in PCA space, distributed by absolute PCA loading",0.0046163320919926296,0.0007309418656905089,0.0046163320919926296,0.0007309418656905098,5
Combined,Random Forest,original__glcm__MaximumProbability,"native tree importance in PCA space, distributed by absolute PCA loading",0.004559888461792927,0.0006942938310609859,0.004559888461792927,0.0006942938310609859,5
Combined,Random Forest,original__glcm__SumSquares,"native tree importance in PCA space, distributed by absolute PCA loading",0.00452114594805115,0.0008934945263133204,0.00452114594805115,0.0008934945263133205,5
Combined,Random Forest,original__glrlm__RunLengthNonUniformityNormalized,"native tree importance in PCA space, distributed by absolute PCA loading",0.004516292064293633,0.00038445110712620006,0.004516292064293632,0.0003844511071262002,5
Combined,Random Forest,original__glrlm__ShortRunEmphasis,"native tree importance in PCA space, distributed by absolute PCA loading",0.004507447535226905,0.0005874894484871371,0.004507447535226905,0.0005874894484871373,5
Combined,Random Forest,original__glszm__SmallAreaHighGrayLevelEmphasis,"native tree importance in PCA space, distributed by absolute PCA loading",0.0045037573842862475,0.0007459278178790696,0.0045037573842862475,0.0007459278178790698,5
Combined,Random Forest,original__glcm__Contrast,"native tree importance in PCA space, distributed by absolute PCA loading",0.004406253284353028,0.000912292261087807,0.004406253284353028,0.0009122922610878072,5
Combined,Random Forest,original__gldm__GrayLevelVariance,"native tree importance in PCA space, distributed by absolute PCA loading",0.004368746449300699,0.0008566757253634669,0.004368746449300699,0.000856675725363467,5
Combined,Random Forest,original__glrlm__GrayLevelVariance,"native tree importance in PCA space, distributed by absolute PCA loading",0.004277447566438809,0.0008282305319029585,0.004277447566438809,0.0008282305319029593,5
Combined,Random Forest,original__firstorder__Minimum,"native tree importance in PCA space, distributed by absolute PCA loading",0.004153347302823228,0.000357295704506765,0.004153347302823228,0.0003572957045067651,5
Combined,Random Forest,original__gldm__SmallDependenceHighGrayLevelEmphasis,"native tree importance in PCA space, distributed by absolute PCA loading",0.004056532199707948,0.0003539466038407988,0.004056532199707948,0.0003539466038407982,5
Combined,Random Forest,original__glcm__SumAverage,"native tree importance in PCA space, distributed by absolute PCA loading",0.004048062575016936,0.00037165181785292386,0.004048062575016936,0.00037165181785292365,5
Combined,Random Forest,original__glcm__Autocorrelation,"native tree importance in PCA space, distributed by absolute PCA loading",0.004008518736209868,0.0007847629332240785,0.004008518736209868,0.0007847629332240785,5
Combined,Random Forest,original__glcm__InverseVariance,"native tree importance in PCA space, distributed by absolute PCA loading",0.003964888403721528,0.0006516092967223297,0.003964888403721527,0.0006516092967223296,5
Combined,Random Forest,original__glrlm__ShortRunHighGrayLevelEmphasis,"native tree importance in PCA space, distributed by absolute PCA loading",0.003887840537718535,0.0008365407099272019,0.003887840537718535,0.0008365407099272022,5
Combined,Random Forest,original__glcm__Id,"native tree importance in PCA space, distributed by absolute PCA loading",0.003764537809125909,0.0005404586196328322,0.003764537809125909,0.0005404586196328322,5
Combined,Random Forest,original__glrlm__GrayLevelNonUniformityNormalized,"native tree importance in PCA space, distributed by absolute PCA loading",0.003736499771876027,0.0003910727407079432,0.003736499771876027,0.0003910727407079429,5
Combined,Random Forest,original__glcm__DifferenceAverage,"native tree importance in PCA space, distributed by absolute PCA loading",0.003548381646312834,0.0004033165687708468,0.003548381646312834,0.00040331656877084664,5
Combined,Random Forest,original__firstorder__Entropy,"native tree importance in PCA space, distributed by absolute PCA loading",0.003342020195892749,0.0005481780345168506,0.003342020195892749,0.0005481780345168504,5
Combined,Random Forest,original__glcm__DifferenceEntropy,"native tree importance in PCA space, distributed by absolute PCA loading",0.003049337539231976,0.00017455046375176435,0.0030493375392319755,0.0001745504637517638,5
Combined,Random Forest,original__glcm__SumEntropy,"native tree importance in PCA space, distributed by absolute PCA loading",0.00301206236408431,0.0004342151409811068,0.00301206236408431,0.00043421514098110646,5
Combined,Random Forest,original__glcm__JointEntropy,"native tree importance in PCA space, distributed by absolute PCA loading",0.0030055819974570005,0.0003946798457844654,0.003005581997457,0.000394679845784465,5
Combined,XGBoost,IVH,"native tree importance in PCA space, distributed by absolute PCA loading",0.013662514776188456,0.0023302768254877893,0.0136625142967264,0.002330277584447235,5
Combined,XGBoost,Intraparenchymal,"native tree importance in PCA space, distributed by absolute PCA loading",0.013320005267707113,0.0016419037597997605,0.013320004727128942,0.0016419039011861276,5
Combined,XGBoost,Contusion,"native tree importance in PCA space, distributed by absolute PCA loading",0.012842512416441937,0.002269377169847026,0.012842511939044537,0.0022693775534987797,5
Combined,XGBoost,Creatinin,"native tree importance in PCA space, distributed by absolute PCA loading",0.0127297805425996,0.0018793224230884136,0.012729780026735821,0.0018793225249645119,5
Combined,XGBoost,type_of_hemorrhage_num,"native tree importance in PCA space, distributed by absolute PCA loading",0.012445290692940243,0.002145156654331739,0.012445290222679357,0.002145157032988984,5
Combined,XGBoost,Epidural,"native tree importance in PCA space, distributed by absolute PCA loading",0.012421876645026038,0.00045130258928612825,0.012421876130323391,0.0004513029764148412,5
Combined,XGBoost,High blood pressure,"native tree importance in PCA space, distributed by absolute PCA loading",0.012217400339821733,0.0018574884137529926,0.012217399881689316,0.0018574888371186893,5
Combined,XGBoost,long PTT,"native tree importance in PCA space, distributed by absolute PCA loading",0.012147849392598591,0.0014171941409349604,0.012147848932591866,0.0014171947555803326,5
Combined,XGBoost,Sex,"native tree importance in PCA space, distributed by absolute PCA loading",0.012132270920774938,0.0016418985441376307,0.012132270445469596,0.0016418988521900556,5
Combined,XGBoost,platelet count,"native tree importance in PCA space, distributed by absolute PCA loading",0.011963558430153823,0.001796401034235647,0.011963557983749257,0.0017964014756317885,5
Combined,XGBoost,thrombocytopenia,"native tree importance in PCA space, distributed by absolute PCA loading",0.011894541421638021,0.0009497575292150067,0.011894540921576652,0.0009497575277324203,5
Combined,XGBoost,on admission GCS,"native tree importance in PCA space, distributed by absolute PCA loading",0.01185014790529498,0.0011339764908855408,0.011850147450278542,0.0011339770773624858,5
Combined,XGBoost,type of degenerative brain disease,"native tree importance in PCA space, distributed by absolute PCA loading",0.0117910506853253,0.000723835906992206,0.011791050196857703,0.000723836089220639,5
Combined,XGBoost,kidney failure,"native tree importance in PCA space, distributed by absolute PCA loading",0.011695116317971325,0.0012007955961617137,0.011695115804515922,0.0012007952943577187,5
Combined,XGBoost,Subarachnoid,"native tree importance in PCA space, distributed by absolute PCA loading",0.01159948473449451,0.0011390225704816883,0.011599484204698253,0.001139022080926939,5
Combined,XGBoost,PTT,"native tree importance in PCA space, distributed by absolute PCA loading",0.011536121357671483,0.0011985660859671434,0.011536120890869733,0.0011985663383302992,5
Combined,XGBoost,Degenerative brain disease,"native tree importance in PCA space, distributed by absolute PCA loading",0.011524891140530354,0.0007667201970971698,0.011524890654848987,0.0007667202152177515,5
Combined,XGBoost,Subdural,"native tree importance in PCA space, distributed by absolute PCA loading",0.011509442419280954,0.001192701410425875,0.011509441981333907,0.0011927020268407379,5
Combined,XGBoost,WBC,"native tree importance in PCA space, distributed by absolute PCA loading",0.011391031148351188,0.0013077729940147707,0.011391030721638894,0.0013077735725791223,5
Combined,XGBoost,leukocytosis,"native tree importance in PCA space, distributed by absolute PCA loading",0.011389400058831893,0.0024553954935203825,0.011389399665076927,0.002455395941221528,5
Combined,XGBoost,original__shape__MajorAxisLength,"native tree importance in PCA space, distributed by absolute PCA loading",0.011290809066059983,0.0007879011864648247,0.011290808562845745,0.0007879006944950946,5
Combined,XGBoost,Anemia,"native tree importance in PCA space, distributed by absolute PCA loading",0.011263074767591887,0.0010320790733894798,0.011263074273721595,0.0010320788416230853,5
Combined,XGBoost,original__glszm__LargeAreaLowGrayLevelEmphasis,"native tree importance in PCA space, distributed by absolute PCA loading",0.011136053483816799,0.000583931548331294,0.011136053028738161,0.0005839319162941717,5
Combined,XGBoost,long PT,"native tree importance in PCA space, distributed by absolute PCA loading",0.010868890742807101,0.0007215305209705687,0.010868890278932293,0.0007215304061056163,5
Combined,XGBoost,original__firstorder__Skewness,"native tree importance in PCA space, distributed by absolute PCA loading",0.010572633428676433,0.0014239142482199158,0.01057263301081495,0.001423914444805266,5
Combined,XGBoost,original__glcm__ClusterShade,"native tree importance in PCA space, distributed by absolute PCA loading",0.010368555941011024,0.0009592281682458487,0.010368555511847644,0.000959228235190468,5
Combined,XGBoost,original__firstorder__Kurtosis,"native tree importance in PCA space, distributed by absolute PCA loading",0.010266559075645238,0.001806698565568321,0.01026655867688851,0.0018066987155531374,5
Combined,XGBoost,original__shape__Maximum2DDiameterRow,"native tree importance in PCA space, distributed by absolute PCA loading",0.010080838879706932,0.001014002912333388,0.010080838490762519,0.0010140033395647072,5
Combined,XGBoost,INR,"native tree importance in PCA space, distributed by absolute PCA loading",0.00992210424498321,0.0010036545825388627,0.009922103845119387,0.0010036547621658269,5
Combined,XGBoost,hemoglobin,"native tree importance in PCA space, distributed by absolute PCA loading",0.009863347978738519,0.0010904743988663364,0.009863347532368732,0.0010904740276464994,5
Combined,XGBoost,long INR,"native tree importance in PCA space, distributed by absolute PCA loading",0.00975135006236264,0.0016625494847277965,0.009751349636119191,0.0016625492859462338,5
Combined,XGBoost,original__glcm__MCC,"native tree importance in PCA space, distributed by absolute PCA loading",0.009703745582042256,0.0006763216922340026,0.009703745173266186,0.0006763217122330216,5
Combined,XGBoost,original__shape__MinorAxisLength,"native tree importance in PCA space, distributed by absolute PCA loading",0.009695161950740236,0.0009405011157259224,0.009695161520580354,0.000940500870513944,5
Combined,XGBoost,original__glszm__GrayLevelNonUniformity,"native tree importance in PCA space, distributed by absolute PCA loading",0.009672683594161556,0.0007709527507720382,0.009672683208354332,0.0007709531350695108,5
Combined,XGBoost,original__glcm__Correlation,"native tree importance in PCA space, distributed by absolute PCA loading",0.009661511496370997,0.0012712477201382716,0.009661511067010898,0.0012712474430741241,5
Combined,XGBoost,original__shape__Maximum3DDiameter,"native tree importance in PCA space, distributed by absolute PCA loading",0.009604766383106906,0.0012378873971361825,0.009604765997880519,0.0012378875249357496,5
Combined,XGBoost,Age,"native tree importance in PCA space, distributed by absolute PCA loading",0.009577849818035274,0.0008634781869719102,0.00957784938559562,0.0008634778157403794,5
Combined,XGBoost,RBC,"native tree importance in PCA space, distributed by absolute PCA loading",0.009522147333655726,0.0013537349031522178,0.0095221469183541,0.001353734697085231,5
Combined,XGBoost,original__shape__Maximum2DDiameterColumn,"native tree importance in PCA space, distributed by absolute PCA loading",0.009480882011302849,0.0010387837749883696,0.009480881617678055,0.001038783816821615,5
Combined,XGBoost,original__shape__Maximum2DDiameterSlice,"native tree importance in PCA space, distributed by absolute PCA loading",0.00923022806973858,0.0009476947596390654,0.009230227687977424,0.0009476948244429526,5
Combined,XGBoost,original__shape__Sphericity,"native tree importance in PCA space, distributed by absolute PCA loading",0.009187588531355886,0.00029639517320256066,0.009187588144701598,0.000296395237235889,5
Combined,XGBoost,original__glrlm__RunVariance,"native tree importance in PCA space, distributed by absolute PCA loading",0.009035069343802197,0.0011549781412552795,0.009035068924461343,0.001154977752503308,5
Combined,XGBoost,original__shape__Flatness,"native tree importance in PCA space, distributed by absolute PCA loading",0.009022338850313446,0.0008989994559124425,0.009022338456090863,0.0008989992693995495,5
Combined,XGBoost,original__ngtdm__Busyness,"native tree importance in PCA space, distributed by absolute PCA loading",0.008862401776589882,0.0004963922316394029,0.00886240140446912,0.0004963922618322458,5
Combined,XGBoost,PT,"native tree importance in PCA space, distributed by absolute PCA loading",0.008777526051091616,0.0012871612972814154,0.008777525701764762,0.0012871613827061372,5
Combined,XGBoost,original__firstorder__Maximum,"native tree importance in PCA space, distributed by absolute PCA loading",0.008739641670164519,0.0007482950419155322,0.008739641314801025,0.000748295223569157,5
Combined,XGBoost,original__shape__SurfaceVolumeRatio,"native tree importance in PCA space, distributed by absolute PCA loading",0.008714672544399577,0.0009323797866617176,0.008714672171184362,0.0009323796645171015,5
Combined,XGBoost,original__gldm__DependenceVariance,"native tree importance in PCA space, distributed by absolute PCA loading",0.0086770680148841,0.0005599354197182657,0.008677067634316499,0.0005599351624619493,5
Combined,XGBoost,original__ngtdm__Contrast,"native tree importance in PCA space, distributed by absolute PCA loading",0.00848382612285882,0.00021124282457905835,0.008483825762279934,0.0002112427357806848,5
Combined,XGBoost,original__glszm__SizeZoneNonUniformity,"native tree importance in PCA space, distributed by absolute PCA loading",0.008440838804783041,0.0004264082213324146,0.008440838455853979,0.0004264084121681295,5
Combined,XGBoost,original__glcm__Imc1,"native tree importance in PCA space, distributed by absolute PCA loading",0.00827424420561389,0.001263004535293842,0.008274243905825887,0.0012630049179569475,5
Combined,XGBoost,original__firstorder__InterquartileRange,"native tree importance in PCA space, distributed by absolute PCA loading",0.00802283906036688,0.0011047343884344578,0.008022838682435269,0.0011047340039672217,5
Combined,XGBoost,original__shape__LeastAxisLength,"native tree importance in PCA space, distributed by absolute PCA loading",0.008005099506931077,0.0018737821346515027,0.008005099131112841,0.001873781822540633,5
Combined,XGBoost,original__shape__Elongation,"native tree importance in PCA space, distributed by absolute PCA loading",0.007998463884273041,0.001155204378394913,0.007998463588582676,0.001155204724673274,5
Combined,XGBoost,original__shape__MeshVolume,"native tree importance in PCA space, distributed by absolute PCA loading",0.007878044241202196,0.00019106348718277554,0.00787804390695634,0.00019106343904537509,5
Combined,XGBoost,original__firstorder__RobustMeanAbsoluteDeviation,"native tree importance in PCA space, distributed by absolute PCA loading",0.007821866922026695,0.0007529331552904719,0.007821866565357409,0.0007529327838163815,5
Combined,XGBoost,original__firstorder__10Percentile,"native tree importance in PCA space, distributed by absolute PCA loading",0.007559765479523287,0.0008159761234822797,0.007559765147832578,0.0008159759491638284,5
Combined,XGBoost,original__glszm__ZoneEntropy,"native tree importance in PCA space, distributed by absolute PCA loading",0.00754319001886084,0.0009152313275974444,0.007543189663237318,0.0009152309720761934,5
Combined,XGBoost,original__glcm__Idmn,"native tree importance in PCA space, distributed by absolute PCA loading",0.007490742108441313,0.00038056814488577766,0.007490741783669196,0.0003805679458873052,5
Combined,XGBoost,original__gldm__SmallDependenceLowGrayLevelEmphasis,"native tree importance in PCA space, distributed by absolute PCA loading",0.007383702215112564,0.0004623862030591214,0.007383701895743092,0.00046238604661567146,5
Combined,XGBoost,original__firstorder__Variance,"native tree importance in PCA space, distributed by absolute PCA loading",0.007228828282306796,0.0009569241333576483,0.0072288279861330105,0.0009569241782765973,5
Combined,XGBoost,original__ngtdm__Complexity,"native tree importance in PCA space, distributed by absolute PCA loading",0.007202052404799375,0.0006546297697556416,0.007202052098243858,0.000654629696180927,5
Combined,XGBoost,original__shape__VoxelVolume,"native tree importance in PCA space, distributed by absolute PCA loading",0.007056912544623352,0.00025908258944896224,0.007056912242796913,0.00025908247149022826,5
Combined,XGBoost,original__glrlm__RunLengthNonUniformity,"native tree importance in PCA space, distributed by absolute PCA loading",0.006931618637929744,0.0007716086744800324,0.006931618316187565,0.0007716083297321719,5
Combined,XGBoost,original__glcm__Imc2,"native tree importance in PCA space, distributed by absolute PCA loading",0.00678397476096802,0.0009868199781473636,0.006783974501444296,0.0009868201628672152,5
Combined,XGBoost,original__firstorder__Mean,"native tree importance in PCA space, distributed by absolute PCA loading",0.006721993609912576,0.000785331083289378,0.006721993327046294,0.0007853310486636212,5
Combined,XGBoost,original__ngtdm__Coarseness,"native tree importance in PCA space, distributed by absolute PCA loading",0.0065919437674395315,0.0006672635165540746,0.006591943465763496,0.0006672632218056222,5
Combined,XGBoost,original__glszm__SmallAreaEmphasis,"native tree importance in PCA space, distributed by absolute PCA loading",0.006576300000143485,0.0008019161412671083,0.006576299687639842,0.0008019157816704059,5
Combined,XGBoost,original__glcm__Idn,"native tree importance in PCA space, distributed by absolute PCA loading",0.0065446242387000335,0.0004295303853759723,0.0065446239543888425,0.00042953024103474985,5
Combined,XGBoost,original__ngtdm__Strength,"native tree importance in PCA space, distributed by absolute PCA loading",0.006501128605768645,0.0004976661148891564,0.006501128343005032,0.0004976662929825476,5
Combined,XGBoost,original__glszm__SizeZoneNonUniformityNormalized,"native tree importance in PCA space, distributed by absolute PCA loading",0.006415715605097949,0.0006318965078026214,0.00641571531322334,0.0006318962271192214,5
Combined,XGBoost,original__gldm__LargeDependenceHighGrayLevelEmphasis,"native tree importance in PCA space, distributed by absolute PCA loading",0.0064106809458300985,0.0007786835886207978,0.006410680648190318,0.0007786832837894002,5
Combined,XGBoost,original__gldm__DependenceNonUniformity,"native tree importance in PCA space, distributed by absolute PCA loading",0.006361578016576522,0.0008394786384375566,0.006361577716873301,0.0008394783254920934,5
Combined,XGBoost,original__firstorder__TotalEnergy,"native tree importance in PCA space, distributed by absolute PCA loading",0.006320758549318866,0.00036122016566308594,0.006320758279985334,0.0003612200985226903,5
Combined,XGBoost,original__glrlm__LongRunLowGrayLevelEmphasis,"native tree importance in PCA space, distributed by absolute PCA loading",0.0062984424559542895,0.0006055374701876124,0.006298442165821127,0.0006055371549263635,5
Combined,XGBoost,original__firstorder__RootMeanSquared,"native tree importance in PCA space, distributed by absolute PCA loading",0.006224117903629142,0.0004169718697232495,0.006224117630539303,0.0004169716718736512,5
Combined,XGBoost,original__glrlm__ShortRunLowGrayLevelEmphasis,"native tree importance in PCA space, distributed by absolute PCA loading",0.006209359248073432,0.00034807062513784207,0.006209358974298386,0.0003480703614075086,5
Combined,XGBoost,original__gldm__LargeDependenceLowGrayLevelEmphasis,"native tree importance in PCA space, distributed by absolute PCA loading",0.006163523968675372,0.0006208166625484284,0.006163523692755509,0.0006208164529220572,5
Combined,XGBoost,original__glszm__ZonePercentage,"native tree importance in PCA space, distributed by absolute PCA loading",0.00608460045046578,0.0004961012068885652,0.0060846001719818245,0.0004961008820606337,5
Combined,XGBoost,original__glcm__ClusterProminence,"native tree importance in PCA space, distributed by absolute PCA loading",0.006023133046588032,0.002444871407413707,0.006023132742259122,0.002444871107205276,5
Combined,XGBoost,original__firstorder__Median,"native tree importance in PCA space, distributed by absolute PCA loading",0.005998807007968407,0.0005869287035111243,0.005998806739411744,0.000586928494082033,5
Combined,XGBoost,original__glrlm__LowGrayLevelRunEmphasis,"native tree importance in PCA space, distributed by absolute PCA loading",0.005931064070800336,0.00027700567210631747,0.005931063811034759,0.0002770054225333119,5
Combined,XGBoost,original__gldm__DependenceNonUniformityNormalized,"native tree importance in PCA space, distributed by absolute PCA loading",0.0059167604096226675,0.00018708574188745978,0.005916760166796756,0.0001870860443080398,5
Combined,XGBoost,original__gldm__DependenceEntropy,"native tree importance in PCA space, distributed by absolute PCA loading",0.005901298894806564,0.0006669142307440508,0.005901298632976703,0.0006669140553141547,5
Combined,XGBoost,original__gldm__LargeDependenceEmphasis,"native tree importance in PCA space, distributed by absolute PCA loading",0.005862879198795977,0.0006509396237196799,0.005862878923626297,0.0006509393318529979,5
Combined,XGBoost,original__shape__SurfaceArea,"native tree importance in PCA space, distributed by absolute PCA loading",0.005847934102159136,0.00025543152273467475,0.005847933852569615,0.0002554314455319469,5
Combined,XGBoost,original__glrlm__RunPercentage,"native tree importance in PCA space, distributed by absolute PCA loading",0.0058107404623046425,0.00016740383232718726,0.005810740223223974,0.00016740412991329555,5
Combined,XGBoost,original__gldm__SmallDependenceEmphasis,"native tree importance in PCA space, distributed by absolute PCA loading",0.005794596978822975,0.0006525883747479043,0.005794596706195765,0.0006525880665089667,5
Combined,XGBoost,original__glrlm__LongRunEmphasis,"native tree importance in PCA space, distributed by absolute PCA loading",0.00563271408866707,0.0003796773676299576,0.005632713836097131,0.00037967709432667487,5
Combined,XGBoost,original__glszm__ZoneVariance,"native tree importance in PCA space, distributed by absolute PCA loading",0.005482563925118244,0.0002953207482116504,0.0054825636822380605,0.00029532049718552144,5
Combined,XGBoost,original__glszm__LargeAreaEmphasis,"native tree importance in PCA space, distributed by absolute PCA loading",0.005479104590450543,0.0002866702778700913,0.005479104348118975,0.0002866700290724372,5
Combined,XGBoost,original__glrlm__RunEntropy,"native tree importance in PCA space, distributed by absolute PCA loading",0.005466445835144442,0.00046379806334949115,0.005466445586529199,0.0004637977995999234,5
Combined,XGBoost,original__firstorder__Energy,"native tree importance in PCA space, distributed by absolute PCA loading",0.005429572540313687,0.00030181748270181186,0.005429572304852863,0.0003018173393420879,5
Combined,XGBoost,original__glrlm__LongRunHighGrayLevelEmphasis,"native tree importance in PCA space, distributed by absolute PCA loading",0.005401966095746122,0.0002834922636965449,0.005401965860986814,0.00028349210559352946,5
Combined,XGBoost,original__glrlm__GrayLevelNonUniformity,"native tree importance in PCA space, distributed by absolute PCA loading",0.005401389894939358,0.0004927918544852732,0.005401389654817937,0.0004927916743561818,5
Combined,XGBoost,original__glszm__LargeAreaHighGrayLevelEmphasis,"native tree importance in PCA space, distributed by absolute PCA loading",0.005352359992475681,0.0004642821125019395,0.005352359758932624,0.0004642819777280664,5
Combined,XGBoost,original__firstorder__Range,"native tree importance in PCA space, distributed by absolute PCA loading",0.005296130628099886,0.00023707834003010723,0.005296130406932046,0.00023707842074591678,5
Combined,XGBoost,original__gldm__LowGrayLevelEmphasis,"native tree importance in PCA space, distributed by absolute PCA loading",0.005249913375733835,0.0004555690580072569,0.005249913153554201,0.00045556902871213495,5
Combined,XGBoost,original__glszm__GrayLevelNonUniformityNormalized,"native tree importance in PCA space, distributed by absolute PCA loading",0.005178799119700194,0.0005392983301714984,0.005178798911531398,0.000539298434281986,5
Combined,XGBoost,original__firstorder__90Percentile,"native tree importance in PCA space, distributed by absolute PCA loading",0.005126190316056514,0.00033457830848379226,0.005126190105066233,0.0003345784075062763,5
Combined,XGBoost,original__glszm__GrayLevelVariance,"native tree importance in PCA space, distributed by absolute PCA loading",0.005088458206937166,0.0007346296427214621,0.005088457962932481,0.0007346293819479336,5
Combined,XGBoost,original__firstorder__MeanAbsoluteDeviation,"native tree importance in PCA space, distributed by absolute PCA loading",0.005000343225026089,0.0018386692630122552,0.005000342972951112,0.0018386690186676065,5
Combined,XGBoost,original__glcm__Idm,"native tree importance in PCA space, distributed by absolute PCA loading",0.004979793382155427,0.00034595368989604727,0.004979793162332955,0.0003459535097874705,5
Combined,XGBoost,original__gldm__GrayLevelNonUniformity,"native tree importance in PCA space, distributed by absolute PCA loading",0.004976770444157668,0.0005353648467623836,0.00497677022473333,0.000535364720587003,5
Combined,XGBoost,original__glcm__JointEnergy,"native tree importance in PCA space, distributed by absolute PCA loading",0.004955399568696955,0.0003544782303578335,0.0049553993453770005,0.0003544779817853382,5
Combined,XGBoost,original__glcm__DifferenceVariance,"native tree importance in PCA space, distributed by absolute PCA loading",0.004943868485589221,0.0010335838431739725,0.004943868282365367,0.0010335838018952122,5
Combined,XGBoost,original__gldm__HighGrayLevelEmphasis,"native tree importance in PCA space, distributed by absolute PCA loading",0.004798701396784311,0.00013106612008386,0.004798701196631181,0.00013106625633374703,5
Combined,XGBoost,original__glszm__HighGrayLevelZoneEmphasis,"native tree importance in PCA space, distributed by absolute PCA loading",0.004764012678872784,0.0001076560078056284,0.004764012480474105,0.00010765619017529736,5
Combined,XGBoost,original__glrlm__HighGrayLevelRunEmphasis,"native tree importance in PCA space, distributed by absolute PCA loading",0.004757623248901218,0.00012939891261569105,0.004757623050297905,0.0001293990410769409,5
Combined,XGBoost,original__glcm__JointAverage,"native tree importance in PCA space, distributed by absolute PCA loading",0.004745354264209174,0.0001236205465102396,0.004745354065202279,0.00012362063379224594,5
Combined,XGBoost,original__glcm__ClusterTendency,"native tree importance in PCA space, distributed by absolute PCA loading",0.004703538956670789,0.000629064547903777,0.004703538751719955,0.0006290644455061366,5
Combined,XGBoost,original__glszm__LowGrayLevelZoneEmphasis,"native tree importance in PCA space, distributed by absolute PCA loading",0.004672719510635232,0.00020280725679627836,0.0046727193103361575,0.0002028071765555233,5
Combined,XGBoost,original__firstorder__Uniformity,"native tree importance in PCA space, distributed by absolute PCA loading",0.004646200925780608,0.0004698171629783798,0.004646200721935834,0.00046981703737850283,5
Combined,XGBoost,original__glcm__SumSquares,"native tree importance in PCA space, distributed by absolute PCA loading",0.004602557839455051,0.000791115908536411,0.004602557641564186,0.0007911158251027098,5
Combined,XGBoost,original__glcm__MaximumProbability,"native tree importance in PCA space, distributed by absolute PCA loading",0.004496540993660799,0.0005579490669506049,0.004496540807091303,0.0005579490704392471,5
Combined,XGBoost,original__gldm__GrayLevelVariance,"native tree importance in PCA space, distributed by absolute PCA loading",0.004483986630187,0.0006838033104061209,0.004483986434670012,0.0006838032112769897,5
Combined,XGBoost,original__glszm__SmallAreaLowGrayLevelEmphasis,"native tree importance in PCA space, distributed by absolute PCA loading",0.004442777061182486,0.00027980550217220887,0.004442776864749833,0.0002798053277848587,5
Combined,XGBoost,original__glcm__Contrast,"native tree importance in PCA space, distributed by absolute PCA loading",0.0043622015447711176,0.0007259645852551174,0.0043622013594675655,0.0007259645237130087,5
Combined,XGBoost,original__glrlm__GrayLevelVariance,"native tree importance in PCA space, distributed by absolute PCA loading",0.004361395586848589,0.0007079773741970686,0.004361395397022058,0.000707977279534861,5
Combined,XGBoost,original__glszm__SmallAreaHighGrayLevelEmphasis,"native tree importance in PCA space, distributed by absolute PCA loading",0.0043264205566529565,0.000708932159982007,0.0043264203529607215,0.0007089319697419199,5
Combined,XGBoost,original__glrlm__ShortRunEmphasis,"native tree importance in PCA space, distributed by absolute PCA loading",0.004139305343581725,0.0006928381069528626,0.0041393051387065075,0.0006928378779832778,5
Combined,XGBoost,original__glrlm__RunLengthNonUniformityNormalized,"native tree importance in PCA space, distributed by absolute PCA loading",0.0040481459088885135,0.0005194107257327839,0.004048145716990694,0.0005194105148430704,5
Combined,XGBoost,original__gldm__SmallDependenceHighGrayLevelEmphasis,"native tree importance in PCA space, distributed by absolute PCA loading",0.003906657558320105,0.00031792767957313856,0.003906657387501739,0.00031792758227211856,5
Combined,XGBoost,original__firstorder__Minimum,"native tree importance in PCA space, distributed by absolute PCA loading",0.003867166142254,0.00030207337380280303,0.0038671659687816427,0.00030207320584277585,5
Combined,XGBoost,original__glcm__Autocorrelation,"native tree importance in PCA space, distributed by absolute PCA loading",0.0038530626293974564,0.0008062543548605495,0.003853062442131175,0.0008062541740154984,5
Combined,XGBoost,original__glcm__InverseVariance,"native tree importance in PCA space, distributed by absolute PCA loading",0.0038254513795798,0.0005064520999810873,0.00382545122456436,0.0005064521415535455,5
Combined,XGBoost,original__glrlm__GrayLevelNonUniformityNormalized,"native tree importance in PCA space, distributed by absolute PCA loading",0.003797444138279299,0.00023635919072935712,0.003797443978982737,0.0002363592027731772,5
Combined,XGBoost,original__glcm__SumAverage,"native tree importance in PCA space, distributed by absolute PCA loading",0.0037829355312301144,0.0002952610926318161,0.0037829353637205973,0.0002952609598119099,5
Combined,XGBoost,original__glrlm__ShortRunHighGrayLevelEmphasis,"native tree importance in PCA space, distributed by absolute PCA loading",0.0036849726080551135,0.0007809553472592032,0.003684972427704323,0.0007809551700259773,5
Combined,XGBoost,original__glcm__Id,"native tree importance in PCA space, distributed by absolute PCA loading",0.0036366631519945208,0.00039345903282838067,0.003636663002017808,0.0003934590604742812,5
Combined,XGBoost,original__glcm__DifferenceAverage,"native tree importance in PCA space, distributed by absolute PCA loading",0.003429315752814969,0.00023900684216954544,0.003429315607160631,0.00023900681954790255,5
Combined,XGBoost,original__firstorder__Entropy,"native tree importance in PCA space, distributed by absolute PCA loading",0.0033282471366998328,0.00033100742252671454,0.003328246992390556,0.00033100735856222323,5
Combined,XGBoost,original__glcm__DifferenceEntropy,"native tree importance in PCA space, distributed by absolute PCA loading",0.00300658093188214,0.00032427375240895863,0.0030065807980443164,0.00032427365890377435,5
Combined,XGBoost,original__glcm__SumEntropy,"native tree importance in PCA space, distributed by absolute PCA loading",0.00292912248665582,0.000409209592406804,0.002929122355039092,0.000409209505828957,5
Combined,XGBoost,original__glcm__JointEntropy,"native tree importance in PCA space, distributed by absolute PCA loading",0.002927378674484184,0.0003011738779569856,0.0029273785440123356,0.00030117378530669317,5
Radiomics,Gradient Boosting,original__shape__Maximum3DDiameter,"native tree importance in PCA space, distributed by absolute PCA loading",0.019269455638473217,0.005351996901615613,0.019269455638473217,0.005351996901615614,5
Radiomics,Gradient Boosting,original__shape__Maximum2DDiameterSlice,"native tree importance in PCA space, distributed by absolute PCA loading",0.018300798054950097,0.007868029557946337,0.0183007980549501,0.007868029557946337,5
Radiomics,Gradient Boosting,original__firstorder__Kurtosis,"native tree importance in PCA space, distributed by absolute PCA loading",0.017759391978891946,0.00820570726451443,0.017759391978891946,0.00820570726451443,5
Radiomics,Gradient Boosting,original__glszm__GrayLevelNonUniformity,"native tree importance in PCA space, distributed by absolute PCA loading",0.01680968463669815,0.0035569006025132324,0.01680968463669815,0.003556900602513234,5
Radiomics,Gradient Boosting,original__glcm__ClusterShade,"native tree importance in PCA space, distributed by absolute PCA loading",0.016633318997462447,0.0045179519769613695,0.016633318997462447,0.004517951976961369,5
Radiomics,Gradient Boosting,original__shape__SurfaceVolumeRatio,"native tree importance in PCA space, distributed by absolute PCA loading",0.01643033194393334,0.004514145525728619,0.01643033194393334,0.004514145525728617,5
Radiomics,Gradient Boosting,original__glszm__LargeAreaLowGrayLevelEmphasis,"native tree importance in PCA space, distributed by absolute PCA loading",0.015885605990991904,0.0037302289804364954,0.015885605990991904,0.0037302289804364945,5
Radiomics,Gradient Boosting,original__shape__MajorAxisLength,"native tree importance in PCA space, distributed by absolute PCA loading",0.015644809759545346,0.003828034854108826,0.015644809759545346,0.003828034854108826,5
Radiomics,Gradient Boosting,original__firstorder__Maximum,"native tree importance in PCA space, distributed by absolute PCA loading",0.015082131601606341,0.004846907269780938,0.015082131601606341,0.00484690726978094,5
Radiomics,Gradient Boosting,original__shape__MinorAxisLength,"native tree importance in PCA space, distributed by absolute PCA loading",0.015049333096770057,0.004349516631310156,0.015049333096770057,0.004349516631310156,5
Radiomics,Gradient Boosting,original__shape__Maximum2DDiameterColumn,"native tree importance in PCA space, distributed by absolute PCA loading",0.014374102361330975,0.005680166016133066,0.014374102361330975,0.0056801660161330675,5
Radiomics,Gradient Boosting,original__glcm__Imc1,"native tree importance in PCA space, distributed by absolute PCA loading",0.01363470694055302,0.00742253422412253,0.01363470694055302,0.007422534224122532,5
Radiomics,Gradient Boosting,original__gldm__DependenceVariance,"native tree importance in PCA space, distributed by absolute PCA loading",0.012825233640746374,0.0029674138609585904,0.012825233640746374,0.0029674138609585917,5
Radiomics,Gradient Boosting,original__glcm__MCC,"native tree importance in PCA space, distributed by absolute PCA loading",0.012780812990349994,0.004988664608566322,0.012780812990349994,0.004988664608566322,5
Radiomics,Gradient Boosting,original__glrlm__RunVariance,"native tree importance in PCA space, distributed by absolute PCA loading",0.012529452411140363,0.006095488556583462,0.012529452411140365,0.006095488556583464,5
Radiomics,Gradient Boosting,original__glcm__Correlation,"native tree importance in PCA space, distributed by absolute PCA loading",0.012339851329589875,0.003998641836997247,0.012339851329589875,0.003998641836997247,5
Radiomics,Gradient Boosting,original__gldm__DependenceNonUniformityNormalized,"native tree importance in PCA space, distributed by absolute PCA loading",0.012317666190609564,0.001343787375006727,0.012317666190609564,0.0013437873750067263,5
Radiomics,Gradient Boosting,original__glrlm__RunPercentage,"native tree importance in PCA space, distributed by absolute PCA loading",0.01203632159527549,0.0015691550709921239,0.01203632159527549,0.0015691550709921232,5
Radiomics,Gradient Boosting,original__shape__LeastAxisLength,"native tree importance in PCA space, distributed by absolute PCA loading",0.011935398263468351,0.0019866578510819954,0.011935398263468351,0.0019866578510819946,5
Radiomics,Gradient Boosting,original__shape__MeshVolume,"native tree importance in PCA space, distributed by absolute PCA loading",0.011924564178487957,0.0034868314292268673,0.011924564178487957,0.0034868314292268673,5
Radiomics,Gradient Boosting,original__ngtdm__Busyness,"native tree importance in PCA space, distributed by absolute PCA loading",0.011679198359630225,0.0027798285211680547,0.011679198359630225,0.0027798285211680547,5
Radiomics,Gradient Boosting,original__glcm__Imc2,"native tree importance in PCA space, distributed by absolute PCA loading",0.011577630728897675,0.002274975081135898,0.011577630728897675,0.002274975081135898,5
Radiomics,Gradient Boosting,original__firstorder__10Percentile,"native tree importance in PCA space, distributed by absolute PCA loading",0.011559444655325607,0.000834472978305042,0.011559444655325608,0.0008344729783050409,5
Radiomics,Gradient Boosting,original__firstorder__InterquartileRange,"native tree importance in PCA space, distributed by absolute PCA loading",0.011417423951211673,0.001939602969750633,0.011417423951211673,0.0019396029697506345,5
Radiomics,Gradient Boosting,original__firstorder__RobustMeanAbsoluteDeviation,"native tree importance in PCA space, distributed by absolute PCA loading",0.011269240654972196,0.006311692363298164,0.011269240654972196,0.006311692363298166,5
Radiomics,Gradient Boosting,original__shape__Flatness,"native tree importance in PCA space, distributed by absolute PCA loading",0.0110411476340796,0.002694540997451173,0.0110411476340796,0.0026945409974511725,5
Radiomics,Gradient Boosting,original__glszm__SizeZoneNonUniformity,"native tree importance in PCA space, distributed by absolute PCA loading",0.01091590208943848,0.003284395951773479,0.01091590208943848,0.0032843959517734793,5
Radiomics,Gradient Boosting,original__shape__Maximum2DDiameterRow,"native tree importance in PCA space, distributed by absolute PCA loading",0.010848710448477503,0.003840532755454032,0.010848710448477504,0.0038405327554540316,5
Radiomics,Gradient Boosting,original__gldm__SmallDependenceLowGrayLevelEmphasis,"native tree importance in PCA space, distributed by absolute PCA loading",0.010825386382908688,0.0022061530394307327,0.010825386382908688,0.002206153039430732,5
Radiomics,Gradient Boosting,original__glszm__ZoneEntropy,"native tree importance in PCA space, distributed by absolute PCA loading",0.010801184907057518,0.003260304853891688,0.01080118490705752,0.0032603048538916895,5
Radiomics,Gradient Boosting,original__glrlm__LongRunEmphasis,"native tree importance in PCA space, distributed by absolute PCA loading",0.010532423344666007,0.0012118248792257092,0.010532423344666007,0.0012118248792257085,5
Radiomics,Gradient Boosting,original__shape__Sphericity,"native tree importance in PCA space, distributed by absolute PCA loading",0.010500350860727776,0.0016060399387734807,0.010500350860727776,0.0016060399387734816,5
Radiomics,Gradient Boosting,original__glrlm__LongRunHighGrayLevelEmphasis,"native tree importance in PCA space, distributed by absolute PCA loading",0.01043567646679682,0.0017897750138566844,0.01043567646679682,0.0017897750138566844,5
Radiomics,Gradient Boosting,original__ngtdm__Contrast,"native tree importance in PCA space, distributed by absolute PCA loading",0.010191606740900139,0.0026402405992619143,0.010191606740900139,0.002640240599261913,5
Radiomics,Gradient Boosting,original__shape__Elongation,"native tree importance in PCA space, distributed by absolute PCA loading",0.010160211834296776,0.004061717049138353,0.010160211834296776,0.004061717049138355,5
Radiomics,Gradient Boosting,original__glcm__Idn,"native tree importance in PCA space, distributed by absolute PCA loading",0.010071395919766213,0.0029398469410815667,0.010071395919766213,0.002939846941081564,5
Radiomics,Gradient Boosting,original__glrlm__RunEntropy,"native tree importance in PCA space, distributed by absolute PCA loading",0.009957953953767557,0.002344376967192761,0.009957953953767557,0.0023443769671927612,5
Radiomics,Gradient Boosting,original__firstorder__Range,"native tree importance in PCA space, distributed by absolute PCA loading",0.009836539796862559,0.002521590261032177,0.00983653979686256,0.0025215902610321774,5
Radiomics,Gradient Boosting,original__glrlm__RunLengthNonUniformity,"native tree importance in PCA space, distributed by absolute PCA loading",0.009778613124247637,0.001985450949130152,0.009778613124247637,0.001985450949130152,5
Radiomics,Gradient Boosting,original__gldm__LargeDependenceEmphasis,"native tree importance in PCA space, distributed by absolute PCA loading",0.009743114879704149,0.0009671423179568734,0.00974311487970415,0.0009671423179568727,5
Radiomics,Gradient Boosting,original__firstorder__Mean,"native tree importance in PCA space, distributed by absolute PCA loading",0.009680840927795397,0.0024944460382204693,0.009680840927795397,0.0024944460382204697,5
Radiomics,Gradient Boosting,original__firstorder__Skewness,"native tree importance in PCA space, distributed by absolute PCA loading",0.009614883487506446,0.003868681229895432,0.009614883487506446,0.0038686812298954314,5
Radiomics,Gradient Boosting,original__gldm__DependenceNonUniformity,"native tree importance in PCA space, distributed by absolute PCA loading",0.009503102265008875,0.0026341023234371748,0.009503102265008875,0.0026341023234371735,5
Radiomics,Gradient Boosting,original__glcm__Idmn,"native tree importance in PCA space, distributed by absolute PCA loading",0.009381057816271448,0.002620803702755222,0.009381057816271448,0.002620803702755221,5
Radiomics,Gradient Boosting,original__shape__VoxelVolume,"native tree importance in PCA space, distributed by absolute PCA loading",0.00931485305980809,0.0034364869245688146,0.00931485305980809,0.003436486924568814,5
Radiomics,Gradient Boosting,original__glszm__ZoneVariance,"native tree importance in PCA space, distributed by absolute PCA loading",0.009274172292017685,0.0016400729952127321,0.009274172292017687,0.0016400729952127323,5
Radiomics,Gradient Boosting,original__glszm__LargeAreaEmphasis,"native tree importance in PCA space, distributed by absolute PCA loading",0.009270483517630431,0.001613823631484382,0.009270483517630431,0.001613823631484382,5
Radiomics,Gradient Boosting,original__glszm__LargeAreaHighGrayLevelEmphasis,"native tree importance in PCA space, distributed by absolute PCA loading",0.009261911081555343,0.0016498908698201642,0.009261911081555343,0.001649890869820164,5
Radiomics,Gradient Boosting,original__firstorder__RootMeanSquared,"native tree importance in PCA space, distributed by absolute PCA loading",0.009192933499267433,0.0027079814815681876,0.009192933499267435,0.002707981481568188,5
Radiomics,Gradient Boosting,original__glcm__JointEnergy,"native tree importance in PCA space, distributed by absolute PCA loading",0.009127647504379438,0.0020381456276341225,0.009127647504379438,0.002038145627634122,5
Radiomics,Gradient Boosting,original__glszm__LowGrayLevelZoneEmphasis,"native tree importance in PCA space, distributed by absolute PCA loading",0.009094484588727622,0.002269418528520782,0.009094484588727622,0.002269418528520782,5
Radiomics,Gradient Boosting,original__gldm__LowGrayLevelEmphasis,"native tree importance in PCA space, distributed by absolute PCA loading",0.009005543181472942,0.002034587494441509,0.009005543181472944,0.002034587494441509,5
Radiomics,Gradient Boosting,original__firstorder__TotalEnergy,"native tree importance in PCA space, distributed by absolute PCA loading",0.008993183529466518,0.002580342547066376,0.00899318352946652,0.002580342547066375,5
Radiomics,Gradient Boosting,original__glrlm__GrayLevelNonUniformity,"native tree importance in PCA space, distributed by absolute PCA loading",0.008986922947483654,0.0025747616923779085,0.008986922947483654,0.0025747616923779072,5
Radiomics,Gradient Boosting,original__glcm__Idm,"native tree importance in PCA space, distributed by absolute PCA loading",0.008973609146146274,0.0021032124947314404,0.008973609146146274,0.0021032124947314395,5
Radiomics,Gradient Boosting,original__ngtdm__Strength,"native tree importance in PCA space, distributed by absolute PCA loading",0.008809692625001668,0.002886495965320921,0.008809692625001668,0.0028864959653209224,5
Radiomics,Gradient Boosting,original__firstorder__Variance,"native tree importance in PCA space, distributed by absolute PCA loading",0.008792082447327142,0.0034102054024025418,0.008792082447327142,0.0034102054024025426,5
Radiomics,Gradient Boosting,original__glszm__ZonePercentage,"native tree importance in PCA space, distributed by absolute PCA loading",0.008676935856966588,0.002370382367786713,0.008676935856966588,0.002370382367786713,5
Radiomics,Gradient Boosting,original__firstorder__Median,"native tree importance in PCA space, distributed by absolute PCA loading",0.008658275911797162,0.0014098532449004426,0.008658275911797162,0.0014098532449004423,5
Radiomics,Gradient Boosting,original__gldm__DependenceEntropy,"native tree importance in PCA space, distributed by absolute PCA loading",0.008590711845575114,0.0015217042350286483,0.008590711845575114,0.001521704235028648,5
Radiomics,Gradient Boosting,original__glrlm__ShortRunLowGrayLevelEmphasis,"native tree importance in PCA space, distributed by absolute PCA loading",0.008497810799458933,0.003278537782744549,0.008497810799458933,0.0032785377827445495,5
Radiomics,Gradient Boosting,original__gldm__SmallDependenceEmphasis,"native tree importance in PCA space, distributed by absolute PCA loading",0.008433133454067892,0.0018963705477188385,0.008433133454067893,0.001896370547718838,5
Radiomics,Gradient Boosting,original__glszm__SmallAreaEmphasis,"native tree importance in PCA space, distributed by absolute PCA loading",0.008356759611657858,0.0010254497223376397,0.008356759611657858,0.0010254497223376401,5
Radiomics,Gradient Boosting,original__ngtdm__Complexity,"native tree importance in PCA space, distributed by absolute PCA loading",0.0081746852998653,0.003042420462292457,0.0081746852998653,0.003042420462292457,5
Radiomics,Gradient Boosting,original__gldm__LargeDependenceHighGrayLevelEmphasis,"native tree importance in PCA space, distributed by absolute PCA loading",0.008148774925681078,0.001827822997105759,0.00814877492568108,0.0018278229971057595,5
Radiomics,Gradient Boosting,original__glrlm__LongRunLowGrayLevelEmphasis,"native tree importance in PCA space, distributed by absolute PCA loading",0.008143353704828002,0.002577972880660916,0.008143353704828002,0.0025779728806609166,5
Radiomics,Gradient Boosting,original__shape__SurfaceArea,"native tree importance in PCA space, distributed by absolute PCA loading",0.008133719473115976,0.0019664078971103507,0.008133719473115976,0.0019664078971103507,5
Radiomics,Gradient Boosting,original__glszm__SizeZoneNonUniformityNormalized,"native tree importance in PCA space, distributed by absolute PCA loading",0.008055672820879684,0.002426723586293573,0.008055672820879684,0.0024267235862935736,5
Radiomics,Gradient Boosting,original__glrlm__LowGrayLevelRunEmphasis,"native tree importance in PCA space, distributed by absolute PCA loading",0.008014020624394037,0.0033500849277135454,0.008014020624394037,0.0033500849277135454,5
Radiomics,Gradient Boosting,original__ngtdm__Coarseness,"native tree importance in PCA space, distributed by absolute PCA loading",0.008000054467735633,0.001921437432909286,0.008000054467735633,0.0019214374329092861,5
Radiomics,Gradient Boosting,original__gldm__GrayLevelNonUniformity,"native tree importance in PCA space, distributed by absolute PCA loading",0.007926013650022096,0.0023296715762580185,0.007926013650022096,0.002329671576258017,5
Radiomics,Gradient Boosting,original__gldm__HighGrayLevelEmphasis,"native tree importance in PCA space, distributed by absolute PCA loading",0.007747862741708027,0.0008142061818249616,0.007747862741708027,0.0008142061818249612,5
Radiomics,Gradient Boosting,original__firstorder__Energy,"native tree importance in PCA space, distributed by absolute PCA loading",0.007723230775465747,0.0029092449863423633,0.007723230775465747,0.002909244986342363,5
Radiomics,Gradient Boosting,original__glrlm__HighGrayLevelRunEmphasis,"native tree importance in PCA space, distributed by absolute PCA loading",0.007676452971700979,0.0007856013397818028,0.0076764529717009795,0.0007856013397818024,5
Radiomics,Gradient Boosting,original__firstorder__MeanAbsoluteDeviation,"native tree importance in PCA space, distributed by absolute PCA loading",0.007637468164587979,0.005243533510488586,0.007637468164587979,0.005243533510488587,5
Radiomics,Gradient Boosting,original__glcm__JointAverage,"native tree importance in PCA space, distributed by absolute PCA loading",0.00763237721038566,0.0007455579624677438,0.00763237721038566,0.0007455579624677433,5
Radiomics,Gradient Boosting,original__glszm__HighGrayLevelZoneEmphasis,"native tree importance in PCA space, distributed by absolute PCA loading",0.007619353643545199,0.0007952103859360922,0.007619353643545199,0.0007952103859360924,5
Radiomics,Gradient Boosting,original__glszm__GrayLevelNonUniformityNormalized,"native tree importance in PCA space, distributed by absolute PCA loading",0.007609771422624872,0.002626466247555775,0.007609771422624872,0.0026264662475557754,5
Radiomics,Gradient Boosting,original__gldm__LargeDependenceLowGrayLevelEmphasis,"native tree importance in PCA space, distributed by absolute PCA loading",0.007348448205125552,0.002992499812668828,0.007348448205125552,0.0029924998126688277,5
Radiomics,Gradient Boosting,original__firstorder__Uniformity,"native tree importance in PCA space, distributed by absolute PCA loading",0.007289843713654559,0.0023398878092759246,0.007289843713654559,0.0023398878092759246,5
Radiomics,Gradient Boosting,original__glszm__SmallAreaLowGrayLevelEmphasis,"native tree importance in PCA space, distributed by absolute PCA loading",0.00711740213374217,0.0008798786776514399,0.00711740213374217,0.0008798786776514399,5
Radiomics,Gradient Boosting,original__glrlm__RunLengthNonUniformityNormalized,"native tree importance in PCA space, distributed by absolute PCA loading",0.0070411766844887995,0.0018447983449547433,0.0070411766844887995,0.0018447983449547429,5
Radiomics,Gradient Boosting,original__firstorder__90Percentile,"native tree importance in PCA space, distributed by absolute PCA loading",0.006666330035949063,0.002542668002487122,0.006666330035949063,0.0025426680024871217,5
Radiomics,Gradient Boosting,original__glszm__GrayLevelVariance,"native tree importance in PCA space, distributed by absolute PCA loading",0.006558429041199363,0.0016740642370530712,0.0065584290411993635,0.0016740642370530717,5
Radiomics,Gradient Boosting,original__glcm__ClusterProminence,"native tree importance in PCA space, distributed by absolute PCA loading",0.0065111592588406545,0.0009816544972044796,0.0065111592588406545,0.0009816544972044794,5
Radiomics,Gradient Boosting,original__glcm__MaximumProbability,"native tree importance in PCA space, distributed by absolute PCA loading",0.006137580208033552,0.0013251509522699974,0.006137580208033552,0.0013251509522699976,5
Radiomics,Gradient Boosting,original__glcm__DifferenceVariance,"native tree importance in PCA space, distributed by absolute PCA loading",0.0061325870591414705,0.0020986294736611718,0.0061325870591414705,0.0020986294736611713,5
Radiomics,Gradient Boosting,original__glrlm__GrayLevelVariance,"native tree importance in PCA space, distributed by absolute PCA loading",0.006127188271609664,0.0006577212250316277,0.006127188271609664,0.0006577212250316279,5
Radiomics,Gradient Boosting,original__gldm__GrayLevelVariance,"native tree importance in PCA space, distributed by absolute PCA loading",0.006081522149363121,0.0007376094719681198,0.006081522149363121,0.0007376094719681197,5
Radiomics,Gradient Boosting,original__glrlm__ShortRunEmphasis,"native tree importance in PCA space, distributed by absolute PCA loading",0.005907192151458215,0.0019214641624035265,0.005907192151458215,0.0019214641624035256,5
Radiomics,Gradient Boosting,original__glszm__SmallAreaHighGrayLevelEmphasis,"native tree importance in PCA space, distributed by absolute PCA loading",0.005845664421490681,0.0008785142875314117,0.005845664421490681,0.0008785142875314118,5
Radiomics,Gradient Boosting,original__glcm__ClusterTendency,"native tree importance in PCA space, distributed by absolute PCA loading",0.005692316348027767,0.001813125344438056,0.005692316348027767,0.001813125344438056,5
Radiomics,Gradient Boosting,original__glrlm__GrayLevelNonUniformityNormalized,"native tree importance in PCA space, distributed by absolute PCA loading",0.005645239206969656,0.0017541743701236802,0.0056452392069696565,0.0017541743701236809,5
Radiomics,Gradient Boosting,original__glcm__SumSquares,"native tree importance in PCA space, distributed by absolute PCA loading",0.0055754938986964575,0.002011180825456646,0.0055754938986964575,0.002011180825456646,5
Radiomics,Gradient Boosting,original__glcm__Contrast,"native tree importance in PCA space, distributed by absolute PCA loading",0.0055467105873061445,0.0021658265977713797,0.005546710587306145,0.0021658265977713797,5
Radiomics,Gradient Boosting,original__firstorder__Minimum,"native tree importance in PCA space, distributed by absolute PCA loading",0.005453119024248458,0.001082821795090728,0.005453119024248458,0.0010828217950907277,5
Radiomics,Gradient Boosting,original__gldm__SmallDependenceHighGrayLevelEmphasis,"native tree importance in PCA space, distributed by absolute PCA loading",0.005391445931461961,0.0011118853528831823,0.005391445931461961,0.0011118853528831825,5
Radiomics,Gradient Boosting,original__glcm__Autocorrelation,"native tree importance in PCA space, distributed by absolute PCA loading",0.005390479737181789,0.0006790218233324826,0.00539047973718179,0.0006790218233324828,5
Radiomics,Gradient Boosting,original__glcm__SumAverage,"native tree importance in PCA space, distributed by absolute PCA loading",0.005381817252864549,0.0009513467912223902,0.005381817252864549,0.0009513467912223894,5
Radiomics,Gradient Boosting,original__glcm__InverseVariance,"native tree importance in PCA space, distributed by absolute PCA loading",0.005349447939744607,0.0014435521501642732,0.005349447939744607,0.001443552150164274,5
Radiomics,Gradient Boosting,original__glrlm__ShortRunHighGrayLevelEmphasis,"native tree importance in PCA space, distributed by absolute PCA loading",0.005204388860798317,0.0006840217327344461,0.005204388860798317,0.0006840217327344463,5
Radiomics,Gradient Boosting,original__firstorder__Entropy,"native tree importance in PCA space, distributed by absolute PCA loading",0.0050096638689027,0.0013564484446021933,0.005009663868902701,0.001356448444602194,5
Radiomics,Gradient Boosting,original__glcm__Id,"native tree importance in PCA space, distributed by absolute PCA loading",0.005002319646738751,0.0014381818003778553,0.005002319646738752,0.0014381818003778558,5
Radiomics,Gradient Boosting,original__glcm__DifferenceEntropy,"native tree importance in PCA space, distributed by absolute PCA loading",0.004888087708093976,0.0005921302655345073,0.004888087708093976,0.0005921302655345073,5
Radiomics,Gradient Boosting,original__glcm__DifferenceAverage,"native tree importance in PCA space, distributed by absolute PCA loading",0.004709834062957748,0.001539224093956739,0.004709834062957749,0.0015392240939567396,5
Radiomics,Gradient Boosting,original__glcm__SumEntropy,"native tree importance in PCA space, distributed by absolute PCA loading",0.004295227105645684,0.0014640392571267972,0.004295227105645684,0.0014640392571267974,5
Radiomics,Gradient Boosting,original__glcm__JointEntropy,"native tree importance in PCA space, distributed by absolute PCA loading",0.004259913858724754,0.0015754816092895538,0.004259913858724754,0.001575481609289554,5
Radiomics,MLP,original__shape__Maximum3DDiameter,"mean absolute MLP SHAP in validation fold, back-projected via absolute PCA loadings",0.008042858741413965,0.0018967421802390137,0.017117474629297975,0.004062047596990464,5
Radiomics,MLP,original__shape__Maximum2DDiameterSlice,"mean absolute MLP SHAP in validation fold, back-projected via absolute PCA loadings",0.007885052584010382,0.0024538496974922607,0.016795733354769877,0.005330387987181242,5
Radiomics,MLP,original__shape__MajorAxisLength,"mean absolute MLP SHAP in validation fold, back-projected via absolute PCA loadings",0.007454734917230771,0.0029538167635168055,0.01576090783222699,0.005723857228943921,5
Radiomics,MLP,original__glcm__ClusterShade,"mean absolute MLP SHAP in validation fold, back-projected via absolute PCA loadings",0.007426070898664444,0.0016259347751984234,0.01572962131508319,0.0030143688912273913,5
Radiomics,MLP,original__glszm__LargeAreaLowGrayLevelEmphasis,"mean absolute MLP SHAP in validation fold, back-projected via absolute PCA loadings",0.007257538753948656,0.0018661600098491098,0.015528115784436072,0.004546594892898971,5
Radiomics,MLP,original__firstorder__Kurtosis,"mean absolute MLP SHAP in validation fold, back-projected via absolute PCA loadings",0.007335826158881342,0.00314182168195997,0.015367273746554727,0.005417967045101244,5
Radiomics,MLP,original__shape__Maximum2DDiameterColumn,"mean absolute MLP SHAP in validation fold, back-projected via absolute PCA loadings",0.007086535184118441,0.000851031628472204,0.015131622503270391,0.002281970304721134,5
Radiomics,MLP,original__shape__SurfaceVolumeRatio,"mean absolute MLP SHAP in validation fold, back-projected via absolute PCA loadings",0.006886063653865952,0.001238877701439675,0.014595506413812678,0.0021451998418286094,5
Radiomics,MLP,original__shape__MinorAxisLength,"mean absolute MLP SHAP in validation fold, back-projected via absolute PCA loadings",0.0069304711197436366,0.002449727335089346,0.01456708807939111,0.00421304096785599,5
Radiomics,MLP,original__glszm__GrayLevelNonUniformity,"mean absolute MLP SHAP in validation fold, back-projected via absolute PCA loadings",0.006677703353976004,0.0009328391099983906,0.014229827327481025,0.0022643363809324683,5
Radiomics,MLP,original__firstorder__Maximum,"mean absolute MLP SHAP in validation fold, back-projected via absolute PCA loadings",0.006157814813008841,0.0015354358922055728,0.013117400990650788,0.00345486166881607,5
Radiomics,MLP,original__firstorder__10Percentile,"mean absolute MLP SHAP in validation fold, back-projected via absolute PCA loadings",0.006132342972463603,0.0015057699439296258,0.01310009563326193,0.003460972937418889,5
Radiomics,MLP,original__gldm__DependenceVariance,"mean absolute MLP SHAP in validation fold, back-projected via absolute PCA loadings",0.006024516156413353,0.0010020038018549882,0.01281074806033794,0.0020323549070900213,5
Radiomics,MLP,original__shape__Elongation,"mean absolute MLP SHAP in validation fold, back-projected via absolute PCA loadings",0.005954488801787645,0.0023935259160808896,0.012616397521560263,0.004778483317257025,5
Radiomics,MLP,original__shape__Sphericity,"mean absolute MLP SHAP in validation fold, back-projected via absolute PCA loadings",0.005767983496424491,0.0004654417521901536,0.012362999761913969,0.001958708692561174,5
Radiomics,MLP,original__shape__MeshVolume,"mean absolute MLP SHAP in validation fold, back-projected via absolute PCA loadings",0.0056199640193501064,0.0014112921034078732,0.012115392111996406,0.003814000717025216,5
Radiomics,MLP,original__ngtdm__Busyness,"mean absolute MLP SHAP in validation fold, back-projected via absolute PCA loadings",0.005582495385712513,0.000955311208606109,0.01197162532716479,0.002655845105979321,5
Radiomics,MLP,original__shape__Maximum2DDiameterRow,"mean absolute MLP SHAP in validation fold, back-projected via absolute PCA loadings",0.005530376987876697,0.001439933203997956,0.011942994867694243,0.0037936789534609287,5
Radiomics,MLP,original__glcm__Imc1,"mean absolute MLP SHAP in validation fold, back-projected via absolute PCA loadings",0.005601727790283882,0.002373300183276213,0.011902177322312791,0.0050544829901247295,5
Radiomics,MLP,original__glrlm__RunVariance,"mean absolute MLP SHAP in validation fold, back-projected via absolute PCA loadings",0.005402867998580717,0.0016060275167804389,0.0115240445579378,0.0034258437852592127,5
Radiomics,MLP,original__glcm__Correlation,"mean absolute MLP SHAP in validation fold, back-projected via absolute PCA loadings",0.0053730285613617906,0.0014715741792129886,0.011494652973980243,0.003330965252247669,5
Radiomics,MLP,original__glszm__ZoneEntropy,"mean absolute MLP SHAP in validation fold, back-projected via absolute PCA loadings",0.005236710582672819,0.0006700020596991163,0.011105215378379486,0.0010176461539125239,5
Radiomics,MLP,original__firstorder__Skewness,"mean absolute MLP SHAP in validation fold, back-projected via absolute PCA loadings",0.005185867546387264,0.0013602054173934787,0.011059970227542909,0.0030214930513029407,5
Radiomics,MLP,original__glcm__MCC,"mean absolute MLP SHAP in validation fold, back-projected via absolute PCA loadings",0.005124425384622286,0.0014262689196983922,0.01084996513821598,0.0029030084219441267,5
Radiomics,MLP,original__shape__Flatness,"mean absolute MLP SHAP in validation fold, back-projected via absolute PCA loadings",0.005185125295633699,0.0024456007484712494,0.010826414384040951,0.004213724469586082,5
Radiomics,MLP,original__gldm__DependenceNonUniformityNormalized,"mean absolute MLP SHAP in validation fold, back-projected via absolute PCA loadings",0.0050700975412972075,0.0008777178667968661,0.010720077186340212,0.001277756769677867,5
Radiomics,MLP,original__gldm__SmallDependenceLowGrayLevelEmphasis,"mean absolute MLP SHAP in validation fold, back-projected via absolute PCA loadings",0.005027608279829893,0.0006692164809448989,0.010679913026792233,0.0012486412251228208,5
Radiomics,MLP,original__shape__VoxelVolume,"mean absolute MLP SHAP in validation fold, back-projected via absolute PCA loadings",0.004911841371942065,0.0007825682941143505,0.010544911648550983,0.002303020879031988,5
Radiomics,MLP,original__firstorder__RobustMeanAbsoluteDeviation,"mean absolute MLP SHAP in validation fold, back-projected via absolute PCA loadings",0.004884751865095895,0.001380342279265863,0.0105153129493818,0.003316884219267439,5
Radiomics,MLP,original__glcm__Imc2,"mean absolute MLP SHAP in validation fold, back-projected via absolute PCA loadings",0.004930350199566624,0.0008605152289272374,0.01047115805672603,0.0016999633920515911,5
Radiomics,MLP,original__glrlm__LongRunEmphasis,"mean absolute MLP SHAP in validation fold, back-projected via absolute PCA loadings",0.004926457838809846,0.0006236126271801267,0.0104709775604689,0.0012382066624391436,5
Radiomics,MLP,original__ngtdm__Complexity,"mean absolute MLP SHAP in validation fold, back-projected via absolute PCA loadings",0.004871209701686441,0.0009204751609157529,0.010389124836128166,0.0021445386892499896,5
Radiomics,MLP,original__shape__LeastAxisLength,"mean absolute MLP SHAP in validation fold, back-projected via absolute PCA loadings",0.004852786317582111,0.001519156614009534,0.010368441058044927,0.003458274746172059,5
Radiomics,MLP,original__glrlm__RunPercentage,"mean absolute MLP SHAP in validation fold, back-projected via absolute PCA loadings",0.004902533626675151,0.0009183761416095815,0.010366462041845274,0.001484323488475382,5
Radiomics,MLP,original__ngtdm__Contrast,"mean absolute MLP SHAP in validation fold, back-projected via absolute PCA loadings",0.004867937929093344,0.0007364711036121825,0.010318893418581452,0.0012452797368122464,5
Radiomics,MLP,original__glcm__Idmn,"mean absolute MLP SHAP in validation fold, back-projected via absolute PCA loadings",0.004840892548645993,0.0010181689330375102,0.010227229246091185,0.0017345724061354028,5
Radiomics,MLP,original__glrlm__LongRunHighGrayLevelEmphasis,"mean absolute MLP SHAP in validation fold, back-projected via absolute PCA loadings",0.004794182689963916,0.0008020945380331395,0.010170715525846395,0.0014870835403277209,5
Radiomics,MLP,original__glrlm__RunLengthNonUniformity,"mean absolute MLP SHAP in validation fold, back-projected via absolute PCA loadings",0.004768858453827029,0.000706829843422015,0.010135066549460014,0.0014391055353340494,5
Radiomics,MLP,original__firstorder__TotalEnergy,"mean absolute MLP SHAP in validation fold, back-projected via absolute PCA loadings",0.004680400704512328,0.0005859409586874793,0.009992749228592111,0.0014907422046233183,5
Radiomics,MLP,original__gldm__LargeDependenceEmphasis,"mean absolute MLP SHAP in validation fold, back-projected via absolute PCA loadings",0.004706665353031961,0.0006927442416851343,0.00998472569772637,0.0012179912837713615,5
Radiomics,MLP,original__glszm__LargeAreaHighGrayLevelEmphasis,"mean absolute MLP SHAP in validation fold, back-projected via absolute PCA loadings",0.004716008515871089,0.0010380851330649328,0.009929487866568654,0.0014349264997911256,5
Radiomics,MLP,original__glszm__SizeZoneNonUniformityNormalized,"mean absolute MLP SHAP in validation fold, back-projected via absolute PCA loadings",0.004548757078466686,0.0006165917446262988,0.009722280085720176,0.0016487368647577353,5
Radiomics,MLP,original__glszm__SmallAreaEmphasis,"mean absolute MLP SHAP in validation fold, back-projected via absolute PCA loadings",0.004548418898242802,0.0004662563529572656,0.009688045280662527,0.001118122349007576,5
Radiomics,MLP,original__glcm__Idn,"mean absolute MLP SHAP in validation fold, back-projected via absolute PCA loadings",0.004514664337910501,0.0008797505403327668,0.00952740272636248,0.0012977779354390135,5
Radiomics,MLP,original__firstorder__InterquartileRange,"mean absolute MLP SHAP in validation fold, back-projected via absolute PCA loadings",0.00444324321190677,0.00038705894995568033,0.009494707098697375,0.0012281992632726796,5
Radiomics,MLP,original__gldm__DependenceNonUniformity,"mean absolute MLP SHAP in validation fold, back-projected via absolute PCA loadings",0.004421306403973662,0.000523746188784168,0.009416266077072005,0.0012000622833525296,5
Radiomics,MLP,original__gldm__DependenceEntropy,"mean absolute MLP SHAP in validation fold, back-projected via absolute PCA loadings",0.004411141824968726,0.00038632377949638437,0.009410126543887617,0.0010920662613717706,5
Radiomics,MLP,original__firstorder__Median,"mean absolute MLP SHAP in validation fold, back-projected via absolute PCA loadings",0.004299832732361786,0.0009072515609331321,0.009192412395065793,0.0021652978319012823,5
Radiomics,MLP,original__firstorder__Energy,"mean absolute MLP SHAP in validation fold, back-projected via absolute PCA loadings",0.004354642812231818,0.0009487980789233088,0.009189368735265,0.0016407492692381584,5
Radiomics,MLP,original__firstorder__Variance,"mean absolute MLP SHAP in validation fold, back-projected via absolute PCA loadings",0.004238096224094828,0.0012154648678094383,0.009142843674503761,0.003175726918454614,5
Radiomics,MLP,original__glrlm__RunEntropy,"mean absolute MLP SHAP in validation fold, back-projected via absolute PCA loadings",0.004305195740235393,0.0009629713056754683,0.009112958643221421,0.001784635300832804,5
Radiomics,MLP,original__glszm__ZoneVariance,"mean absolute MLP SHAP in validation fold, back-projected via absolute PCA loadings",0.004330324824611166,0.001134429486385347,0.009097884490616034,0.0017650700312825285,5
Radiomics,MLP,original__glszm__LargeAreaEmphasis,"mean absolute MLP SHAP in validation fold, back-projected via absolute PCA loadings",0.004325771763367315,0.0011333960951188644,0.009088586905405097,0.0017643495218840244,5
Radiomics,MLP,original__ngtdm__Strength,"mean absolute MLP SHAP in validation fold, back-projected via absolute PCA loadings",0.0042564411871496635,0.0005220373553456501,0.009078836175824567,0.0013803948245870756,5
Radiomics,MLP,original__firstorder__Range,"mean absolute MLP SHAP in validation fold, back-projected via absolute PCA loadings",0.0042404229119504585,0.000766679214764543,0.008979941760025988,0.0012587072213411734,5
Radiomics,MLP,original__glszm__SizeZoneNonUniformity,"mean absolute MLP SHAP in validation fold, back-projected via absolute PCA loadings",0.00424909440327065,0.0012144964939096192,0.008956868513380787,0.0020713797955424153,5
Radiomics,MLP,original__firstorder__Mean,"mean absolute MLP SHAP in validation fold, back-projected via absolute PCA loadings",0.004208264324300865,0.0013407446333314054,0.008922677262013897,0.0027859006548828723,5
Radiomics,MLP,original__gldm__LargeDependenceHighGrayLevelEmphasis,"mean absolute MLP SHAP in validation fold, back-projected via absolute PCA loadings",0.004176626378419104,0.0011886139412621958,0.008829269560010608,0.0022528278786407984,5
Radiomics,MLP,original__glrlm__GrayLevelNonUniformity,"mean absolute MLP SHAP in validation fold, back-projected via absolute PCA loadings",0.004104295919487597,0.0006852728288946027,0.008687884755007624,0.0011066706707819288,5
Radiomics,MLP,original__gldm__SmallDependenceEmphasis,"mean absolute MLP SHAP in validation fold, back-projected via absolute PCA loadings",0.004047808132804765,0.0009652111430846777,0.00851645129383042,0.0014844282671247272,5
Radiomics,MLP,original__gldm__GrayLevelNonUniformity,"mean absolute MLP SHAP in validation fold, back-projected via absolute PCA loadings",0.004012494903406423,0.0009300637889300598,0.008458852842768096,0.0015317174450186462,5
Radiomics,MLP,original__glszm__ZonePercentage,"mean absolute MLP SHAP in validation fold, back-projected via absolute PCA loadings",0.004019731081164352,0.0010295592398099464,0.008445528913799533,0.0016205661085186057,5
Radiomics,MLP,original__glrlm__ShortRunLowGrayLevelEmphasis,"mean absolute MLP SHAP in validation fold, back-projected via absolute PCA loadings",0.004003898909723988,0.000788894659539761,0.008435050120338723,0.0010040286728067002,5
Radiomics,MLP,original__shape__SurfaceArea,"mean absolute MLP SHAP in validation fold, back-projected via absolute PCA loadings",0.003891474891856186,0.000392568067411129,0.008254212588831246,0.0003532926087023094,5
Radiomics,MLP,original__ngtdm__Coarseness,"mean absolute MLP SHAP in validation fold, back-projected via absolute PCA loadings",0.0038908551032815182,0.0006123600783532229,0.008234217915562952,0.0008729230358897379,5
Radiomics,MLP,original__gldm__LowGrayLevelEmphasis,"mean absolute MLP SHAP in validation fold, back-projected via absolute PCA loadings",0.0038246643277919786,0.0008769179923657695,0.008067375640172656,0.0014619239990859465,5
Radiomics,MLP,original__glrlm__LowGrayLevelRunEmphasis,"mean absolute MLP SHAP in validation fold, back-projected via absolute PCA loadings",0.003835068279899396,0.0008722655307531072,0.008065768904668343,0.0012526415457194402,5
Radiomics,MLP,original__glrlm__RunLengthNonUniformityNormalized,"mean absolute MLP SHAP in validation fold, back-projected via absolute PCA loadings",0.0037966274886875526,0.0005132540968386509,0.008047009919066952,0.0007488710072639009,5
Radiomics,MLP,original__gldm__HighGrayLevelEmphasis,"mean absolute MLP SHAP in validation fold, back-projected via absolute PCA loadings",0.0037925179049231204,0.0006728084525233496,0.008019222307452615,0.0010057834249818428,5
Radiomics,MLP,original__glrlm__HighGrayLevelRunEmphasis,"mean absolute MLP SHAP in validation fold, back-projected via absolute PCA loadings",0.003775677863929329,0.0006603741892876092,0.007984580160380391,0.000981683453034545,5
Radiomics,MLP,original__glcm__JointAverage,"mean absolute MLP SHAP in validation fold, back-projected via absolute PCA loadings",0.0037694291685534667,0.0006903241609547712,0.007968049286870836,0.0010464985377864851,5
Radiomics,MLP,original__glszm__HighGrayLevelZoneEmphasis,"mean absolute MLP SHAP in validation fold, back-projected via absolute PCA loadings",0.003753913915674743,0.0006839235339913469,0.00793498968710063,0.0010238714064764263,5
Radiomics,MLP,original__glcm__DifferenceVariance,"mean absolute MLP SHAP in validation fold, back-projected via absolute PCA loadings",0.0036483422431545036,0.0012181302752136036,0.0077851324046725266,0.0026993379855287858,5
Radiomics,MLP,original__glszm__LowGrayLevelZoneEmphasis,"mean absolute MLP SHAP in validation fold, back-projected via absolute PCA loadings",0.0036877090227086817,0.0009035815557085287,0.007777201217356583,0.001576752459675054,5
Radiomics,MLP,original__firstorder__RootMeanSquared,"mean absolute MLP SHAP in validation fold, back-projected via absolute PCA loadings",0.0036586980305667164,0.0007674197725416162,0.007773593449102364,0.0015992034567362968,5
Radiomics,MLP,original__firstorder__MeanAbsoluteDeviation,"mean absolute MLP SHAP in validation fold, back-projected via absolute PCA loadings",0.0036644494595505137,0.0015852056800101384,0.007744211629350311,0.003281617711446679,5
Radiomics,MLP,original__glcm__Idm,"mean absolute MLP SHAP in validation fold, back-projected via absolute PCA loadings",0.0036522934972789316,0.0008779350838566863,0.0076877189809700834,0.001409704982466102,5
Radiomics,MLP,original__glcm__JointEnergy,"mean absolute MLP SHAP in validation fold, back-projected via absolute PCA loadings",0.003624316452407946,0.0007624324368506902,0.007644086335567119,0.0011904729373484041,5
Radiomics,MLP,original__glcm__ClusterProminence,"mean absolute MLP SHAP in validation fold, back-projected via absolute PCA loadings",0.0035913435921856216,0.000901639216387592,0.0076334559516214595,0.0019370681474670595,5
Radiomics,MLP,original__glrlm__LongRunLowGrayLevelEmphasis,"mean absolute MLP SHAP in validation fold, back-projected via absolute PCA loadings",0.0035449693710692927,0.0007808864189376029,0.0075036460501276365,0.001321774812959141,5
Radiomics,MLP,original__glrlm__ShortRunEmphasis,"mean absolute MLP SHAP in validation fold, back-projected via absolute PCA loadings",0.00350755491404615,0.000505802346847093,0.007425322180637966,0.0006856863813333141,5
Radiomics,MLP,original__glcm__Contrast,"mean absolute MLP SHAP in validation fold, back-projected via absolute PCA loadings",0.00348361928979197,0.0011218736294637134,0.007423418426788689,0.0024572510865218966,5
Radiomics,MLP,original__glcm__ClusterTendency,"mean absolute MLP SHAP in validation fold, back-projected via absolute PCA loadings",0.003443909788784225,0.000851249224797663,0.007324199911998975,0.0018550877695244813,5
Radiomics,MLP,original__gldm__LargeDependenceLowGrayLevelEmphasis,"mean absolute MLP SHAP in validation fold, back-projected via absolute PCA loadings",0.003440800419469993,0.0007344475853754146,0.007323499393678402,0.0015482755520096754,5
Radiomics,MLP,original__glszm__GrayLevelVariance,"mean absolute MLP SHAP in validation fold, back-projected via absolute PCA loadings",0.003426910983667367,0.0010092197927855226,0.007260668241257306,0.0021259829472324776,5
Radiomics,MLP,original__gldm__GrayLevelVariance,"mean absolute MLP SHAP in validation fold, back-projected via absolute PCA loadings",0.0033763519488168073,0.000859606176168723,0.007178896572288693,0.0018667736209195093,5
Radiomics,MLP,original__glrlm__GrayLevelVariance,"mean absolute MLP SHAP in validation fold, back-projected via absolute PCA loadings",0.003363478636283101,0.0008850572525612633,0.0071501770749755654,0.0019155282634269366,5
Radiomics,MLP,original__glcm__SumSquares,"mean absolute MLP SHAP in validation fold, back-projected via absolute PCA loadings",0.0033163004714549097,0.0008928863931939497,0.007056638698851908,0.001956105164519555,5
Radiomics,MLP,original__firstorder__Uniformity,"mean absolute MLP SHAP in validation fold, back-projected via absolute PCA loadings",0.003266330901701829,0.0007579434071619395,0.0068644568426322935,0.0010304719248378808,5
Radiomics,MLP,original__glszm__SmallAreaLowGrayLevelEmphasis,"mean absolute MLP SHAP in validation fold, back-projected via absolute PCA loadings",0.003238196222953853,0.0007820587881971292,0.006824768736964136,0.0013326059221440963,5
Radiomics,MLP,original__glszm__GrayLevelNonUniformityNormalized,"mean absolute MLP SHAP in validation fold, back-projected via absolute PCA loadings",0.003165417553177377,0.0007019137455055881,0.00676962831652962,0.0016373383368483215,5
Radiomics,MLP,original__glszm__SmallAreaHighGrayLevelEmphasis,"mean absolute MLP SHAP in validation fold, back-projected via absolute PCA loadings",0.003213233824282822,0.0009863394583113972,0.006759076865132427,0.0018241538354666653,5
Radiomics,MLP,original__glcm__Autocorrelation,"mean absolute MLP SHAP in validation fold, back-projected via absolute PCA loadings",0.0031833451330893553,0.0010726436445702774,0.006693254399784554,0.002026187580685164,5
Radiomics,MLP,original__glrlm__ShortRunHighGrayLevelEmphasis,"mean absolute MLP SHAP in validation fold, back-projected via absolute PCA loadings",0.0030915095060076773,0.0010730773234630844,0.006496198122131562,0.0020359595868074953,5
Radiomics,MLP,original__firstorder__90Percentile,"mean absolute MLP SHAP in validation fold, back-projected via absolute PCA loadings",0.0030908554796184574,0.001042163832073996,0.006486403683308287,0.00189596081980926,5
Radiomics,MLP,original__firstorder__Minimum,"mean absolute MLP SHAP in validation fold, back-projected via absolute PCA loadings",0.003052212198044668,0.0009350469065537671,0.006402121389839618,0.001609320721659253,5
Radiomics,MLP,original__gldm__SmallDependenceHighGrayLevelEmphasis,"mean absolute MLP SHAP in validation fold, back-projected via absolute PCA loadings",0.002963153304799223,0.0004517398684502802,0.006271185538180233,0.0006696994089417061,5
Radiomics,MLP,original__glcm__SumAverage,"mean absolute MLP SHAP in validation fold, back-projected via absolute PCA loadings",0.002987008245441577,0.0008858953294370833,0.006267695853271682,0.0015123416682328718,5
Radiomics,MLP,original__firstorder__Entropy,"mean absolute MLP SHAP in validation fold, back-projected via absolute PCA loadings",0.0028132092265648876,0.00034567861416318356,0.00597850601081645,0.0006906310578617268,5
Radiomics,MLP,original__glrlm__GrayLevelNonUniformityNormalized,"mean absolute MLP SHAP in validation fold, back-projected via absolute PCA loadings",0.002641669257932719,0.0005951750221953677,0.005619551862837442,0.0012452422548606126,5
Radiomics,MLP,original__glcm__MaximumProbability,"mean absolute MLP SHAP in validation fold, back-projected via absolute PCA loadings",0.0025988757826776285,0.0006378600983552009,0.005476235620837028,0.0009805759712768938,5
Radiomics,MLP,original__glcm__DifferenceAverage,"mean absolute MLP SHAP in validation fold, back-projected via absolute PCA loadings",0.0022208673711396716,0.0005920622916612931,0.004695987718810182,0.0011116769687407459,5
Radiomics,MLP,original__glcm__InverseVariance,"mean absolute MLP SHAP in validation fold, back-projected via absolute PCA loadings",0.002157518462174838,0.0007441132738164012,0.0045315114375790765,0.0012945382364548765,5
Radiomics,MLP,original__glcm__Id,"mean absolute MLP SHAP in validation fold, back-projected via absolute PCA loadings",0.00213777943317689,0.0006829140315282481,0.0044962665901856075,0.0011940011512065803,5
Radiomics,MLP,original__glcm__DifferenceEntropy,"mean absolute MLP SHAP in validation fold, back-projected via absolute PCA loadings",0.0020404828744850505,0.0004921067809841689,0.004312074943330506,0.0008899238761063093,5
Radiomics,MLP,original__glcm__JointEntropy,"mean absolute MLP SHAP in validation fold, back-projected via absolute PCA loadings",0.002008755208912858,0.000500025050082415,0.004255266031765316,0.0009677358199941867,5
Radiomics,MLP,original__glcm__SumEntropy,"mean absolute MLP SHAP in validation fold, back-projected via absolute PCA loadings",0.0019961481466725106,0.0004585562830497899,0.004229762112772989,0.0008784047610237148,5
Radiomics,Random Forest,original__shape__Maximum3DDiameter,"native tree importance in PCA space, distributed by absolute PCA loading",0.016972149541719817,0.002967972532043553,0.016972149541719817,0.002967972532043553,5
Radiomics,Random Forest,original__glcm__ClusterShade,"native tree importance in PCA space, distributed by absolute PCA loading",0.01651886942418522,0.002878489422007528,0.01651886942418522,0.0028784894220075276,5
Radiomics,Random Forest,original__firstorder__Kurtosis,"native tree importance in PCA space, distributed by absolute PCA loading",0.016309911318735826,0.004765471983792524,0.016309911318735826,0.004765471983792525,5
Radiomics,Random Forest,original__glszm__LargeAreaLowGrayLevelEmphasis,"native tree importance in PCA space, distributed by absolute PCA loading",0.01572941794325753,0.0016779927397726406,0.01572941794325753,0.0016779927397726413,5
Radiomics,Random Forest,original__shape__Maximum2DDiameterSlice,"native tree importance in PCA space, distributed by absolute PCA loading",0.015724092154132605,0.004061011654444939,0.015724092154132608,0.00406101165444494,5
Radiomics,Random Forest,original__glszm__GrayLevelNonUniformity,"native tree importance in PCA space, distributed by absolute PCA loading",0.015483356717132312,0.0015806801225948608,0.015483356717132312,0.0015806801225948619,5
Radiomics,Random Forest,original__shape__MajorAxisLength,"native tree importance in PCA space, distributed by absolute PCA loading",0.015115193036530458,0.001360664917128851,0.015115193036530458,0.0013606649171288515,5
Radiomics,Random Forest,original__shape__MinorAxisLength,"native tree importance in PCA space, distributed by absolute PCA loading",0.01475552403435057,0.0013663552455344492,0.01475552403435057,0.001366355245534449,5
Radiomics,Random Forest,original__shape__Maximum2DDiameterColumn,"native tree importance in PCA space, distributed by absolute PCA loading",0.0146051100393528,0.0022080690196188855,0.0146051100393528,0.0022080690196188833,5
Radiomics,Random Forest,original__gldm__DependenceVariance,"native tree importance in PCA space, distributed by absolute PCA loading",0.013834153779170157,0.0014196817949823609,0.013834153779170157,0.0014196817949823598,5
Radiomics,Random Forest,original__shape__SurfaceVolumeRatio,"native tree importance in PCA space, distributed by absolute PCA loading",0.01379413604082827,0.002166425639675109,0.013794136040828266,0.0021664256396751085,5
Radiomics,Random Forest,original__firstorder__Maximum,"native tree importance in PCA space, distributed by absolute PCA loading",0.013662366374215537,0.002701215417469514,0.01366236637421554,0.0027012154174695154,5
Radiomics,Random Forest,original__glcm__Correlation,"native tree importance in PCA space, distributed by absolute PCA loading",0.013418975443491243,0.0015215628527080725,0.013418975443491243,0.0015215628527080723,5
Radiomics,Random Forest,original__glcm__MCC,"native tree importance in PCA space, distributed by absolute PCA loading",0.013010203164079776,0.0016645314147855524,0.013010203164079776,0.001664531414785551,5
Radiomics,Random Forest,original__ngtdm__Busyness,"native tree importance in PCA space, distributed by absolute PCA loading",0.012736807966170305,0.0011322078547620013,0.012736807966170305,0.0011322078547620015,5
Radiomics,Random Forest,original__firstorder__Skewness,"native tree importance in PCA space, distributed by absolute PCA loading",0.012498157366346602,0.003016341266251726,0.012498157366346602,0.0030163412662517265,5
Radiomics,Random Forest,original__shape__Sphericity,"native tree importance in PCA space, distributed by absolute PCA loading",0.01244773999795123,0.0015377412715364526,0.01244773999795123,0.0015377412715364522,5
Radiomics,Random Forest,original__glcm__Imc1,"native tree importance in PCA space, distributed by absolute PCA loading",0.012367453372757197,0.0036558381610949913,0.012367453372757195,0.00365583816109499,5
Radiomics,Random Forest,original__shape__Elongation,"native tree importance in PCA space, distributed by absolute PCA loading",0.012336971775095752,0.0020957255879379055,0.012336971775095752,0.002095725587937907,5
Radiomics,Random Forest,original__shape__Maximum2DDiameterRow,"native tree importance in PCA space, distributed by absolute PCA loading",0.01208931513402801,0.0014435454485528468,0.01208931513402801,0.0014435454485528468,5
Radiomics,Random Forest,original__shape__Flatness,"native tree importance in PCA space, distributed by absolute PCA loading",0.011770904306204791,0.0020560148443655303,0.011770904306204791,0.0020560148443655294,5
Radiomics,Random Forest,original__ngtdm__Contrast,"native tree importance in PCA space, distributed by absolute PCA loading",0.01171668418890371,0.0010182699155671152,0.01171668418890371,0.001018269915567115,5
Radiomics,Random Forest,original__glszm__SizeZoneNonUniformity,"native tree importance in PCA space, distributed by absolute PCA loading",0.011710526593161099,0.0014866316288656624,0.011710526593161099,0.001486631628865662,5
Radiomics,Random Forest,original__glrlm__RunVariance,"native tree importance in PCA space, distributed by absolute PCA loading",0.011623764487335549,0.0036311653178641994,0.011623764487335549,0.0036311653178641985,5
Radiomics,Random Forest,original__shape__LeastAxisLength,"native tree importance in PCA space, distributed by absolute PCA loading",0.011488620663659799,0.0017802244885436627,0.011488620663659799,0.0017802244885436632,5
Radiomics,Random Forest,original__firstorder__InterquartileRange,"native tree importance in PCA space, distributed by absolute PCA loading",0.011446907210726344,0.0016550500999233234,0.011446907210726344,0.0016550500999233217,5
Radiomics,Random Forest,original__firstorder__RobustMeanAbsoluteDeviation,"native tree importance in PCA space, distributed by absolute PCA loading",0.011222614011906395,0.003579479672266251,0.011222614011906395,0.0035794796722662496,5
Radiomics,Random Forest,original__shape__MeshVolume,"native tree importance in PCA space, distributed by absolute PCA loading",0.011149438740748242,0.001409647596556226,0.011149438740748242,0.0014096475965562256,5
Radiomics,Random Forest,original__firstorder__10Percentile,"native tree importance in PCA space, distributed by absolute PCA loading",0.010971926792460831,0.0008912063663198062,0.010971926792460831,0.000891206366319806,5
Radiomics,Random Forest,original__glszm__ZoneEntropy,"native tree importance in PCA space, distributed by absolute PCA loading",0.010789320045930946,0.0018974229387460349,0.010789320045930946,0.0018974229387460349,5
Radiomics,Random Forest,original__gldm__DependenceNonUniformityNormalized,"native tree importance in PCA space, distributed by absolute PCA loading",0.010777755769699688,0.0009059162597940795,0.010777755769699688,0.0009059162597940797,5
Radiomics,Random Forest,original__glcm__Idmn,"native tree importance in PCA space, distributed by absolute PCA loading",0.010636704630101473,0.0010119626526891698,0.010636704630101473,0.0010119626526891698,5
Radiomics,Random Forest,original__glrlm__RunPercentage,"native tree importance in PCA space, distributed by absolute PCA loading",0.010631593971134345,0.0009640065357534037,0.010631593971134345,0.0009640065357534037,5
Radiomics,Random Forest,original__gldm__SmallDependenceLowGrayLevelEmphasis,"native tree importance in PCA space, distributed by absolute PCA loading",0.010576515689940764,0.001278384600931234,0.010576515689940764,0.0012783846009312343,5
Radiomics,Random Forest,original__glcm__Idn,"native tree importance in PCA space, distributed by absolute PCA loading",0.010393164622726235,0.0017131359362481762,0.010393164622726235,0.0017131359362481762,5
Radiomics,Random Forest,original__glcm__Imc2,"native tree importance in PCA space, distributed by absolute PCA loading",0.010357984783689142,0.0012695406941131248,0.010357984783689142,0.0012695406941131248,5
Radiomics,Random Forest,original__firstorder__Mean,"native tree importance in PCA space, distributed by absolute PCA loading",0.010157384365820166,0.0012308183628326227,0.010157384365820166,0.001230818362832623,5
Radiomics,Random Forest,original__gldm__DependenceNonUniformity,"native tree importance in PCA space, distributed by absolute PCA loading",0.009888878164583826,0.0010250102806321814,0.009888878164583826,0.0010250102806321814,5
Radiomics,Random Forest,original__glrlm__RunLengthNonUniformity,"native tree importance in PCA space, distributed by absolute PCA loading",0.009863909335468924,0.0011888821255300332,0.009863909335468924,0.0011888821255300337,5
Radiomics,Random Forest,original__gldm__LargeDependenceEmphasis,"native tree importance in PCA space, distributed by absolute PCA loading",0.009686771268500472,0.0004911465961350303,0.009686771268500472,0.0004911465961350313,5
Radiomics,Random Forest,original__glrlm__LongRunEmphasis,"native tree importance in PCA space, distributed by absolute PCA loading",0.009547615042297912,0.0005462848216038715,0.009547615042297912,0.0005462848216038721,5
Radiomics,Random Forest,original__ngtdm__Strength,"native tree importance in PCA space, distributed by absolute PCA loading",0.009489440254852707,0.001677919389929944,0.009489440254852707,0.0016779193899299448,5
Radiomics,Random Forest,original__shape__VoxelVolume,"native tree importance in PCA space, distributed by absolute PCA loading",0.009383684104366463,0.0012989336852265404,0.009383684104366463,0.0012989336852265402,5
Radiomics,Random Forest,original__firstorder__RootMeanSquared,"native tree importance in PCA space, distributed by absolute PCA loading",0.009368112817574489,0.001153777509404979,0.009368112817574489,0.0011537775094049782,5
Radiomics,Random Forest,original__glrlm__LongRunHighGrayLevelEmphasis,"native tree importance in PCA space, distributed by absolute PCA loading",0.009318165960107039,0.0009582128543265621,0.009318165960107039,0.000958212854326562,5
Radiomics,Random Forest,original__firstorder__TotalEnergy,"native tree importance in PCA space, distributed by absolute PCA loading",0.009247342925643356,0.001128315437730919,0.009247342925643356,0.0011283154377309183,5
Radiomics,Random Forest,original__glszm__SizeZoneNonUniformityNormalized,"native tree importance in PCA space, distributed by absolute PCA loading",0.009236910562060741,0.0010435207626709137,0.009236910562060741,0.0010435207626709143,5
Radiomics,Random Forest,original__glszm__SmallAreaEmphasis,"native tree importance in PCA space, distributed by absolute PCA loading",0.009219599947182164,0.0002595692501907282,0.009219599947182164,0.00025956925019072764,5
Radiomics,Random Forest,original__ngtdm__Complexity,"native tree importance in PCA space, distributed by absolute PCA loading",0.009125838875177459,0.0014497642137896818,0.009125838875177459,0.0014497642137896818,5
Radiomics,Random Forest,original__gldm__DependenceEntropy,"native tree importance in PCA space, distributed by absolute PCA loading",0.009120864833318039,0.001145237863355311,0.009120864833318039,0.0011452378633553116,5
Radiomics,Random Forest,original__ngtdm__Coarseness,"native tree importance in PCA space, distributed by absolute PCA loading",0.008976015982962198,0.001198530981412647,0.008976015982962198,0.0011985309814126475,5
Radiomics,Random Forest,original__glrlm__ShortRunLowGrayLevelEmphasis,"native tree importance in PCA space, distributed by absolute PCA loading",0.00877935258363236,0.0018089025094772957,0.00877935258363236,0.0018089025094772959,5
Radiomics,Random Forest,original__glszm__ZonePercentage,"native tree importance in PCA space, distributed by absolute PCA loading",0.008747880567270588,0.0013084940786420197,0.008747880567270588,0.0013084940786420192,5
Radiomics,Random Forest,original__glrlm__RunEntropy,"native tree importance in PCA space, distributed by absolute PCA loading",0.008717301870363162,0.0012359055756734592,0.008717301870363162,0.001235905575673459,5
Radiomics,Random Forest,original__glrlm__LongRunLowGrayLevelEmphasis,"native tree importance in PCA space, distributed by absolute PCA loading",0.00869059545659714,0.0011990901147870337,0.00869059545659714,0.0011990901147870341,5
Radiomics,Random Forest,original__firstorder__Range,"native tree importance in PCA space, distributed by absolute PCA loading",0.00865817648157613,0.0012713859891438763,0.00865817648157613,0.0012713859891438771,5
Radiomics,Random Forest,original__firstorder__Median,"native tree importance in PCA space, distributed by absolute PCA loading",0.008609501307202113,0.0009129646720248154,0.008609501307202113,0.0009129646720248163,5
Radiomics,Random Forest,original__gldm__LargeDependenceHighGrayLevelEmphasis,"native tree importance in PCA space, distributed by absolute PCA loading",0.008538038224161455,0.001282151713523315,0.008538038224161455,0.0012821517135233134,5
Radiomics,Random Forest,original__glszm__LargeAreaEmphasis,"native tree importance in PCA space, distributed by absolute PCA loading",0.008470271398345667,0.0007774295373029193,0.008470271398345667,0.0007774295373029187,5
Radiomics,Random Forest,original__gldm__SmallDependenceEmphasis,"native tree importance in PCA space, distributed by absolute PCA loading",0.00846909012104977,0.0009976699508112284,0.00846909012104977,0.0009976699508112278,5
Radiomics,Random Forest,original__glszm__ZoneVariance,"native tree importance in PCA space, distributed by absolute PCA loading",0.008468247242612343,0.0007796972664804512,0.008468247242612343,0.0007796972664804506,5
Radiomics,Random Forest,original__glrlm__LowGrayLevelRunEmphasis,"native tree importance in PCA space, distributed by absolute PCA loading",0.008301386077288463,0.0017498456652925362,0.008301386077288463,0.0017498456652925366,5
Radiomics,Random Forest,original__glrlm__GrayLevelNonUniformity,"native tree importance in PCA space, distributed by absolute PCA loading",0.008300598886974937,0.0010084507239821936,0.008300598886974937,0.0010084507239821925,5
Radiomics,Random Forest,original__shape__SurfaceArea,"native tree importance in PCA space, distributed by absolute PCA loading",0.008288500358925513,0.0009615436145813291,0.008288500358925513,0.0009615436145813291,5
Radiomics,Random Forest,original__glszm__LargeAreaHighGrayLevelEmphasis,"native tree importance in PCA space, distributed by absolute PCA loading",0.008279440200746448,0.0011090825756410968,0.008279440200746448,0.0011090825756410968,5
Radiomics,Random Forest,original__gldm__LargeDependenceLowGrayLevelEmphasis,"native tree importance in PCA space, distributed by absolute PCA loading",0.00820162278752087,0.0014159328407601548,0.00820162278752087,0.0014159328407601548,5
Radiomics,Random Forest,original__firstorder__Variance,"native tree importance in PCA space, distributed by absolute PCA loading",0.00816525810610798,0.0014414982228757613,0.00816525810610798,0.0014414982228757609,5
Radiomics,Random Forest,original__glcm__JointEnergy,"native tree importance in PCA space, distributed by absolute PCA loading",0.008108244546727383,0.0006449956874937577,0.008108244546727383,0.0006449956874937575,5
Radiomics,Random Forest,original__glcm__ClusterProminence,"native tree importance in PCA space, distributed by absolute PCA loading",0.007990126494962854,0.0018854618177071023,0.007990126494962852,0.0018854618177071016,5
Radiomics,Random Forest,original__firstorder__MeanAbsoluteDeviation,"native tree importance in PCA space, distributed by absolute PCA loading",0.007962659411876929,0.0037140432777565333,0.007962659411876929,0.0037140432777565315,5
Radiomics,Random Forest,original__glcm__Idm,"native tree importance in PCA space, distributed by absolute PCA loading",0.007921496482348979,0.0006944540863037811,0.007921496482348979,0.0006944540863037813,5
Radiomics,Random Forest,original__firstorder__Energy,"native tree importance in PCA space, distributed by absolute PCA loading",0.007891813217187571,0.0011932492075019314,0.007891813217187571,0.0011932492075019307,5
Radiomics,Random Forest,original__gldm__LowGrayLevelEmphasis,"native tree importance in PCA space, distributed by absolute PCA loading",0.007829857459404883,0.0013580354475446262,0.007829857459404885,0.0013580354475446264,5
Radiomics,Random Forest,original__glszm__GrayLevelVariance,"native tree importance in PCA space, distributed by absolute PCA loading",0.007542195844906905,0.0014861441511546047,0.007542195844906905,0.001486144151154604,5
Radiomics,Random Forest,original__glszm__GrayLevelNonUniformityNormalized,"native tree importance in PCA space, distributed by absolute PCA loading",0.00743964235713888,0.0016696014470132605,0.007439642357138879,0.001669601447013261,5
Radiomics,Random Forest,original__gldm__GrayLevelNonUniformity,"native tree importance in PCA space, distributed by absolute PCA loading",0.0074128666196661835,0.0006902736298099543,0.0074128666196661835,0.0006902736298099535,5
Radiomics,Random Forest,original__gldm__HighGrayLevelEmphasis,"native tree importance in PCA space, distributed by absolute PCA loading",0.007371891954323801,0.0005394966883693127,0.007371891954323801,0.0005394966883693129,5
Radiomics,Random Forest,original__glrlm__HighGrayLevelRunEmphasis,"native tree importance in PCA space, distributed by absolute PCA loading",0.007318689412113631,0.0005299081012243142,0.007318689412113631,0.0005299081012243144,5
Radiomics,Random Forest,original__glszm__LowGrayLevelZoneEmphasis,"native tree importance in PCA space, distributed by absolute PCA loading",0.0072990374320227565,0.0010054726982455667,0.0072990374320227565,0.0010054726982455667,5
Radiomics,Random Forest,original__glcm__JointAverage,"native tree importance in PCA space, distributed by absolute PCA loading",0.007291197054530157,0.0005014790686105387,0.007291197054530157,0.0005014790686105388,5
Radiomics,Random Forest,original__glszm__HighGrayLevelZoneEmphasis,"native tree importance in PCA space, distributed by absolute PCA loading",0.007233557825729061,0.0005579819330216357,0.0072335578257290605,0.0005579819330216359,5
Radiomics,Random Forest,original__firstorder__90Percentile,"native tree importance in PCA space, distributed by absolute PCA loading",0.006975535282665394,0.0011341631964887433,0.006975535282665394,0.0011341631964887438,5
Radiomics,Random Forest,original__firstorder__Uniformity,"native tree importance in PCA space, distributed by absolute PCA loading",0.006920062345756763,0.0008954976902462666,0.006920062345756763,0.0008954976902462665,5
Radiomics,Random Forest,original__glrlm__RunLengthNonUniformityNormalized,"native tree importance in PCA space, distributed by absolute PCA loading",0.006888148284512197,0.0006139408264683683,0.006888148284512197,0.0006139408264683688,5
Radiomics,Random Forest,original__gldm__GrayLevelVariance,"native tree importance in PCA space, distributed by absolute PCA loading",0.00674740563866742,0.0009847670060540816,0.00674740563866742,0.0009847670060540816,5
Radiomics,Random Forest,original__glcm__ClusterTendency,"native tree importance in PCA space, distributed by absolute PCA loading",0.00670546723146475,0.0015232929457595487,0.00670546723146475,0.0015232929457595491,5
Radiomics,Random Forest,original__glrlm__GrayLevelVariance,"native tree importance in PCA space, distributed by absolute PCA loading",0.006698959321644346,0.0008829373127329555,0.006698959321644346,0.000882937312732956,5
Radiomics,Random Forest,original__glcm__SumSquares,"native tree importance in PCA space, distributed by absolute PCA loading",0.006596425909788617,0.0016918115096227853,0.006596425909788617,0.0016918115096227857,5
Radiomics,Random Forest,original__glcm__MaximumProbability,"native tree importance in PCA space, distributed by absolute PCA loading",0.006583533242709714,0.00109188036234538,0.006583533242709714,0.0010918803623453802,5
Radiomics,Random Forest,original__glcm__DifferenceVariance,"native tree importance in PCA space, distributed by absolute PCA loading",0.006552329875255223,0.001894589871760763,0.006552329875255223,0.0018945898717607637,5
Radiomics,Random Forest,original__glszm__SmallAreaLowGrayLevelEmphasis,"native tree importance in PCA space, distributed by absolute PCA loading",0.0064035430180405415,0.0005243592699110722,0.0064035430180405415,0.0005243592699110726,5
Radiomics,Random Forest,original__glszm__SmallAreaHighGrayLevelEmphasis,"native tree importance in PCA space, distributed by absolute PCA loading",0.00634698838333526,0.0008262151211208154,0.006346988383335259,0.0008262151211208147,5
Radiomics,Random Forest,original__glcm__Contrast,"native tree importance in PCA space, distributed by absolute PCA loading",0.006089821231727911,0.0016323946836941348,0.006089821231727911,0.0016323946836941348,5
Radiomics,Random Forest,original__glrlm__ShortRunEmphasis,"native tree importance in PCA space, distributed by absolute PCA loading",0.005983043645289986,0.0007257806014606086,0.005983043645289986,0.0007257806014606087,5
Radiomics,Random Forest,original__glcm__Autocorrelation,"native tree importance in PCA space, distributed by absolute PCA loading",0.005931383749467372,0.0009459914017422669,0.005931383749467371,0.0009459914017422661,5
Radiomics,Random Forest,original__firstorder__Minimum,"native tree importance in PCA space, distributed by absolute PCA loading",0.00584658317074808,0.0006814650828888117,0.00584658317074808,0.0006814650828888109,5
Radiomics,Random Forest,original__glcm__InverseVariance,"native tree importance in PCA space, distributed by absolute PCA loading",0.005833449481757803,0.0010795839663066598,0.005833449481757803,0.0010795839663066604,5
Radiomics,Random Forest,original__glrlm__ShortRunHighGrayLevelEmphasis,"native tree importance in PCA space, distributed by absolute PCA loading",0.0057588962355455825,0.0008648979611700358,0.0057588962355455825,0.0008648979611700348,5
Radiomics,Random Forest,original__glcm__SumAverage,"native tree importance in PCA space, distributed by absolute PCA loading",0.005682297431758761,0.0006074545366569595,0.005682297431758761,0.0006074545366569589,5
Radiomics,Random Forest,original__glcm__Id,"native tree importance in PCA space, distributed by absolute PCA loading",0.00554806345797624,0.0009981019545780203,0.00554806345797624,0.000998101954578021,5
Radiomics,Random Forest,original__glrlm__GrayLevelNonUniformityNormalized,"native tree importance in PCA space, distributed by absolute PCA loading",0.005461748871786622,0.0007996264939655277,0.005461748871786622,0.0007996264939655279,5
Radiomics,Random Forest,original__gldm__SmallDependenceHighGrayLevelEmphasis,"native tree importance in PCA space, distributed by absolute PCA loading",0.00541129535879972,0.0005099818929977691,0.00541129535879972,0.0005099818929977697,5
Radiomics,Random Forest,original__glcm__DifferenceAverage,"native tree importance in PCA space, distributed by absolute PCA loading",0.005249124811755969,0.000882943162729911,0.005249124811755969,0.0008829431627299113,5
Radiomics,Random Forest,original__firstorder__Entropy,"native tree importance in PCA space, distributed by absolute PCA loading",0.005006884961519591,0.0006957569320867872,0.005006884961519591,0.0006957569320867878,5
Radiomics,Random Forest,original__glcm__DifferenceEntropy,"native tree importance in PCA space, distributed by absolute PCA loading",0.004868722989854718,7.57857581395621e-05,0.004868722989854718,7.578575813956205e-05,5
Radiomics,Random Forest,original__glcm__JointEntropy,"native tree importance in PCA space, distributed by absolute PCA loading",0.004665450788005701,0.0008278332813913582,0.004665450788005701,0.0008278332813913586,5
Radiomics,Random Forest,original__glcm__SumEntropy,"native tree importance in PCA space, distributed by absolute PCA loading",0.004641431925074337,0.0007721699123261178,0.004641431925074337,0.0007721699123261183,5
Radiomics,XGBoost,original__shape__Maximum3DDiameter,"native tree importance in PCA space, distributed by absolute PCA loading",0.01621234325607782,0.0023752102284269505,0.0162123428816301,0.0023752102876519804,5
Radiomics,XGBoost,original__shape__MajorAxisLength,"native tree importance in PCA space, distributed by absolute PCA loading",0.015934100579687974,0.0010666850890280455,0.015934100160159417,0.0010666844053080766,5
Radiomics,XGBoost,original__firstorder__Kurtosis,"native tree importance in PCA space, distributed by absolute PCA loading",0.015834139358024836,0.00416272575461882,0.01583413899186229,0.0041627256939024545,5
Radiomics,XGBoost,original__glcm__ClusterShade,"native tree importance in PCA space, distributed by absolute PCA loading",0.015691975193956417,0.0024821223154317252,0.01569197486108546,0.002482122531878477,5
Radiomics,XGBoost,original__glszm__LargeAreaLowGrayLevelEmphasis,"native tree importance in PCA space, distributed by absolute PCA loading",0.01554277289343926,0.0017435683813330598,0.015542772551764483,0.00174356873656107,5
Radiomics,XGBoost,original__shape__Maximum2DDiameterSlice,"native tree importance in PCA space, distributed by absolute PCA loading",0.014840705783439167,0.002550275052702077,0.014840705426252338,0.0025502749882086403,5
Radiomics,XGBoost,original__shape__Maximum2DDiameterColumn,"native tree importance in PCA space, distributed by absolute PCA loading",0.01476621927922649,0.0022683210269059525,0.014766218954106286,0.0022683212719705396,5
Radiomics,XGBoost,original__shape__MinorAxisLength,"native tree importance in PCA space, distributed by absolute PCA loading",0.0147199069034139,0.001024898616010319,0.01471990652535737,0.0010248982088604528,5
Radiomics,XGBoost,original__glszm__GrayLevelNonUniformity,"native tree importance in PCA space, distributed by absolute PCA loading",0.014609224244071095,0.0009884065388101183,0.014609223908744093,0.0009884068637656652,5
Radiomics,XGBoost,original__gldm__DependenceVariance,"native tree importance in PCA space, distributed by absolute PCA loading",0.013688573798874417,0.0015267179989710323,0.01368857346184434,0.0015267178827145377,5
Radiomics,XGBoost,original__glcm__Correlation,"native tree importance in PCA space, distributed by absolute PCA loading",0.013428177532608807,0.0018757763929675168,0.013428177178492226,0.0018757760172258694,5
Radiomics,XGBoost,original__firstorder__Maximum,"native tree importance in PCA space, distributed by absolute PCA loading",0.013165527023571582,0.002265036362374021,0.013165526707446366,0.0022650363545727763,5
Radiomics,XGBoost,original__shape__SurfaceVolumeRatio,"native tree importance in PCA space, distributed by absolute PCA loading",0.01312068712747359,0.0015787761837404886,0.013120686831728793,0.0015787763300562081,5
Radiomics,XGBoost,original__firstorder__Skewness,"native tree importance in PCA space, distributed by absolute PCA loading",0.013039993085850507,0.002539834583841115,0.013039992757442664,0.002539834488487294,5
Radiomics,XGBoost,original__ngtdm__Busyness,"native tree importance in PCA space, distributed by absolute PCA loading",0.01298165865738785,0.0013163865600859684,0.012981658330980847,0.0013163863735910295,5
Radiomics,XGBoost,original__glcm__MCC,"native tree importance in PCA space, distributed by absolute PCA loading",0.012852680802609961,0.0018878203264890547,0.012852680482738268,0.0018878202260685314,5
Radiomics,XGBoost,original__shape__Sphericity,"native tree importance in PCA space, distributed by absolute PCA loading",0.012457824955246083,0.0014336739819942419,0.012457824671483288,0.0014336741459470346,5
Radiomics,XGBoost,original__shape__Elongation,"native tree importance in PCA space, distributed by absolute PCA loading",0.012258572121559647,0.001545885064357,0.012258571815866797,0.0015458849775516353,5
Radiomics,XGBoost,original__glcm__Imc1,"native tree importance in PCA space, distributed by absolute PCA loading",0.01224830799881441,0.003357233740985939,0.012248307741267134,0.003357233907181031,5
Radiomics,XGBoost,original__shape__Maximum2DDiameterRow,"native tree importance in PCA space, distributed by absolute PCA loading",0.01224386192643187,0.0012549301613084245,0.012243861633433856,0.0012549301681905303,5
Radiomics,XGBoost,original__shape__Flatness,"native tree importance in PCA space, distributed by absolute PCA loading",0.012072217495493313,0.0017144646205696312,0.012072217153019645,0.0017144641531703518,5
Radiomics,XGBoost,original__ngtdm__Contrast,"native tree importance in PCA space, distributed by absolute PCA loading",0.011876151363603015,0.0011404040920219816,0.011876151064968105,0.0011404039253775174,5
Radiomics,XGBoost,original__firstorder__RobustMeanAbsoluteDeviation,"native tree importance in PCA space, distributed by absolute PCA loading",0.01149184758322626,0.003558491800513862,0.011491847330447528,0.0035584918784501767,5
Radiomics,XGBoost,original__glrlm__RunVariance,"native tree importance in PCA space, distributed by absolute PCA loading",0.01148070403211111,0.003575238816580372,0.011480703801783853,0.0035752389740712947,5
Radiomics,XGBoost,original__firstorder__10Percentile,"native tree importance in PCA space, distributed by absolute PCA loading",0.011326697732070607,0.0010690580284794362,0.011326697442704904,0.0010690578090786036,5
Radiomics,XGBoost,original__firstorder__InterquartileRange,"native tree importance in PCA space, distributed by absolute PCA loading",0.01131635936135098,0.0017133786983699723,0.011316359112637958,0.0017133788801726203,5
Radiomics,XGBoost,original__glszm__SizeZoneNonUniformity,"native tree importance in PCA space, distributed by absolute PCA loading",0.01124756668541987,0.001214229463603159,0.01124756639468941,0.0012142292417975432,5
Radiomics,XGBoost,original__glszm__ZoneEntropy,"native tree importance in PCA space, distributed by absolute PCA loading",0.01112815798898253,0.0013875018116775945,0.011128157725884403,0.0013875018606606577,5
Radiomics,XGBoost,original__shape__MeshVolume,"native tree importance in PCA space, distributed by absolute PCA loading",0.010950678154804752,0.0013107093580155347,0.010950677912777531,0.0013107095766681004,5
Radiomics,XGBoost,original__shape__LeastAxisLength,"native tree importance in PCA space, distributed by absolute PCA loading",0.010891802158307273,0.0011673721007822233,0.010891801921087591,0.0011673723878277604,5
Radiomics,XGBoost,original__glcm__Idmn,"native tree importance in PCA space, distributed by absolute PCA loading",0.010778732463460795,0.0010905154110696581,0.010778732191096447,0.0010905152387826005,5
Radiomics,XGBoost,original__gldm__SmallDependenceLowGrayLevelEmphasis,"native tree importance in PCA space, distributed by absolute PCA loading",0.010488247541498411,0.0006980763211982443,0.010488247285367836,0.0006980762789884763,5
Radiomics,XGBoost,original__glcm__Imc2,"native tree importance in PCA space, distributed by absolute PCA loading",0.01043778107809599,0.0012660097240298296,0.010437780848732484,0.0012660098936133277,5
Radiomics,XGBoost,original__glcm__Idn,"native tree importance in PCA space, distributed by absolute PCA loading",0.01038617381165531,0.001150417425134478,0.010386173553034568,0.001150417336009055,5
Radiomics,XGBoost,original__gldm__DependenceNonUniformityNormalized,"native tree importance in PCA space, distributed by absolute PCA loading",0.010315321091995334,0.0005117612515042665,0.010315320851504687,0.000511761452279858,5
Radiomics,XGBoost,original__firstorder__Mean,"native tree importance in PCA space, distributed by absolute PCA loading",0.010232226743219249,0.0014994363729804315,0.010232226437785444,0.001499435797844102,5
Radiomics,XGBoost,original__glrlm__RunPercentage,"native tree importance in PCA space, distributed by absolute PCA loading",0.010229903194409034,0.0005881355704357224,0.010229902962736532,0.0005881358813814318,5
Radiomics,XGBoost,original__ngtdm__Complexity,"native tree importance in PCA space, distributed by absolute PCA loading",0.0098229678730375,0.001322172512668608,0.009822967609077067,0.0013221722301455339,5
Radiomics,XGBoost,original__gldm__DependenceNonUniformity,"native tree importance in PCA space, distributed by absolute PCA loading",0.009817519336213396,0.0012010759145867713,0.00981751908095503,0.0012010756613388374,5
Radiomics,XGBoost,original__gldm__LargeDependenceEmphasis,"native tree importance in PCA space, distributed by absolute PCA loading",0.009639681990806961,0.0004158069748466984,0.009639681764527624,0.0004158071833115382,5
Radiomics,XGBoost,original__firstorder__RootMeanSquared,"native tree importance in PCA space, distributed by absolute PCA loading",0.009621657992294318,0.0009090617823622457,0.009621657731668553,0.0009090613711339137,5
Radiomics,XGBoost,original__glrlm__RunLengthNonUniformity,"native tree importance in PCA space, distributed by absolute PCA loading",0.00958362665970868,0.0013661704545582605,0.009583626411011091,0.0013661702926082548,5
Radiomics,XGBoost,original__glszm__SizeZoneNonUniformityNormalized,"native tree importance in PCA space, distributed by absolute PCA loading",0.009523739269243636,0.0011185191157633877,0.009523739046169526,0.0011185191786484774,5
Radiomics,XGBoost,original__glszm__SmallAreaEmphasis,"native tree importance in PCA space, distributed by absolute PCA loading",0.009523146248784548,0.00046460595612879066,0.009523146021377587,0.000464606034108507,5
Radiomics,XGBoost,original__ngtdm__Strength,"native tree importance in PCA space, distributed by absolute PCA loading",0.009454733667084683,0.0012457304435991904,0.009454733449991311,0.0012457305713525903,5
Radiomics,XGBoost,original__glrlm__LongRunEmphasis,"native tree importance in PCA space, distributed by absolute PCA loading",0.009409404589756577,0.0006283419512035921,0.009409404386580635,0.0006283423813816468,5
Radiomics,XGBoost,original__firstorder__TotalEnergy,"native tree importance in PCA space, distributed by absolute PCA loading",0.009377672010155153,0.0008539868431151794,0.009377671772679957,0.0008539866725527959,5
Radiomics,XGBoost,original__shape__VoxelVolume,"native tree importance in PCA space, distributed by absolute PCA loading",0.009346187846587412,0.0011567530753524243,0.009346187627438282,0.0011567531126905125,5
Radiomics,XGBoost,original__glrlm__LongRunHighGrayLevelEmphasis,"native tree importance in PCA space, distributed by absolute PCA loading",0.009136376507957143,0.0005076737892493911,0.009136376301523082,0.000507674081603045,5
Radiomics,XGBoost,original__gldm__DependenceEntropy,"native tree importance in PCA space, distributed by absolute PCA loading",0.009112387805758054,0.0008102439653115292,0.009112387588492171,0.0008102439908911998,5
Radiomics,XGBoost,original__ngtdm__Coarseness,"native tree importance in PCA space, distributed by absolute PCA loading",0.009079585936852045,0.001307930911974841,0.009079585694513156,0.0013079306749571925,5
Radiomics,XGBoost,original__glrlm__LongRunLowGrayLevelEmphasis,"native tree importance in PCA space, distributed by absolute PCA loading",0.008846457016217854,0.000820110813092536,0.008846456793872463,0.0008201106990415795,5
Radiomics,XGBoost,original__glrlm__ShortRunLowGrayLevelEmphasis,"native tree importance in PCA space, distributed by absolute PCA loading",0.008823963231025887,0.0014596555432313805,0.008823963002995882,0.0014596554166229415,5
Radiomics,XGBoost,original__glszm__ZonePercentage,"native tree importance in PCA space, distributed by absolute PCA loading",0.008766776293999384,0.001136173755600969,0.00876677607782079,0.001136173724085143,5
Radiomics,XGBoost,original__firstorder__Median,"native tree importance in PCA space, distributed by absolute PCA loading",0.008743174550951692,0.001125437784771636,0.008743174315847466,0.0011254375283302096,5
Radiomics,XGBoost,original__gldm__LargeDependenceHighGrayLevelEmphasis,"native tree importance in PCA space, distributed by absolute PCA loading",0.008736901532743053,0.0009104258017945644,0.008736901326776687,0.0009104258701154871,5
Radiomics,XGBoost,original__glrlm__RunEntropy,"native tree importance in PCA space, distributed by absolute PCA loading",0.008520747749308614,0.0012635044634749157,0.00852074758105956,0.0012635047278979432,5
Radiomics,XGBoost,original__gldm__SmallDependenceEmphasis,"native tree importance in PCA space, distributed by absolute PCA loading",0.008486149562641081,0.0008903003187651159,0.00848614935967774,0.0008903003515435602,5
Radiomics,XGBoost,original__gldm__LargeDependenceLowGrayLevelEmphasis,"native tree importance in PCA space, distributed by absolute PCA loading",0.008437165769480847,0.0012958991961703622,0.00843716551610738,0.0012958987129299887,5
Radiomics,XGBoost,original__firstorder__Range,"native tree importance in PCA space, distributed by absolute PCA loading",0.008420693583726001,0.0011491367137766559,0.008420693392646275,0.0011491367801218493,5
Radiomics,XGBoost,original__shape__SurfaceArea,"native tree importance in PCA space, distributed by absolute PCA loading",0.00840278321275179,0.0007320476137193096,0.008402783004773633,0.000732047524312975,5
Radiomics,XGBoost,original__glrlm__LowGrayLevelRunEmphasis,"native tree importance in PCA space, distributed by absolute PCA loading",0.008392731974436008,0.0014866201180736306,0.008392731757121259,0.0014866200004184482,5
Radiomics,XGBoost,original__firstorder__Variance,"native tree importance in PCA space, distributed by absolute PCA loading",0.008363501782744628,0.0013819930695044775,0.008363501567843467,0.0013819929329129301,5
Radiomics,XGBoost,original__glszm__LargeAreaEmphasis,"native tree importance in PCA space, distributed by absolute PCA loading",0.008313453143448401,0.000863870815133229,0.008313452952628099,0.0008638709033099834,5
Radiomics,XGBoost,original__glszm__ZoneVariance,"native tree importance in PCA space, distributed by absolute PCA loading",0.008308516387707281,0.0008661692206606059,0.008308516197217633,0.0008661693103733404,5
Radiomics,XGBoost,original__glcm__ClusterProminence,"native tree importance in PCA space, distributed by absolute PCA loading",0.008214317452491337,0.001734566739189434,0.008214317270806723,0.001734566836074959,5
Radiomics,XGBoost,original__glrlm__GrayLevelNonUniformity,"native tree importance in PCA space, distributed by absolute PCA loading",0.008196307917909262,0.0006788170901029741,0.008196307728803897,0.0006788172255478837,5
Radiomics,XGBoost,original__firstorder__MeanAbsoluteDeviation,"native tree importance in PCA space, distributed by absolute PCA loading",0.008115946150579426,0.0037656109975552758,0.008115945985846178,0.0037656110866765113,5
Radiomics,XGBoost,original__firstorder__Energy,"native tree importance in PCA space, distributed by absolute PCA loading",0.008099367188096649,0.000929036362372015,0.008099366974123244,0.0009290361378294348,5
Radiomics,XGBoost,original__glszm__LargeAreaHighGrayLevelEmphasis,"native tree importance in PCA space, distributed by absolute PCA loading",0.008032511473190083,0.0008776314675423334,0.008032511282453617,0.0008776314708007312,5
Radiomics,XGBoost,original__glcm__JointEnergy,"native tree importance in PCA space, distributed by absolute PCA loading",0.008031064498477437,0.0009856292658449505,0.00803106432699792,0.0009856294442260212,5
Radiomics,XGBoost,original__glcm__Idm,"native tree importance in PCA space, distributed by absolute PCA loading",0.007854429297071693,0.001126312352003964,0.007854429132159594,0.001126312505451818,5
Radiomics,XGBoost,original__glszm__GrayLevelVariance,"native tree importance in PCA space, distributed by absolute PCA loading",0.007747234455424851,0.0013634563190154181,0.007747234270142256,0.001363456333789474,5
Radiomics,XGBoost,original__gldm__LowGrayLevelEmphasis,"native tree importance in PCA space, distributed by absolute PCA loading",0.007550467020430737,0.0010730862300602632,0.007550466841501247,0.001073086228624874,5
Radiomics,XGBoost,original__gldm__HighGrayLevelEmphasis,"native tree importance in PCA space, distributed by absolute PCA loading",0.007432382428116296,0.0005716660755952083,0.007432382241573242,0.0005716659589119693,5
Radiomics,XGBoost,original__glrlm__HighGrayLevelRunEmphasis,"native tree importance in PCA space, distributed by absolute PCA loading",0.007384596367287234,0.0005742336297625119,0.007384596181760019,0.0005742335126808312,5
Radiomics,XGBoost,original__glcm__JointAverage,"native tree importance in PCA space, distributed by absolute PCA loading",0.0073582764567657775,0.000557282963101385,0.007358276271324045,0.0005572828339670001,5
Radiomics,XGBoost,original__glszm__GrayLevelNonUniformityNormalized,"native tree importance in PCA space, distributed by absolute PCA loading",0.007318908482456673,0.0012338604292690641,0.007318908330409069,0.0012338606075386871,5
Radiomics,XGBoost,original__gldm__GrayLevelNonUniformity,"native tree importance in PCA space, distributed by absolute PCA loading",0.0073024748707571545,0.0003793507290670449,0.0073024746930589,0.0003793507099134077,5
Radiomics,XGBoost,original__glszm__HighGrayLevelZoneEmphasis,"native tree importance in PCA space, distributed by absolute PCA loading",0.007299461491481657,0.0006060057367043773,0.007299461307766072,0.0006060056215406196,5
Radiomics,XGBoost,original__firstorder__90Percentile,"native tree importance in PCA space, distributed by absolute PCA loading",0.007084697675473631,0.0010230251640337478,0.007084697489948534,0.0010230250402927933,5
Radiomics,XGBoost,original__firstorder__Uniformity,"native tree importance in PCA space, distributed by absolute PCA loading",0.00700120407706091,0.0011430865413012512,0.007001203910204921,0.0011430865298116902,5
Radiomics,XGBoost,original__glcm__DifferenceVariance,"native tree importance in PCA space, distributed by absolute PCA loading",0.006975082749531632,0.0018299763329636236,0.006975082557218616,0.0018299762146760366,5
Radiomics,XGBoost,original__glrlm__RunLengthNonUniformityNormalized,"native tree importance in PCA space, distributed by absolute PCA loading",0.006961147622344699,0.0005563679114979906,0.006961147453011315,0.0005563678917373926,5
Radiomics,XGBoost,original__glszm__LowGrayLevelZoneEmphasis,"native tree importance in PCA space, distributed by absolute PCA loading",0.006924274199109949,0.0007524751130814353,0.006924274039033107,0.0007524751624575186,5
Radiomics,XGBoost,original__gldm__GrayLevelVariance,"native tree importance in PCA space, distributed by absolute PCA loading",0.00689818316424168,0.0008216059988294795,0.00689818298519255,0.000821605865303521,5
Radiomics,XGBoost,original__glrlm__GrayLevelVariance,"native tree importance in PCA space, distributed by absolute PCA loading",0.006877871556282854,0.000642379201809762,0.006877871379322877,0.0006423790553866627,5
Radiomics,XGBoost,original__glcm__ClusterTendency,"native tree importance in PCA space, distributed by absolute PCA loading",0.006841961160564044,0.0015278450019363685,0.006841960973884449,0.00152784487294487,5
Radiomics,XGBoost,original__glcm__SumSquares,"native tree importance in PCA space, distributed by absolute PCA loading",0.006739263751049683,0.0017015471289366826,0.006739263564266675,0.0017015470003272901,5
Radiomics,XGBoost,original__glszm__SmallAreaHighGrayLevelEmphasis,"native tree importance in PCA space, distributed by absolute PCA loading",0.006638254788633257,0.0007481951923319007,0.006638254632751961,0.0007481952483927518,5
Radiomics,XGBoost,original__glcm__MaximumProbability,"native tree importance in PCA space, distributed by absolute PCA loading",0.00659488893313145,0.0007732635522518192,0.00659488876223163,0.0007732634244523582,5
Radiomics,XGBoost,original__glcm__Contrast,"native tree importance in PCA space, distributed by absolute PCA loading",0.006520168180229093,0.0016814433774471995,0.006520167997714428,0.0016814432482624422,5
Radiomics,XGBoost,original__glszm__SmallAreaLowGrayLevelEmphasis,"native tree importance in PCA space, distributed by absolute PCA loading",0.00631771423244486,0.000422909599038561,0.006317714072010173,0.0004229094534471369,5
Radiomics,XGBoost,original__glcm__Autocorrelation,"native tree importance in PCA space, distributed by absolute PCA loading",0.006156222883570701,0.0009822134455091118,0.0061562227454321095,0.0009822135289119219,5
Radiomics,XGBoost,original__glrlm__ShortRunEmphasis,"native tree importance in PCA space, distributed by absolute PCA loading",0.006134282960109483,0.0007075816496446518,0.006134282806815023,0.0007075815903334365,5
Radiomics,XGBoost,original__firstorder__Minimum,"native tree importance in PCA space, distributed by absolute PCA loading",0.006027739635126579,0.0007805031758002842,0.006027739489846641,0.0007805031743581787,5
Radiomics,XGBoost,original__glrlm__ShortRunHighGrayLevelEmphasis,"native tree importance in PCA space, distributed by absolute PCA loading",0.005982590594854911,0.0009573073132817625,0.005982590458361976,0.0009573073785586176,5
Radiomics,XGBoost,original__glcm__InverseVariance,"native tree importance in PCA space, distributed by absolute PCA loading",0.005878750497985847,0.0006896081281846174,0.005878750341556324,0.0006896079659653252,5
Radiomics,XGBoost,original__glcm__SumAverage,"native tree importance in PCA space, distributed by absolute PCA loading",0.0058509601852742244,0.0007206339744927043,0.005850960048431957,0.0007206340111896199,5
Radiomics,XGBoost,original__glcm__Id,"native tree importance in PCA space, distributed by absolute PCA loading",0.005624094349771921,0.0006919454539618317,0.005624094199480189,0.0006919453001466845,5
Radiomics,XGBoost,original__glrlm__GrayLevelNonUniformityNormalized,"native tree importance in PCA space, distributed by absolute PCA loading",0.005528183508797639,0.0005128296868838,0.005528183385194171,0.0005128298227591248,5
Radiomics,XGBoost,original__gldm__SmallDependenceHighGrayLevelEmphasis,"native tree importance in PCA space, distributed by absolute PCA loading",0.0054997433291650326,0.0006405879309963157,0.005499743198094992,0.0006405879602329508,5
Radiomics,XGBoost,original__glcm__DifferenceAverage,"native tree importance in PCA space, distributed by absolute PCA loading",0.0054018979618568495,0.0007170977730130806,0.005401897824071498,0.0007170977075186749,5
Radiomics,XGBoost,original__firstorder__Entropy,"native tree importance in PCA space, distributed by absolute PCA loading",0.0051864662528468015,0.0008550369683040801,0.005186466121997418,0.0008550369272939944,5
Radiomics,XGBoost,original__glcm__DifferenceEntropy,"native tree importance in PCA space, distributed by absolute PCA loading",0.0047694958903782645,0.0003146846129790789,0.004769495777281101,0.0003146846471420114,5
Radiomics,XGBoost,original__glcm__JointEntropy,"native tree importance in PCA space, distributed by absolute PCA loading",0.004709762270541003,0.0005898449534441853,0.0047097621471754066,0.0005898448561013208,5
Radiomics,XGBoost,original__glcm__SumEntropy,"native tree importance in PCA space, distributed by absolute PCA loading",0.004637851726581541,0.0004474313683514686,0.00463785160440513,0.00044743122969080585,5
