Patient,Age,Sex,GCS,INR,Platelets,original_firstorder_feature0,original_glcm_feature1,original_glrlm_feature2,original_glszm_feature3,original_gldm_feature4,original_ngtdm_feature5,original_shape_feature6,original_firstorder_feature7,original_glcm_feature8,original_glrlm_feature9,original_glszm_feature10,original_gldm_feature11,original_ngtdm_feature12,original_shape_feature13,original_firstorder_feature14,original_glcm_feature15,original_glrlm_feature16,original_glszm_feature17,original_gldm_feature18,original_ngtdm_feature19,original_shape_feature20,original_firstorder_feature21,original_glcm_feature22,original_glrlm_feature23,original_glszm_feature24,original_gldm_feature25,original_ngtdm_feature26,original_shape_feature27,original_firstorder_feature28,original_glcm_feature29,original_glrlm_feature30,original_glszm_feature31,original_gldm_feature32,original_ngtdm_feature33,original_shape_feature34,original_firstorder_feature35,original_glcm_feature36,original_glrlm_feature37,original_glszm_feature38,original_gldm_feature39,original_ngtdm_feature40,original_shape_feature41,original_firstorder_feature42,original_glcm_feature43,original_glrlm_feature44,original_glszm_feature45,original_gldm_feature46,original_ngtdm_feature47,original_shape_feature48,original_firstorder_feature49,original_glcm_feature50,original_glrlm_feature51,original_glszm_feature52,original_gldm_feature53,original_ngtdm_feature54,original_shape_feature55,original_firstorder_feature56,original_glcm_feature57,original_glrlm_feature58,original_glszm_feature59,Surgery,Outcome,Length of hospitalization(days) in ICU,rebleeding
P000,82,F,4,1.32,"157,585",1.2573856068419316,0.3533437557067346,0.08645537191701347,0.14940200163959505,-0.7100642731329074,1.7386021114249555,-0.9218844892991094,-1.146209047872416,-0.0347471219115299,0.601959232063568,-0.9065393256103157,0.5294855660350913,-2.126498084584922,-0.9287442856855666,-0.17866300936309754,-0.5678464805360192,-0.48107908293719875,1.0232404147483936,-0.6242140872163027,-1.870896396033325,0.13762385663455323,0.9477394167368893,-0.1966351163693193,0.1630253945880196,1.6640926832121377,0.9404708478622344,2.178395380203564,-0.668924441817506,-2.525789747300611,0.05103865717653414,-0.27163733647068494,2.6754459196867564,0.6778847166902308,0.8744355789514268,0.9805928810746875,1.55928819547938,-0.9652790722614041,0.29107321442975337,0.46436038556072073,-0.6413184011662508,0.7944362108978404,2.661205947199466,1.1714576009859077,-0.5939462089380085,-0.07811126352847579,-0.21895245674000557,0.9285856337887466,-0.9152378596661588,-0.3562067271757426,0.3798315771345463,-1.5075414346160194,-0.07584698570430753,2.730634119621488,0.12374741645519106,-0.6324730126761782,0.4770488510654715,-1.8082478952995302,-0.41625628221468103,-0.19942113089922442,0.6230124691373001,1,0,1,1
P001,32,F,4,1.09,"242,844",0.18616365061811851,1.400734095024795,0.9650660656292456,0.6469527857023623,0.6313441778079705,1.2688152738912304,0.5157042481640784,-0.18392954998757557,-0.6523781063835983,0.07226746149832086,0.8645262754121827,1.519278441010666,1.690018141983042,-1.1239808415658519,1.021424079171613,2.5996614902670028,-0.412874463465237,1.314104497110424,1.2346022720031895,0.6822976621161289,-0.5458660678910507,-0.762132507326712,0.42303885599202906,-0.31479503742190135,0.5117912316974469,0.2679959959052096,1.3468659294471637,-0.8335399688246282,-1.449202468392037,-0.4550816031075432,-0.11588777892905626,0.04964533831611432,1.6182364884988185,-0.27215212318189563,0.7737780373907097,0.19608628496066782,2.1638510328635854,0.0210380823776658,1.270401012737655,-0.22318167231610825,-0.1320002418266943,-0.35181544406498944,-1.6201353530972067,0.9913133691979251,-0.019984539204202907,0.38516132259998165,-0.7745125996354381,-2.264389272269148,0.9869541036801033,-1.9596974538261593,1.1454671904681686,-1.3508350113578285,0.25438475990055237,-0.4742000793918845,-0.6763488175491719,-0.311228176888852,1.1557558613502736,-0.02765300273185963,-1.1239609090484584,0.2494590446886121,1,1,6,1
P002,72,M,6,1.04,"174,025",0.7183525008892231,-0.02154745014292636,-1.0384325194768547,0.19555293093343779,0.1494436821771553,0.5730659923355066,-0.10321893428652158,-1.0371676077490912,-1.0540027955565343,0.15331229812215103,-0.03259407162425542,-1.28241780993394,-1.9398769097788113,-0.06401811044731388,1.1952037223192256,-1.074993979255739,0.1627738223612863,-0.1596042892909457,-1.84038369746289,-0.45104303874267804,0.18658385706965344,0.2725581061760943,0.5006888592557186,-0.47981193346945017,-0.29592961942249973,-0.9573570221186006,0.43807677386913224,-1.0017222592974344,-1.7455461606143554,-1.5590836380416695,-0.8899123073931662,1.3835610452552984,-0.374036746682324,-2.028613317683618,-0.42068516552334023,0.720573906698157,-1.5390059758401229,-0.21232244933899982,0.2526693587601337,0.6902641642381793,1.0396783363797986,-1.2897778309108172,-0.8039795412089118,-2.1954906284696616,1.2188454739168209,1.2235849409555908,0.1691067232211646,0.27613553549872516,-0.19536753506545484,-0.6410343515433818,-0.04581566611336031,-0.1880097916919362,-0.35222298035406674,0.028369152699415742,0.5309765050381487,1.740081325950512,-0.962329952201341,0.002579492471990768,-1.85264301626736,-0.2423257298143914,1,0,29,1
P003,85,F,11,1.43,"359,135",-0.37602715054974273,-2.9671837099839435,0.3612537486433768,-0.8022875453678814,0.14037072287334246,2.3835922292341163,0.03985841761466474,-0.9263938335666286,-0.6643563093536256,0.4877851124623137,0.1720510724519307,0.061255794842068084,0.41050876324720337,0.3236133274668825,-0.06106675539124377,0.4187058206918793,0.7066632523226642,-1.0299675696349995,1.6389628180237394,-1.1556314350235173,0.30767501975974476,-0.6649972646855242,-1.1341153148393792,0.891232983450391,0.7819784280239496,1.4749749536355898,2.4867637608552675,-0.8094268827316043,0.6054537809600474,0.9421281407345922,0.6679753355424748,-0.6494459068408787,1.122518095004468,0.5726034653398553,2.841157793749039,-0.37696802835704085,0.8636508645439894,1.1729234969528322,-1.8937297827055335,-1.9491780706834982,-0.16837381365592605,1.7877017834463647,-0.22574884649058086,1.8917142844817427,0.6440087363883328,-0.8253111302717803,-0.9992432929498809,-0.3029168692678301,0.33078474110755746,1.5427620117516458,-0.5509807185863327,0.48287606257049087,-1.1065721095605379,-2.733097616373824,-0.7010127191657648,-1.244373386166489,-0.732395043558428,0.11120366092786316,-1.2200568505264007,-1.46238550711306,0,1,23,0
P004,21,F,9,0.84,"141,207",0.3675692060094272,-0.4600587900644338,1.5928930501938052,-0.568389196752521,0.6311160190553631,0.20497859792723128,-0.8911903670902938,-0.165126756790438,1.0715383406436483,0.9373584773295993,1.5117183839006723,1.97665134753273,1.1625796886231055,0.5031718922590753,0.07680100343757663,-0.338205274478062,0.38707490517254467,-1.5112916021430087,-2.02498981352117,0.7728339482670773,0.8016005617257888,0.5171265219040282,-1.9242065767925598,-0.7014648964137347,0.3324921028501261,0.6774944925694001,1.2773223589643958,0.40909596604202364,-0.9219314475262151,-0.5076193100640639,0.7457116224752653,-1.1882952548356058,-0.4451686263851543,1.2954278036825653,2.5112777845677976,-0.41373377181993104,0.5695394845445648,-0.34960247700344876,-0.6395740957523889,-0.2705605961464571,0.7487816382130157,1.5659489314854476,0.28545297126862895,0.16417140964217247,-0.7457023216013313,1.4055018451122432,0.11121869244912595,0.6999575474864393,-1.388716060407611,-0.11524947263063544,-2.0653435707970718,-0.4746196042126568,0.788291121573126,-1.0763773382080366,-0.7035167026864906,-1.101963977611966,-2.0603887156857867,1.5696513100576008,-0.7857572348363998,0.6763116579560111,0,0,10,1
P005,44,M,6,0.98,"310,470",-0.2912829113936885,0.18371232308894828,0.45367126425696813,0.4253944258208237,-1.2200063626559563,0.8214789160702182,0.803757579941689,-1.3833904513204967,0.3741618064648528,0.2187698616516345,-0.4753340140573231,0.611159889048419,1.2913217309307357,0.7819693533756539,-0.4298437372777596,-0.8134123396910091,0.3417487352318012,-2.233578153381158,-0.041008873283271526,-1.111234952164971,0.12502151018795993,-0.3835471540343556,-1.6037767770825746,-0.9135261234129742,-0.6526219432222937,-0.625504462787287,-1.3447234231269136,0.03645624303203102,0.2733193276122486,0.40073259475623646,0.002803369407435741,-1.5294663354463633,-1.2627784984786055,-0.46125897304122543,-1.052226301226976,0.498522457406295,-0.2329803880755124,-0.1380482794049329,0.21136825223866879,-0.6417867198833105,-1.0115259840204927,-0.7842351299597102,0.2813581333310336,2.0048798923308797,0.8062657950716609,-0.266630814281278,-1.4154995397791543,-0.9280056973851141,0.4531401818464262,1.9798825891184093,-0.013290644795423946,1.4596592822659487,-1.2603949068274007,-0.3352718712520796,0.7734567826057341,0.35174355840377786,0.6028006092437372,0.27413441429012275,0.22607390040673775,-0.25031804277184594,0,0,9,0
P006,63,F,15,1.01,"373,557",0.2940421429749802,-0.4404682048702619,-1.6901599429769263,-1.030480450166701,-1.0741374853592944,-0.7384139812679597,0.6923139089321741,0.6692672663671115,0.5869553605920156,0.339793714559767,1.661728596147394,0.8133851241006896,0.34397051471290857,0.9795851287980926,1.7751592107843002,2.1610795966179577,1.6801429555298988,-1.1759559511003568,-1.0829722045308743,-0.8672816781160412,0.3186921584652938,0.7951578238200093,0.6171601110198583,0.5543969116748405,-0.6682909117682758,1.106566730510936,-1.285224712688397,1.6554974929900124,0.6589093176992136,-1.0651074617030105,-2.153009802738899,0.9960830314379312,0.8469605111846839,0.7867320840655172,1.0299355316503702,-0.11135366006178223,-1.4318752041798992,0.5539615706906847,-0.6842079243385594,-1.133988036020643,-0.017136269045231536,-0.058973969630420287,-1.5433941324826768,-0.9478540406370173,0.2931695691419686,1.0941230112190463,0.19627754451303403,1.0228814840016744,-0.3786071144162989,0.7535820688618862,0.011377948752959718,0.6535741644693078,0.6344224721680322,0.7572305913717826,-0.28400931756898007,-1.8569194176857948,-0.3987535926692186,0.26063367581837,0.7709123185298392,0.16119496261177085,1,0,7,0
P007,25,F,12,1.22,"188,177",-1.2097725130357269,1.0698208513207978,-0.4281950274352488,0.9462427057150404,1.6992440068954229,1.1343574079518282,0.8615239290498078,2.486882851272909,1.3799679163043477,1.392140314142641,-1.4094526593736707,-0.2001526705001544,-1.4256500491067416,-2.4030766967545714,-1.5084321712555864,-1.0041310508106343,1.0953032250052912,-0.8523197017513618,0.8201832387747617,1.5368184215190834,1.3281845214457484,0.6210044209355469,-0.15323826057282977,0.5230041744018744,0.8552752693813764,0.5390278300174871,0.2678649815503149,0.6033328906875698,-0.5464156563962457,1.5142218672979217,-0.2438513601248428,-1.6575951455823952,-0.2944486257818544,-1.3632272214342096,-0.9962746702150209,1.601130785356643,-0.4682797390012056,0.27078537296001903,0.34797713220660176,0.680408737439401,-1.475529078608263,-0.48986640228500844,0.37752099130610356,0.8276465583323251,1.5661253500532955,0.44282877224399236,1.1926589723301089,0.7385810475760275,-1.6917717794702287,0.9486247751663722,0.6277760900469196,0.07911893838346667,0.5224367769049719,-1.328736111636153,0.1385257637716613,-0.791455601146694,1.2503009001697265,1.446720128108003,-1.5616153414422547,1.16011263984958,0,1,13,1
P008,54,M,11,0.97,"183,754",0.9441905231896892,1.3153269959744687,1.5323034025042632,-1.224148363645292,0.5932137115809555,0.16782596972241448,2.2273860809131754,0.45882324909073774,-1.1794309331731632,0.31772024342736876,-0.824763693936503,-0.7979637561376178,-0.10117579304428566,0.9034403330296308,-0.03964614863770247,0.8974350015972649,-2.9128401534924517,-0.05253554887614222,-0.7740336765771412,-1.0460250843496357,-0.90202180959845,2.221269451841326,-1.8348414883143904,0.6365496357941103,0.34330471890103686,0.8288747723978629,-0.06937451825343133,-0.5950585495962507,-1.0274585765591377,0.6915553913344398,0.5932740598510438,-1.995526817691164,0.25990524102256474,-0.7223717915151738,0.04416480094424114,0.7523313337326158,1.289609821372645,1.0808259321988867,0.2837067580792133,-0.7679388487735086,-0.8628700790800413,0.5411390095865136,0.4475123345364248,-0.6511898032531555,0.9036201897234318,-0.5512188263583208,1.2639962268082108,1.6395821782157807,-1.8111095641483628,-1.6653016180402538,0.2508532341706283,0.9494810707774276,0.2527511029362161,-1.3444235086054073,1.1466540277773776,1.404471621493243,0.27646869995412404,1.1598203120802306,0.6657730361486578,0.8505070567573506,0,0,16,1
P009,63,M,15,0.98,"330,295",-0.2299324816033148,-0.14777180989980965,0.2983352450652942,-0.5549830967166842,0.10634633295262737,-0.4512001448560466,-0.05251938229307366,-1.042903138995506,0.5099524214818214,0.5450224817130815,-1.5783914031016368,1.1433716948773616,-0.26831847418494864,-1.0474477765805246,1.3841229941036504,1.1043125974838122,-0.3631618436276589,-1.8805388273679782,-1.1330678478078213,-0.6560050267337564,0.0701438969028336,-0.08017439813132042,-0.5508402481635446,-0.8492180411726882,1.0776824810946586,-0.6017937530960065,0.2114773086449891,-0.5391156439763461,1.2105101129914542,-0.8886527469348778,-0.41728535597151045,-0.6133441464907166,0.4189440674086477,-1.1864298772188848,1.5538139344030575,-1.0348345867499964,0.8581569804343313,-0.49232164810067647,1.6126662502710187,-1.0394129764193187,-0.7380647861701016,-0.3368725502133775,-0.8992520478253128,0.2849248354047724,-0.1036501744271033,-1.3588556438040742,-1.2391526008636429,-0.4548851431271364,-0.9735728238959631,-0.47735954784001533,-0.01811734146905885,1.2328448046253726,-0.252368647720939,-0.32457640050728637,1.2457975734094082,0.44037500821631703,-0.9749978839006951,-0.8336233677328573,0.792854939009778,0.19054348276054792,1,1,16,0
P010,73,M,13,0.78,"277,393",0.3586080676493852,-1.4896453943825119,-0.009858938489975367,0.03630602236974604,-0.044074722613553316,2.116939198315876,1.2034028358078068,-0.27118551415148473,-1.0750741052027453,0.9902300965794345,-0.7467818840498868,0.6537249441620315,0.36835915904694766,1.114068574756973,-0.1076800633335738,-1.0118014554754755,-1.576550190516952,1.4296912013305003,-0.3400249821490265,-0.6832544940131859,0.4783125142391768,-0.975331332021813,-1.937015268396194,0.3007372030123275,0.653780747523891,-0.5566334870463301,-0.8249311616528106,-0.17297181360891345,0.2619413765333713,0.34806515565500057,-0.09672805085973521,-0.3884783149974409,0.5914798181657097,0.0960411123691642,0.7740340465900362,-1.4902178475939212,0.8602201684545382,-0.7786974694305476,-0.7055774902055427,1.0011425989104707,1.9329050591616663,0.7700532474283642,-1.1683697144921645,-0.7397939171418231,1.043733812378075,-1.2241850348113432,0.05108059027968784,1.1292082242529353,0.783615390327434,1.5084347454293465,-0.7623440418992279,1.248943822990438,2.089262416471994,-0.5249519955935139,0.8584806848318568,-0.4039348400273383,-1.0370054043549821,0.3937214755246577,-0.7600639044699513,-0.8964958528711514,1,0,3,0
P011,84,F,4,1.25,"271,205",-0.04031012746620899,1.6841651100058967,0.74120059471549,-0.9521519434446157,0.656542498706117,-0.3047996645408318,-0.12382780642392177,-1.5554379435822379,-0.3343325988668879,1.6332624160584217,0.5828820972117233,-0.05152318523520336,0.9877459840157494,0.3366443279422986,-0.5709374997786347,-1.8972252908543603,-0.689136464137171,1.0635557457740161,-0.411008703763789,0.7848009523262729,1.0354364024450002,-1.1611172573391737,-0.2631785409220735,0.9152972035144028,-0.613995312396169,-0.8224641507463095,1.845504201881409,-0.3500211280914799,-1.2326834954976311,1.3427357941209168,0.5125561931578213,-0.27536744137430996,-0.21275144394597612,-1.1714908267239672,-1.19376937645547,0.15912024051638798,1.4923180249013799,0.6578637215609583,-1.2020227627211886,-1.8789068664408723,-1.0586892925258387,0.9833555601864253,0.5703353931316224,-0.6352736952921346,-0.3730545087800135,0.29728942235142963,-1.3352059585868652,-0.8159720106914474,-2.11880581192214,1.3731161828139702,-0.3082466467921311,-0.9856329807340457,0.08000222030886488,0.23100361391248206,1.9948778740758142,1.7850584339758502,-1.1216140494661713,-0.791872145727989,-0.7698640113726936,-0.8486872919517171,0,1,5,1
P012,47,M,3,1.26,"365,245",0.3203611893741035,1.0830535001068178,0.7210489500058761,0.6520108635265922,-1.1559367394054465,0.008861327608517627,0.3940872958402979,-0.37761638129222136,0.4842398427706556,1.2270409292003972,0.7377290649636312,-0.46533572482333047,0.6620408823082948,0.6305598177870343,0.23288263694520128,-1.780639897263705,0.7710738648430818,1.2451703584515783,-1.9350301322854147,-1.8359116973191236,-0.06358214292485033,-0.5973170817558666,-0.865359608013137,-0.4798314665159535,1.524116162135097,-0.5410584750368476,-0.3511134768655856,0.003694036815516788,0.480415232539788,-0.17662088847228702,-1.81939206628149,-1.240111169448063,-2.309464326331448,1.656275759911186,0.5178680902760391,1.2043778879770297,0.48670098146748214,0.12747777529584015,-1.254703600159896,1.0335427338865242,1.9382469872542638,1.983027453146224,-0.44270410404633015,-1.7169045430240144,-0.959148422996722,-1.0872770173760133,1.0917775011798623,0.10549492482724246,1.1758754000116862,0.19621979328801015,0.5637933944149491,-0.695134915330777,1.8444094973179634,-0.7799786747165076,-0.36339653971236213,0.41187795290641926,-1.3259669807318013,0.04424148882862664,1.8606596148460497,-1.299275677477901,0,0,4,0
P013,49,F,14,1.0,"128,153",-0.7725628041289214,0.0008088657329762272,-0.4084652365979932,0.28146118669049747,-0.6990273318953995,-0.19727995732612844,0.36533742761293553,0.5073139355693843,1.614345267136424,0.37721495282689266,0.3067753034739905,-1.7477252284191138,2.121616557669537,-0.5409257482040764,0.5269880126825652,-0.7995834678077132,-0.20118612407575126,-0.5128902147522479,0.45451614377504707,1.2503956829878147,0.09934888618945807,0.3753143098002948,-0.5579657998110125,-0.268138350656919,-0.9231629134606353,-2.313088360923649,1.1202303480818123,1.9411966403784198,-0.6638188482734502,-1.7013013670460393,0.7947061704225461,-0.8072506446914023,-1.188045937272743,0.5123995114257037,-2.45294065134355,-1.04547645662952,-0.06186381528363371,0.7919184461252031,-0.47579459117225187,1.0661412820827518,0.6603116531547669,-0.4123833713914764,0.8498698970150325,-2.8346457150856743,0.24210348585473546,-0.4945539661075617,0.4071323804737445,-0.23586413816331792,-0.1739307617526841,-0.6636469062716297,-1.680646465425719,0.025338563219483374,0.6243798021671022,0.05086745973054498,-0.9219305960914035,0.2718155092822996,0.5003045952534272,1.5268608127580745,-0.24201459742705186,-0.5548506319632373,0,1,20,1
P014,52,F,8,,"181,921",1.4891544124884621,2.408288411392752,0.00959991992704462,-0.7360736815895426,1.6045082472064331,-0.7556709132364813,0.2645917633584743,0.5893847661857725,-0.7821649424751884,0.20781545397606396,0.26709196166534926,0.15590622911900587,0.6610508551222171,0.28265132136603827,0.5674430736864792,0.2226646687525109,-0.4283892633016004,0.24400126107973663,-2.3926254913445897,-0.24335386403034456,-0.3449469321283783,-0.7138250152972018,-0.0843548773593982,-0.29795405494902893,-0.4532950764405963,1.0837660722253466,1.4593915696617625,-0.1519787251427181,0.46489186333513605,0.45681329643684543,-1.893698474483244,0.057136995831530174,0.5654944684935982,0.0435892631828102,-1.5861342786661063,-0.9293965033734308,0.8729191440502043,0.7217662560270699,0.5003618824343374,-2.04446786984061,0.4618817250501865,0.7745799450845614,1.0125321776067526,-0.055963272327248154,0.5568540907102072,-0.246396305260956,-1.1348410373297997,1.3896849270493639,0.2340267252728337,-0.8977603289754029,-0.5057449386567255,-0.7314014319118478,1.3749986454866818,-1.0391790515492598,1.819288396576843,-0.538286812551668,-1.1016458800114697,0.12738178946544668,0.5957790743115208,1.7780944993983283,0,1,22,1
P015,86,F,3,0.84,"217,414",-1.4035445876372978,-0.04887546009266441,0.44291364966681956,-1.2188882297503953,0.4512752218471632,0.5312724005304282,0.658256178520381,-1.0317427538584325,-0.0947962535938427,-1.2236035778514136,-1.1733269767074714,-0.6917127645637496,-0.3888175083058831,-1.8672125793902983,0.2816433149354566,0.3354421305038132,1.3169715295415156,-0.9473643186086584,1.1763373122369931,-0.3168663548039241,1.2402560275393517,1.5189675387121508,0.1826299670939823,1.519218380586328,-0.7827821607990565,-1.1804481912211702,-0.5852353969375876,0.13199698984110328,0.8261752626933526,1.8474093048439182,0.09553976042427516,-1.9326925489657754,1.946915992828142,0.7158184324459662,0.035277524914237905,2.4026457687284952,0.6973655769067179,0.7070121170351941,-0.1565032198102125,-0.22797345996980317,-0.7291870264646677,1.0426020706033752,0.37617644888836693,2.36304961143567,1.0455239413357826,-0.6411520511801317,-0.913467441504857,0.4367776930586244,0.7538783256796753,-0.27225811184788345,-0.000779356962951202,1.970038100714045,-0.45207247775512943,0.039523629728252026,0.379966812579444,1.3014895269180635,-0.6106162528750159,-0.35158341327072884,-0.35416686072560866,-0.09574092018695389,0,0,2,1
P016,32,M,9,1.01,"375,242",-1.0392388147791862,-1.1371197204183754,-0.5439577217873256,-1.5655893713726405,0.8503008736540341,0.738409603732731,-0.3039363803392461,0.29914565348662464,1.1562368039549173,0.29206254410355154,-1.3268318329262696,-0.13185426838104947,1.6299795521601819,1.0952466167045747,0.7500911196977396,-0.18904657416632772,-1.5037779416127803,1.5498095656014481,-0.33006487490335196,-0.8966814169071501,-0.3211720506002192,0.20031816555405837,0.05955536980801575,0.9008086149068334,-1.4011801724942032,0.5697123942905522,0.576381124950448,-1.1916368261270256,-0.8169387255259308,-1.5972296272949795,0.5749597171663189,0.0979966796963381,-0.03517743508551657,1.27747109256158,-0.8256391838263462,0.030077182358084577,1.3777174976857975,-0.9750795515518792,-0.6892815337027837,0.2868211482781443,0.8140601879416793,0.24219279158200022,-1.4341400627923468,-0.29282813207845093,-0.02909073610039326,-0.4470117958942953,0.5592575446035339,1.9604254951637625,-0.7910426609549602,-0.10687156391014246,-0.037686386371014374,-1.8766756644662612,0.5231693450841454,0.8856692816277725,-0.2639474783975125,-1.6701035433476055,0.003072825270610661,-1.3247307549832017,-0.2964320251662043,-0.03126686753153765,1,1,18,0
P017,53,M,7,1.38,"122,122",0.23566606953963426,-0.1558734337510055,-0.13345155853725454,0.05103394513032868,-0.6056640069212733,0.3543725277387253,0.04093228158147673,1.156408025005446,-1.4898081193653723,-1.0371697599458227,0.30389000748699874,0.6709753842534179,-0.31452806494466234,-0.33083873864081675,0.9457010559986685,-0.10530658465079472,-0.09381435011968565,-1.2130250625402432,0.9530067793143007,-0.14545132766747096,0.6852925998502195,-0.9770189551420231,1.2916776681091535,-1.340569867484122,0.6225936636059706,-1.2982193038796803,1.5929784120852513,-1.5005466081507601,0.4916404165235683,1.0248266106947637,-0.5019481048807021,0.6059405171917763,1.379756499347672,0.38875644145321103,1.577340197855133,-0.33135887909695877,0.47768058340333885,-0.09677450778523389,-1.1084615118343277,1.0177976721056012,1.8871580461934296,1.6230543899046477,-0.8907668890107865,-0.48653299247849957,0.05805529088165072,0.6071701084829668,-1.6986744817112698,0.40013763188598045,-0.028478999635070813,-0.9806726203969757,0.6802023538088559,0.20287392240790939,0.06331529563166982,-0.6042829116103362,-2.1307494429970415,1.2576454952525746,-0.2754003348073464,0.3904757837546792,-1.4842693062630883,0.06829486431353234,0,1,2,0
P018,21,M,8,1.13,"235,789",1.762842285184577,1.3778337155057705,1.5978717611819933,-0.8568301070665343,1.6767253803593052,-2.3605782614449353,0.5353096473418112,1.755091585099097,0.36211291470656115,-1.0240394415157577,1.3478069773059966,0.8200027057036074,0.2818635109543874,-2.5890802948302896,-1.1068829123791546,0.9740473583799217,0.5487588588431971,-0.5136253225408067,-0.6005581851213412,1.4703935224947604,-0.10187509913215054,-0.4629532501394087,2.4010283712141547,-1.5207515146132604,-1.0528532269540263,0.11680681602122905,1.458245345095199,-0.13564159852414379,-3.011450075362948,-0.2328555527723943,0.4671493010937334,1.373269958160507,-2.37669350358787,-0.8365565852243696,0.13349677561532092,2.488480471759748,0.6114093041245112,-0.5395531409926168,-0.2352610234958714,-0.5305574736759213,0.978912270672353,0.4427839499450758,-1.8297978906213315,0.4894930255940783,0.7251461744791782,1.1189682119808173,0.06879474805845133,0.17962237828737762,-0.14527593571597733,-0.9736053059103188,1.8202473236863954,-1.469046305527483,-0.19331476958212904,-0.5109229372142976,1.0622123295685462,0.9584897276941814,0.07089377673167703,-0.09011518986615577,-0.2258382568017332,0.5766168641329703,0,0,12,1
P019,48,F,8,,"242,850",0.5781263018080307,-0.6374534425425158,-0.6678198646920557,-1.064879600732452,0.645278405319519,1.0079970034230852,1.7478539000384907,-0.7007948826987104,-0.3082781503978844,0.6505089274690512,-0.3641347603647214,0.7190009690459168,0.1807779263636032,1.0614835536592246,-0.37889182524765047,0.7681529784031764,0.02413470457869326,1.4234158750959633,-0.793107066809874,0.21285238644641027,0.030844713746850376,-0.638380451641062,0.8519643807384808,0.6501107095125116,-0.6842248425372667,-1.192351678648375,0.7517688775384969,-0.41728584626078574,0.5471280587458054,-0.09116747777088853,0.4938599588913577,0.4556941535592351,1.4900956247882555,0.08729226679051433,1.2775924939221486,-0.29373060405497614,1.012374832032778,-0.46696592464714437,0.6200119046174865,-0.16580710200261511,0.39776554084164023,0.14340515300775344,-0.5093866357812649,-0.6700681308206325,-0.07248527946378823,0.4668209498482655,0.36188973116313145,-0.06510026803131536,-0.5890349673017673,0.5667638434177877,-0.31581730174337375,-1.0801299116746133,-1.2024589250637647,1.3860767014115436,0.8500254322497961,0.04220849467148485,0.7010733432434242,0.8304156740282364,-1.1824994576165886,1.1905807723691118,1,1,3,1
P020,86,F,7,0.94,"104,353",0.052091544720913846,2.2512250777434484,2.2266627091351405,0.06877406450778936,0.7812458192500857,-0.3502383498230938,-0.8423566689824117,-0.8642000120792834,-0.881694971470056,-0.10057718357575464,-1.268559616590313,2.255064332205275,-2.2932313583102384,1.676773726652387,0.8696913262453613,0.3787542251416788,-1.163275211153044,2.4898121127481283,0.6517481414391002,-0.9325401918678239,-1.2230582154290968,0.1782672576203964,-0.18963238238317168,-0.2131030928888893,0.9427729236946994,-0.019878981274646115,0.4397053444540582,0.20170421884211706,-1.960057115274076,0.19173487964230326,-0.5317320861798304,1.1574271587400786,-1.1355849645250684,-0.4363323759763857,0.11758097572993491,-1.128936354489835,0.00026772437999554485,0.12333992418363672,1.1153177306963604,0.7446028315742145,0.07623597150847458,2.1272121159409947,-0.8898497718803172,-0.5144504149391631,1.6103460461036636,0.6452442835442581,-0.659992021765272,0.2750041506953522,0.8557782097242771,1.2674866114270573,-0.23196884962666262,1.2946976931704326,0.12017359957134775,-0.8692014328051114,-0.722121007097656,2.025626865735815,0.48633191154790084,0.7392808836549304,-0.9618159874039546,-0.20898290023823288,1,0,18,1
P021,62,M,9,1.22,"228,561",-1.4250901432432643,-0.8965262145720566,1.879344377381986,2.277500524853034,0.5487293377157805,-1.216323411889306,-1.8061326203829131,0.054415869120395775,0.14663082307360867,0.4722094960293684,-1.533280477749828,1.1651185291801494,0.2768199534242827,-0.8761295164040104,0.48862002448055963,-0.6169671181068717,-0.022567563312705183,-0.0917264789213937,-0.5841397575729183,-0.34735516264973815,0.056712078867681454,-1.025373617549543,0.751967788119724,0.5325724756136989,0.8652131498071491,-1.5996962403746107,0.07885044866315295,1.356988016782274,2.525554845794218,0.012319205628171633,-0.42437858845873705,0.3012308900064734,-1.0134884618700573,0.5385576155507746,0.1694987979182751,0.08372292029940466,-1.0842912688210582,1.515902293995488,1.2485357836511943,-0.9017421419874058,0.6907862431417072,-0.7697505004049378,1.56353585091093,-1.2619813832345257,-1.4858683213830857,0.5343699760561508,-0.2654883259879467,-0.7158738016380587,0.12264871474007952,0.4147576376782547,-0.3900700481226863,-0.11578611923951772,2.2335726106941944,-1.0881178530682865,0.39808245712098494,0.27713038115793026,-1.104553155264238,0.7740136749828783,0.48459670905359803,0.8058556060044332,0,1,29,0
P022,43,F,9,1.06,"294,621",0.10872333556986774,1.2544222763812405,-1.4134394379643105,0.5775403612334572,-0.4970092393721301,0.6032809590509747,-0.4840854911476985,-2.9280901725683814,0.594925861846824,-0.6269631173779989,-0.6806517146139357,-0.7460781757727031,0.28943995350059304,1.2127098857927494,0.23460010834834738,0.7775727789499777,0.8075121753696227,-0.414234225676356,-1.547606081000442,0.5344530665795392,-0.029646084746642484,1.2819643127815619,-0.7272664936794727,0.265695431480977,-0.621424213676685,-0.5919210552713289,1.268766910682261,-0.5104644638389552,0.3541624376964873,0.8627878073942588,0.8038925576717754,1.4945105995662622,-0.2997819302312724,-0.38710563775972506,0.17283233555022567,-1.2486054077738182,-0.034965741571866125,2.0885036098730425,0.710303668529703,0.5821204229915965,0.159167903264871,1.1947519880918984,0.64493437570627,-0.9286497219514857,-1.2662184456422745,-0.4386634141582629,0.0903933850869274,-1.0650632068535606,0.7557236509847577,0.11667699988781602,-2.1289520183265402,0.12135170981315928,1.8191099913420035,-1.6329414016952364,0.9285291673562599,0.3497326901687224,-0.013925946619032141,1.1783971428450872,-0.5543002618208006,3.104108114300971,0,0,10,1
P023,89,M,15,1.21,"227,121",-0.019877011042093756,0.544462374203177,-0.14102266511302244,0.7629188335006009,-1.8657208634000604,0.5628494203738629,0.08992843298078625,-0.5310340011508854,-0.91209976232621,1.201204007476163,1.5795438221690692,-0.8183019235473779,-0.20970505497238165,-0.7497554511123924,0.6724788921182383,0.18120967742165658,0.3572499732327698,-2.5071319369808713,-0.08707687567252177,0.08532507218745246,-1.4836004852469666,-0.35630934843419537,-0.8258371888805259,1.009600875821752,-1.308039436086921,0.6596407423410215,0.5830606231778971,-0.6845884007391704,-0.6135474771313907,-1.1645666272568644,0.30647333211888195,0.12768052704088945,0.2966840865261924,0.07086204195126235,1.9665170406579338,-1.585091728773782,0.09945357503779942,-0.8228571384518001,0.30403466156092546,1.1050972725575643,-0.20725003522535546,-0.7344396871802495,-0.24859482109414166,1.0777029441963177,-0.2757974676068629,0.18543196122324326,0.5778280420722762,-0.5302232687002802,0.8597254351184194,1.3659577035315549,1.2080852398747641,0.4736715312897727,-0.12583866974793753,-0.8694977355392554,-1.3339161572178222,-0.8507480037661025,-1.4863476735472898,-0.14273723444075878,2.156358127000011,-2.5150731103631294,0,1,6,0
P024,61,M,12,1.1,"191,696",1.9905686453393971,0.14594294041717645,0.6426915696456793,0.5127183462686383,-0.7748026670851023,-1.0430737022813366,0.17497709320369015,-0.27097496931211884,0.37998978184674126,0.14377218005623457,-0.20773953753241156,2.328150724588983,-0.14128697525919692,-2.2665206299327094,0.9521537347008596,-0.7478351472109102,0.3176914257448595,1.7104520165245896,-1.3770696057185927,-0.25731059154372726,-0.7404403951036377,-0.2372796816757041,-0.8712445961841371,-1.6257150229038166,-0.10425365019681163,0.21389622810382644,0.12429127262354497,0.9784981624319069,1.133280234806423,-0.08603980226964797,0.6004891077667646,2.087351733954716,-1.1977493393883782,1.050130628923933,1.6176001555690274,0.9653592453758061,1.1276657514403863,-0.04076764556307289,-0.6237071122674999,-1.0487187466700578,0.8703145997698127,0.5984597023301317,-1.2202515346377913,-0.8517580046625051,1.1080180574086291,-1.6904959076346031,-1.2487243047953667,-0.35800178342252115,0.4008378860159627,-1.201711867835604,0.3377492216225801,-0.47125324398244745,1.9538500004427917,-0.14077430376057465,0.7538356537043305,-0.4665540144244117,-0.3001357195904667,1.372233130538867,-0.2645751417605095,-0.3052214668550055,1,0,18,1
P025,86,M,13,0.99,"275,890",0.6221252216057821,1.080532978717757,-0.7608710875064288,0.7829821661085862,1.6305228573863613,2.472435678832565,0.09221778578673422,-0.4593419875378874,0.1733699896200973,1.1877283270336183,-1.037943374056448,-0.6633261582929174,-1.2844034935218471,-0.35789247427932736,-0.8580470590667832,-0.5768958770453613,0.30744802953512257,0.3081821779926003,-0.012907222166126376,0.6045729131451918,-0.4538522858881673,0.9231499538512614,0.29235945494967025,-0.547863005888498,-1.5978658876006135,0.1710459037765599,-0.472707009514388,-0.4356794121681341,-0.7844451346214244,-0.9355854086107028,0.41083615698176723,0.5998439005332455,0.9961053033848544,-0.7986120053137304,-1.1186231262586175,-0.5569528267941042,0.6532010045278908,-0.8049311200559992,0.31114125348987015,0.2993821681714397,-0.33144869024710194,0.8170655578602324,1.8056491900002554,0.2022623432668724,-0.09185970896408967,0.08108277126837858,-0.5618160151207174,-0.5092596515956226,0.7733164613684648,-0.1625928639018817,0.7085914166433753,0.594252641390894,0.1955048944392664,-0.48719981490635805,0.22381685400611034,0.6163683319845028,0.43129672224773746,-1.6627568254469964,0.8084094098980785,-0.0727626467330604,1,0,17,0
P026,19,F,3,0.93,"394,265",-1.5290928749284465,-1.4997987888681947,-0.7410805036847287,-1.343088650464953,1.3006839703204864,-1.2096265493756504,1.182790122678783,-1.5838732281625223,-1.2418133060027143,0.6734404901818256,-0.6094708441644298,-0.04413534253316379,0.08246330883800362,0.32613645199293473,-1.226944412143775,1.2286477584372086,0.1351916918110402,-1.8839408205022823,1.3789395012809849,0.3610866851108724,-1.528704588534967,-0.7484719817015946,1.2385057812411768,0.2509940712968074,-1.0104242084854964,-0.858435927705804,-1.3526571090709625,0.05751497481475611,0.11917515003088601,-0.5107120951864066,-0.569328858711162,-0.5572828299398546,-1.4421992142526672,-0.14768432923554223,-0.25987046345502507,0.4910819576415447,-0.5004121213507418,-0.7797987922900536,1.483770493789426,0.07801470690489919,0.8874397746680266,0.9564937800140482,-0.8769004497708135,-0.36951606785988844,-1.3547518418941187,-0.4276301829378274,0.800918505476355,2.188043582321854,-1.1238379573999742,-0.397231911663223,0.03937576276288168,0.6080563797849955,-0.794087165992927,2.150023700388638,-0.9053944099033492,0.6064299986412706,-0.3527173460543654,1.1548946837655936,0.3680977422004587,0.034275433267960065,0,1,17,0
P027,51,F,7,1.71,"136,807",2.0267790952431928,1.3575717869331891,-0.2374156967345463,-0.43051197019258486,-0.3469213679779701,-1.7330027043844558,0.9760497927838799,-0.24555110772965252,1.5534128669401228,0.16524903859866213,-0.4835449713031524,1.7448590877563592,1.5029254864018617,0.13355112937780175,-1.1536814606847743,1.845381962583357,-1.2412608023836462,0.8713568934768913,0.9626683754358186,-1.0777160147683866,-1.2171637678785086,-0.0013711975106770798,2.2241357578819883,0.2344695325253049,-0.3877762983309133,-2.196532214328735,-0.17352368600058976,-0.1056795090211921,-0.284906584970332,2.972574292632735,-1.05696946453229,0.1847275079432703,0.13603239438315368,-0.23338781122102673,1.6860198298589635,-1.1073464116196523,0.2312579455358376,-0.2703182652562617,0.10802098770050343,-1.0504339196842483,2.1042204146091086,1.4528615414307142,-2.0154953872997314,-0.8691823416137828,0.7765744529618045,1.2375444969173621,-2.611063829076305,-0.1745596896831459,-1.3090626769702374,-0.5237128034673142,0.8588870190411525,0.010091056291948354,-0.05009584182842966,-0.8444536956244313,-0.3993282001908499,0.3266989109928565,0.4372726463306937,-1.0738326695173428,-1.4641853940268257,0.1963276468152644,1,1,13,0
P028,78,M,15,1.08,"185,862",-0.39500987549879313,-0.0636840289702414,0.7391780871115503,0.2613508456100389,-0.30167632703614505,-1.1541714262983167,-0.04926790495129596,-0.7766086200556818,1.0899026698201453,-0.47852741111072156,0.2656134152217038,1.7153158744955939,-0.17726956801098367,0.10359794949464109,1.858674129136191,-0.5297267324304714,-0.3091021864017631,0.6138812820393205,0.0018517311427626063,-1.9149163522882977,1.469563305549162,1.7922137973520376,1.3242715339005433,-0.9481393572928255,-0.15813022355079587,-0.8930257519640017,1.8644573765994943,1.8791848578653119,0.001177640656810188,-0.8459533387673659,-1.021383518530686,-1.7416994119891838,-0.8838160225533429,-0.6095425300373166,-1.5058937870372742,-0.24024820641827002,-0.2981457046162906,-1.6217403302891407,0.7453427939728884,0.15174992047012,0.9601989277843755,-0.664814607961201,-0.7521490784673149,0.3105462358009791,-1.1244191668388392,-1.8579592884273426,0.9804291237371938,-0.2900098099061663,1.4528664567966567,-0.9595464279744295,-0.22864413911003353,-0.3597688079966724,0.5188711419050627,-0.9704194747851735,-0.4109411170081177,0.2985905914287804,1.3974625853274214,-1.7650136429759054,-2.2491068629150073,-0.6567443604125881,1,0,20,0
P029,72,F,6,0.7,"380,130",-0.8794597147043167,-0.5424352498635134,-0.5113338389470944,-0.017916816054972758,1.0366058772358528,1.4207998428900637,-0.46954712275218685,0.7574830584581226,-0.8599267478891178,0.03150757764886403,-0.6600164535755245,-0.0546320291626752,-0.5221257514855702,0.29642285776231825,-1.0544325732479414,-2.0780681543322053,0.4308376930089883,-0.35439962315536616,-0.16571872790200548,0.5004882032306607,-1.0299824237515514,0.41114321261115455,0.6976873666174845,-0.5271589401267635,-0.555230211671607,-0.5109507506301839,-0.4836120642772331,-1.6831362108617132,-0.5595446817469725,0.44885502536008837,-1.335950176070203,1.2110826986306193,0.2133873842509252,2.5588866434508453,1.8389756240215607,-1.2294283557000831,-0.4938485854578441,0.35953085666022006,0.002448888638888113,-0.2576775303954764,-0.4823362717131899,-1.2459811510613257,-1.440762427202922,0.8266013430612893,1.2830828809539845,-1.0700178967028096,1.3374585424631027,1.2639776835933891,-0.3781829673499093,1.0003030882028427,0.7093863829525477,0.2148426585980065,0.7702476199396494,-0.14816722339955007,-0.6933997735629688,1.2831120280166595,1.4034914707640416,-0.22098148231047277,-1.682536587535701,3.1450342553384134,1,1,28,0
P030,47,F,9,0.97,"188,923",1.4748226520869099,0.7491740480400813,1.8266938116201166,-0.19199322011209138,-0.1684098727535861,-0.17585672570351582,-0.34600888138250585,-0.9184748174227628,-0.586630882730846,0.8280104854866206,-0.88993957467117,0.2419430815388782,-0.6077288948101016,0.21655566362289025,-0.23458712254500633,0.5874637169933624,-3.114509202550763,-0.5578363689123994,-0.3167853963271207,1.8574441213279524,-0.8566779839584403,0.29382294317380525,-0.6883266959269972,-0.5858428169813524,-0.1453449014409373,1.479248985800466,-0.6412228200753938,-0.8209057347610151,0.4381398003239878,0.3063224444694511,-2.00881373614219,-0.27334225655403777,-2.0175689885349133,1.1693778929448715,0.6344495178266768,-0.9434616378734539,0.8142445360771996,-1.1275786741460947,0.4736233007647184,-0.7937718444990962,-0.1870168394497086,0.21256468115985777,0.8167286805746939,-1.2225027200071232,0.9046283703940743,2.2792562264275538,1.8969017541526847,0.9073398629395589,0.6514164428243246,0.5914339959000707,-0.6121273840217935,0.9585910347869577,0.20946665471097808,1.1383840078212057,-0.3503825653384761,-0.2306387403361318,-2.197126722224778,-0.2862689087392487,-0.20215103079842814,-0.30210510567634075,0,0,2,0
P031,53,M,14,1.24,"305,215",0.2502442397030319,1.3598990135992437,0.589974002338532,-0.36587607974293695,-0.9992598701307787,-0.3720566878481917,-0.35630415298259815,-0.28234512976124115,0.7707802337475681,0.6976577341539597,-0.18801698454297686,-1.6351093020806682,2.0170879081873316,-0.21603830345786162,-0.18547829908481703,-0.9032628262035356,0.7571779658478263,0.7301253248364348,-0.6375453957718332,-0.8207313942661076,-1.395761111293656,-0.47639535182197884,0.07664820930367414,0.04467916686870971,1.3820403205947949,0.5695239047891265,-0.24066208384652615,0.6507925992275745,-0.7398498245807111,-1.9199511869184505,-0.5900245428919259,1.2328236591263195,-0.9793033164638386,-0.6587122896523435,-1.020595472851332,1.7514366188547703,-1.0445211667681,-0.17489590723468895,-0.9259839068112518,-0.36119510004055716,1.0605993929900768,0.3256680928327929,-1.0266428268850034,0.3488761622243512,1.5053655531053618,0.7349469038302376,-2.3597407953153993,-0.7223670304645953,1.0975689513009366,-0.2317951708600078,1.2216712774196667,-0.1546807152461687,0.03765240539933658,-0.47624978043818667,-1.8898354181744326,0.37926029068332995,-0.6852092714929678,0.9119715655856999,1.072855402603799,0.22522180489501575,1,0,10,1
P032,48,M,11,1.0,"205,422",-0.06740259937809884,1.0697954306236166,0.1974247159166762,0.041616897295796706,1.565543092596161,-0.06215772113332739,-0.22559947382813822,-0.23294792511840304,-0.49544904738287204,-1.1955846525037421,0.46867032459622227,-0.9083487005220875,-1.3552434888770633,-0.6013813731533054,1.0310601652090412,0.7324981608261747,0.3374244621253939,0.23394533381447996,0.3550738828226099,-0.14101171725603068,1.227381918145922,-0.9942400497840791,0.5434592853240038,0.7005642507399014,0.6271261618584097,0.3164623664486862,-0.21286877913474544,1.1600960959262534,0.11252055884743821,-1.147217317530638,-0.9008140823932606,2.209360370190684,-1.24905589708424,-0.6421872887705827,-2.2218791473272623,0.7505003612849412,1.0638708077079664,-0.7984626718106753,-1.2807781049631952,-0.9769834957732049,-0.8236691498291207,-0.0787557193315917,0.5123002215009219,0.7862149057710239,1.2539931549924945,1.382798590891012,-0.459142890450915,0.8610306300516435,0.3676277816800011,1.531704957823405,-1.1476127592211927,-0.07917941004260726,0.6326616520867597,0.13458415485310754,-0.17997426216138818,-1.5339967887163426,-0.12828012555535387,-0.7750949033548274,-0.6500379281957305,-0.22145882056649605,0,1,21,1
P033,56,M,14,1.37,"347,134",0.5187859889352313,2.2995038210449867,1.7492596851314581,-0.4741978238913314,0.777178577913932,-0.5966139079163051,-1.5726505615429949,0.5675714213245197,-1.8397186052226187,1.0256820527459456,0.71704376792885,-0.3652591301096782,0.8449497673368574,-0.2658008475467199,-1.7383210989009736,-0.37595727770164,-1.0841797109141487,0.486833642037625,-0.15788509607201345,1.3540813825052267,0.9182081634963974,1.7488090449713254,-0.12225308195867075,-0.2754684960534908,1.3792262573543461,-0.5818633843538561,-0.5591749709035018,-1.029068521992588,0.628493475546382,-1.816210932219823,0.06433315145680416,0.010438345519362818,0.9096789973770604,0.3413479534265509,0.059969957850666646,0.682450780774036,-0.34292076641372754,0.6794750773530515,-0.9833967930506964,0.39816723685596594,1.8683368001802814,2.4950131871728485,1.5054635870403834,-0.30623816708042473,1.0952828896545337,-0.7886935703490402,-0.6474848469245938,1.0204157052300002,0.8077034362886826,-1.4939347223458548,0.7066704706653196,-1.327016312640227,0.13865852133699402,0.1632505455345435,1.8087233127912132,0.8518982165659468,1.0618738043359743,-1.2054323655624235,0.15229812201660656,0.5336699988016802,0,1,23,1
P034,34,M,5,1.3,"275,604",1.1448887803757162,1.3807260760500983,0.9262811950603524,-2.121833014859781,-2.216339715003551,-0.6902634133270706,-0.4610407436426228,-2.5459046003660784,1.048882112400727,-0.2139079414751082,0.550532016267197,-0.005660169488668078,0.11141180514668009,-0.3516725661580284,-0.03926821095340596,2.2295984798227364,-0.746350099944262,1.2264947326098559,-0.38169915196075527,1.7396339654385549,0.3182166183317675,-0.1601079387609843,1.8628616770764177,-0.15305405436584762,0.8960293986512576,-0.7292595537104061,0.6432376166582425,1.1788409796929469,-0.5955042620233842,-0.15287764243164276,-0.2282835568500504,0.038255309397892866,-2.239687619823384,1.2665075317988943,1.7431515416937362,-0.02057593271009659,0.43217004254422636,0.8002652412823479,-1.947731384064626,0.40955136746577686,-0.1950810487496244,0.1287480784987166,-0.9199545784789896,-0.07976981421325445,0.7156247828426772,-1.4538069684296901,1.451267059706092,-0.8248599551232312,-1.2136171105831217,-0.18744237236487316,0.2702178911983805,0.877876112974522,-1.0038097075065384,-0.45679429702244245,0.34497424700155455,-0.26971180967815006,-0.3893758154128525,0.12895344746461762,0.16511081754146517,0.5310199465171741,1,1,15,1
P035,74,F,9,1.07,"369,040",1.2933362044496504,1.583506632420406,0.6692867756875739,-0.8945084417055866,-0.013190105529877538,-0.6412154938054386,-0.4248800212959662,-0.34062493579600056,0.008781422965773035,0.8152637210038772,-0.4574969296706332,-0.3233204760570791,1.9208964234569852,-0.3029226234349036,1.2143883468486907,0.1122445053407973,-0.20384129632367373,1.1931899534125747,0.27004773965400325,0.06523588767656609,0.08424070329213044,1.8979913531949455,-0.8199507435621237,-2.0941775046495352,0.23198166891941727,0.6406217514932253,0.3257932309843085,-0.4710356637779713,0.8356246674808332,-1.3146521741518418,0.37314908171292444,-0.15099527052383033,1.730914004678323,-0.10245389838734421,0.23449978567046992,-0.3470734989165953,-0.39988190713978894,0.6045387157565826,0.8598280574782309,0.7565495207317502,0.13858029446789108,-1.2780490190910927,-0.11792796086232477,0.004951081544247763,-0.3096064280677949,0.48243377433642753,0.6673570092858983,-0.13095334639124187,-1.314148842366975,-0.9364426044939379,0.8338179786964953,-0.6240735644531081,-0.1223011130609372,-0.07486047214567183,-0.6964249027111676,1.615470186451837,1.7332028774099628,0.4805299899069581,2.6453249132509793,0.3097507355908218,0,1,26,1
P036,23,M,11,1.01,"291,254",-1.3752024000527405,-0.5398639371765148,-0.331140382769525,0.47565293887443977,0.14367020328433938,0.7079555234674223,-0.18888038569796042,0.7596151492736765,1.9070261909649173,-0.6974882614105615,-1.6950770180267947,0.15229398157573193,1.3112654208840355,-1.1029534312854563,1.1148997621906016,0.9028507011135929,0.41343495917363354,0.7605131054725042,-2.0183767314742744,1.2497252740649583,-0.4918737495436677,-0.6838947495040769,-0.7141378091563078,-1.0611034381686322,-1.2138402744033965,-0.37205124791793154,1.1828708290940044,-0.7262614001082653,0.4857233609763586,-0.8972527922939801,1.125830269812455,0.37308998996560866,-0.5132521736359497,0.8524997077635643,0.5542717621567647,-0.02587903451432053,-0.6623055219453661,-0.060209202871725036,2.3836315957076137,0.1003852936445118,0.42201979127453015,-0.713284566362473,1.9090180124828737,0.20357947330158116,-0.10110657409046479,0.16024893293655523,1.0243929175623487,0.7201031206553316,-1.1575238811145065,1.6769009156817343,-0.2553360680303895,0.9290758163398316,0.014073680728921319,-1.2034184667356131,0.47683865820981003,0.6156939117729879,0.6118699732286594,-0.8352681036409204,-0.5523038618086122,1.414677485545278,0,0,27,0
P037,47,M,7,0.9,"274,996",2.2984814702717293,0.4065237770620296,2.1139856138927495,1.8570779556716277,0.7812468270587882,1.0204558856716575,-0.2543000124201234,-0.3616882372265676,0.35746712316898616,0.6378552876565751,-0.7985161428769869,2.192701513895415,-0.08831802596201337,-0.5425943845171727,0.4093119944364986,-1.2150537312839182,-0.3740266468770724,0.5852847040864307,1.9564801798652187,0.7506339707140546,-0.2844091606352633,1.25495278375858,0.38004499001080033,1.8529800552201692,-1.3360870818336006,-0.3368944660176009,0.601510370503429,-0.6301250449638052,-0.2955232858352947,-1.5351291128129603,-0.980930891103818,2.216438936995267,0.18981840273196157,-1.7470818653679507,0.48678519360460254,-0.4298755142945709,-0.6299631111269391,-1.6095309216340714,-0.20869995822573725,0.21098328572318412,3.257199074716764,0.47413711576352796,-0.2679666507531389,-1.1279478073066014,0.014107587112294151,0.5443034196733468,0.7350970642760396,0.9125161313920518,-0.6080448236823193,-0.17965628959479454,-0.6954961958881253,0.5265692698599879,-0.44103604096345655,-2.5571325692708604,0.6568234458896183,0.4666842551225972,-0.8869297766264925,0.12553828639928888,-0.5241280647610682,-0.14000883736400815,1,1,23,1
P038,38,M,10,0.96,"246,569",0.9468615879956256,0.5629825823255228,0.8118215897399867,1.813580171323687,0.15215118931163515,-1.0550925619827771,0.6720071416275368,-1.5269369663879415,0.19099248938301286,-0.7965918828262021,0.2840813932760513,0.46434086089902904,-1.5414686375761777,0.08222618878511484,-0.2609390873799359,-2.8192914384307715,1.1670031079635066,-1.278184723779348,0.6301338425131954,-0.5558157303687167,-0.6741547401790442,-0.20531676816011202,2.006800446139478,-1.7147076270169497,-0.020585278533252743,1.917854502270765,0.1864843702657361,0.3538303680376656,-0.5139954642058103,0.6731945530266346,-0.25024315898180166,1.284050581535801,-2.5475157452899326,0.40435975000599045,-0.24571939646416646,0.5161679139691103,0.8451586803539769,-1.0597480078775687,-0.7939435914714358,-0.5590652610761727,-0.08746492182189941,-0.0907245364595582,-0.25660356304254406,-0.5158492403776349,0.197842693842566,1.5466594768647637,-1.523956699723296,-0.7360326300969797,-2.6047591775799575,0.31170325757851086,-0.5251006743547577,1.2737363923902594,0.4565678322356099,-0.47005889239477555,0.49748105087092653,-1.7990588162315395,-0.8762330686531263,-1.1958234054093804,-0.061096545563065506,1.0099037383183327,0,1,25,0
P039,70,M,15,0.81,"112,065",-0.07920106201315125,0.2822577632967064,0.09658866405528765,0.3967517436887082,-0.3357417972436246,0.23922797173839117,-0.5319433559629919,0.3265981725839574,2.8745004813941315,0.12935683165923514,-1.3336352855099138,0.30870718775477546,1.429639843271909,0.30941891043639275,1.7576834466350173,0.13533111840241674,0.41312561246719365,-1.1154591670196043,-1.393763321302374,-2.0188116179205275,0.6582674220931423,0.41678176781759174,-1.8127423957421824,1.3643918412508955,-0.4086076145127494,-0.9818193630752309,-2.103066262422773,0.4846062722598041,-0.04879491308870755,0.5968648171204536,-0.38073603329011385,0.24143344925457505,-0.7969824176258454,1.3253230505301357,0.39721362689569434,-0.09330515131268845,-1.6976885065019591,0.4422833576730133,0.35573188128465305,0.6515581698016037,-0.5723287218550178,1.1880876404572724,-0.3114738530208609,0.4135447372028056,-0.5376260115033302,0.8543062668521177,0.4200510751951461,1.2052225873268263,-0.40342958960260056,-0.3536025540570447,-0.27085074500420736,0.4288755718974923,0.15423377382041617,0.8518501610860655,1.0884827659837675,-1.497675535872544,-0.7738390468984984,0.1263007306773795,0.1282133164981938,-1.4722759536781236,0,1,26,1
P040,71,F,12,1.34,"136,202",-0.8186598515214158,0.3016352331732358,-1.5771991506827037,0.8933836234441344,-0.11575904402998716,0.7882072412490861,-0.4385777014308822,0.33668690624350883,-0.17186734595143172,-0.2980298067196495,0.2526192229828111,0.001826355891416653,1.4580436676443578,-0.06402894751868315,-1.6719471765190104,0.26196309010184793,-0.7865714058807218,0.818522718004068,0.11504651126307391,-0.9094275615969974,0.6921943754945254,1.2167086418106712,-0.8460402101590002,-0.29789179084428036,-0.934543097392856,-0.2816057094182628,0.19714732881638275,-0.8747795369288794,-0.45284829404131793,1.4863565019736626,-0.8735687005905115,1.0604685237108398,0.8376202832652309,0.16236948488296493,-0.6277432777150306,0.19833923495534764,0.11778833211557162,-0.610004574065282,1.5945703485694784,-0.6249575292851167,-0.4037062446022612,0.8923405446831039,-0.7500543319303509,-0.7586897202825249,-0.7305886480241693,-1.5474105458913645,-2.1778261324787955,0.5542605002521576,-1.8519560808607491,1.099225372672436,-0.13254170007930977,-0.8817634618474278,-0.6338624561146666,-0.08097066155128824,-0.9966559197219987,-0.10944693303798719,-1.6527491581509406,-0.030672656969910603,-2.3107166130199808,1.0191975308052155,1,1,15,0
P041,69,M,7,1.42,"313,446",-0.6690124307582064,0.7261047661345686,0.6729515417619218,1.2079779107107238,0.5948003179436003,-1.0817519495061156,0.5419387546680404,-0.2704893919573284,-0.9518157648768794,-0.2855725668594085,-0.5899759491773432,-0.17190760499977303,-1.1049019945184597,-0.18365991423533276,0.9809852752118499,0.7202996356088945,-0.47118191900406553,0.6472027784471447,-1.1290851488393094,0.3692293314057658,0.9126284235236749,0.4415346108795559,1.2879030120257389,-1.9632017484975033,0.4097046129499364,-0.24968995351561535,-0.6531297625640384,0.20596382785127584,-0.5138307537288068,-0.17587423592591395,-1.1930087089371764,-2.0579632532701306,1.5003589738753214,-0.6354460697725838,-0.5732114693743733,2.6774341237834514,-0.6435804296071216,-0.32083435244196806,0.09048572691043155,0.5646398069670131,0.6574706370791706,0.9222601666068166,-0.793794397683937,-0.08653939004521116,1.4199667920455403,-0.5101821499374615,0.4418989720749097,-0.9071315356980361,0.9965939729017982,0.5479692525794585,-0.9459230544449477,2.3491944475086983,1.293749146609544,-1.0709636714836477,1.0162421188767252,-0.6546123036063867,-0.2772770820530849,-2.495620791294698,-0.02335688174672407,0.5403652367284397,1,1,9,1
P042,84,F,3,0.85,"291,875",0.12337843757618257,0.8442439176815353,-1.1437400921015901,-0.6922591838680748,-0.26800408561401673,-0.5025665920171958,-0.23531484674423206,-1.1597957072917302,0.22919797956924792,-0.5665872435909065,-0.5821639535030836,1.2329446002097502,0.7452334972051312,0.5344498735721634,0.5081778886458632,-0.5538114536548805,0.22757962349564587,0.5181817409352328,-0.539268340518856,0.41925483421092963,2.048895034141977,0.8025770184830436,-0.6789510067084001,1.4576845828164524,1.2240791782653768,-0.6513331141342747,1.0777278578870049,-0.3820916026088764,-0.1326914873493331,0.7380884815139209,0.05964869941978189,0.1239219788006589,-0.9909552239467868,1.1112524465092426,-0.9237324251657613,-0.002208076052777415,-0.5069674837987819,0.5140710646446498,1.2841847413845697,-0.4577562514637076,1.6963789176068738,0.8635276212957119,1.0455449035802282,-0.07271146132240519,-1.1709554231872266,-2.2065132133343393,0.20122563463277585,-0.2343968147272289,0.4325042444657452,0.4862875857753299,-0.29378942151061055,1.2461986883950318,-0.3764107482260937,-0.3073023507720191,-1.1804827732401302,-0.5315547613448562,1.3978085699158789,0.47549661281167027,-0.6066227206036694,0.5772150948341226,1,0,19,0
P043,85,F,5,0.86,"270,707",-0.34801629418962693,0.19839110922997605,-1.4159459517583206,-1.397939830460604,-0.07190071970620737,-1.0380641623107913,0.2164547268456756,-0.7406751455270828,1.135754903021066,-0.15357909625050895,1.119507008022189,-0.9912614307154949,-0.8007665488593981,0.8144686606150432,0.5910366844076768,-1.291838504643794,0.728374031602327,0.8403471898212221,-0.8951094234143367,-0.5022445517110371,0.7071686324356526,-1.562929634196308,2.059094787516775,1.2840688927244375,-0.06808748492768933,-1.4115665768506735,0.07343992029364772,-1.1927773767024203,-0.21223803884315595,1.1296002737694117,0.2635598382876176,-2.829537121217388,1.1327389545980966,-0.9833875285453708,-0.37397926304949225,-1.0870743285634272,1.8233698923898785,2.1128916344832525,-0.009525576455509391,-0.7743181110095517,-1.0172434543435567,0.8201884352086035,1.2401394628911044,-0.7795688779970198,1.0798871622548232,0.5470083934748569,-0.180412175762313,1.8419462963759816,0.4861388451964542,0.15714531810271445,-1.842717575701965,0.02096000246545687,0.2530942831893156,1.2583897722178292,0.16439813307545068,-0.36826879964738324,0.4211565307119722,-0.1907969938855821,-0.1544016312610162,0.14043973683119332,0,1,6,1
P044,31,F,6,0.75,"135,061",-0.46487396528652053,-0.04979921539188126,0.02084849453223586,0.33088731935481297,1.5520839386648169,-1.2910285430172368,0.6693356983561061,-0.3137565089364269,-1.1651201441864287,-1.7406346901674916,0.21873262987857625,-0.12557952506605788,-0.7761903063646081,0.6800798787004845,0.26580883024114654,-1.6004953758484026,0.6800154755101223,-0.554003346709953,1.091860834840603,-0.8576999593888491,0.6345284188277793,-0.4607015277981863,-0.821519665336209,-0.5032482223282356,0.08583555924103475,1.2723506872457877,-0.7626178330673743,1.691786349237599,0.10677724233113242,2.092040374967931,-0.27727835054438915,1.1243166512598795,0.17500299265769342,-0.28219184436951716,-0.3745975000338426,1.5941716285392955,-0.7010577010026303,-0.7454513422747754,0.23275892823407004,0.38968366766114976,-0.35253844111411925,-0.11674109467348516,-0.9017228060195078,0.13310434159700021,2.036081202677209,-0.46524820708235615,0.23852612819676336,0.3989378058080268,-1.9370399314878064,0.8592535683570122,-0.38307778714358565,-0.6603231564190221,-0.10891055402805783,-1.0112371272103753,-1.5956799084806697,-0.8540279886533785,1.2102227364316165,-0.984242624864253,-0.9862378210356774,-0.3264299782642841,1,1,14,1
P045,26,F,14,0.91,"347,787",0.8112544049416356,-0.8283156502165506,0.2814711025906223,-1.7622009972405384,-0.9466076852692522,0.10186286879000153,0.4219694947780549,-0.8755328557582861,-0.9082651093054563,0.8765996934014191,1.3702561728264784,-1.0957772310844156,-1.6093134194360432,-1.7499090854288946,0.2051801474470013,0.5531409147046624,-0.09759375167107351,0.5649234322237021,-1.920733467141346,-1.600305240050695,1.0036979770662597,2.044688914832303,1.0723260032831456,0.8672769905671034,-0.5469648680161984,-1.4124462925319776,-0.5432405840013287,-0.9675191513368931,1.4197869860997896,-1.2495516359503271,0.5623565268593742,-2.168769941107973,0.6419954901669896,0.6140100586646065,0.18665030392361925,-1.0305115219716976,-0.7371333964513217,0.4316109047638508,-1.516355483157991,1.6345509482254639,-0.21929432702371066,1.5653543484628831,2.0066816575193047,1.3076936172383675,-1.0167416301682375,-1.2707933266789955,0.7148879837757196,-1.8854105134160066,-0.3922972942188005,0.5134278108728175,-0.17646197300841898,-1.0513811966960376,-0.7337568368941085,0.03710579526816638,0.25448861627901503,0.8701199807414691,-0.6107779579454883,1.8793044989810523,0.8029656111515008,-2.344420710559351,1,1,4,0
P046,27,F,6,0.48,"338,855",0.6645673438263234,-0.5917323261422713,1.5824812336831644,-0.019929612954826925,-0.049463471109912116,-0.7361323713301251,0.25016244798431597,-1.9201783483529482,0.4497770983764295,0.9616865870883877,-0.9392529879627134,0.08712970192339368,0.9329052274993123,-0.4554050912543668,0.9307879958022176,0.7102909260938124,0.14949504754220225,-0.9888810121630713,-0.35439340308271255,-1.680333677376483,-1.542009857846187,-0.2291364135072477,-0.0881774772269717,-0.35589453608390614,-0.6879409075967027,-0.9076143892044588,-1.201487025901355,0.10254049713497652,0.9117715745587862,-0.8103416662304054,0.31180943695060304,0.5476518627401669,-0.2124983330349233,-0.9079001708868434,-0.34557226612126063,-1.0347419218187135,-1.546774122240504,-0.5710369316537269,0.34967777870957645,0.8560488198380214,-0.38606923058570836,1.1302148065207214,1.647814874937013,-0.793044597520533,1.3908301812721573,0.35948817956383455,-0.7816229762798613,-1.2365273656393294,1.4547656996288243,0.6213235058439185,1.9565769236213706,1.5590365721373993,0.5605358771749867,0.06885346048103753,-1.7223248100966457,0.4162780056857366,-0.8271046926141227,0.4681726665187209,1.0581030070472957,-0.5665677098496439,0,0,18,1
P047,70,F,13,0.87,"259,648",-0.09457125842371122,1.472451227346323,0.5824518252852489,0.9081170867893684,-1.7312690130490898,0.631129089144547,-0.19644155767581964,-0.7692867989311631,-3.197345391683628,-0.4427738728469823,1.1307411921308461,0.11905032223362909,0.2711284260993098,0.7056545870353251,-1.1530447886506225,-0.8757583283962643,-0.025101041388611755,0.062380140162429085,-1.6490629637801018,-0.12212012008830882,0.0047324644067568535,0.31862963034449554,0.4595589410839142,0.050926273953553126,1.9736530368466876,0.25626522268364793,-0.5475471302796516,-1.1648636219712387,0.8495599853376553,-0.9809568219430949,1.0116631952729296,-0.902832068383905,1.5149803705019858,2.6512020022688527,-1.6574176312572906,1.8125751855630061,-1.8701546362200439,-1.126197493087839,-0.9303757672246648,-0.44936318442257167,1.501047882596636,-0.6958749725106044,-0.3089426622692039,-0.6155454948111717,-0.11400838921516698,-1.1054290180599655,0.3585355445063219,1.516466862844481,-0.7130912223326978,-1.4276868077050426,1.5875865732750898,-0.2240104588182567,0.2478261451829933,0.8729369304596774,0.18875217684103843,1.5800649593120368,-0.41635734913756484,-0.44535354976087393,0.5471461045676965,-0.251289982067551,1,1,19,1
P048,87,M,6,,"176,293",0.7342475961853729,-0.08452148800245243,0.8060195271707506,-1.4200694881000024,0.5409699634514118,-0.029421922615303468,0.6818941030932071,-0.06174393447177569,-1.0926786579823062,-1.3797546259079334,0.9090804102421112,0.9205065081130677,0.4944997307083231,0.515397323677071,-1.2465519455451306,-0.5280346202841556,0.8219899252646468,0.9293259499276398,-0.020449621302592903,-1.5747339233964615,-1.5125028978702022,-0.1630897662267422,-1.035885098068614,0.16626949981514086,-1.2564110186274946,-1.243735703236724,0.3151868230686771,-0.43139380801276456,0.5173160653654066,-1.386628310688693,0.043262599181645885,2.5591226548281623,-1.707559964644277,-0.18952682360224268,-1.1055036971191055,0.4469932254006761,-0.2414092286569966,-0.34479997424878694,-1.047422032134662,-1.3895249808783172,0.8856578662811329,0.44806905870215924,-1.6550681996704129,-0.16039511807080786,1.4661232166224887,1.00825971920278,1.4561473202131423,-0.049056731356075876,0.8577457685193343,1.220704849878001,1.2291748224027053,0.34168683698209396,0.7353946995301768,-0.6644812729002213,2.8585979656999236,-1.0092386792029746,-0.9060573013486092,-0.6156768704681906,0.872570953746222,-0.7682161259606666,0,1,9,0
P049,84,F,11,1.03,"343,973",1.667378626305671,1.086944381090543,-0.9258827052231546,0.3322953839316368,1.1282644598468854,0.41262735520499433,0.17554994126500043,-0.5070600672915547,0.7954840824420695,-0.6467092698202764,-2.9950027798647287,1.197661620816487,1.4524749367267566,0.6798106013047429,0.16245323534382217,-0.7281854422482575,-0.9862445163062207,-0.6768644678810902,-0.3177080180945167,-0.015105989728721037,1.5772521625152471,-0.621578022793142,-1.6062075045924402,-0.23101055324751335,-0.16122466529554055,-0.15579975166806387,1.1788235671568197,0.09087194088742723,-0.6037885031099061,0.7144413996742288,0.15319185916557274,-1.2645553679662478,0.6424188789626476,-2.0124277486129234,-0.2679877719383789,-1.0085103602668206,-0.6853937018416993,-0.25295184429935597,-1.5666459708192788,-1.5028513180680123,1.416426297211753,1.0431465206724482,-1.021828410381641,-1.2072152849045878,-0.561562547989676,0.7170967046959333,0.3957362956628299,0.17367463359034285,-0.8873977464919448,1.0912458666810272,0.7678623612862311,0.8607964614665287,1.9169262876636333,1.1498411985655645,-1.7719450308000035,2.1181807067707448,1.964552760550972,0.2600550470459234,-0.8911883858893562,0.4160788807221306,0,1,26,1
P050,66,M,9,1.27,"256,518",-0.7944963126296458,-0.9973638463427519,0.27746782253244284,1.5400181153090653,0.8484868325965844,-0.29228291261987144,-0.5048527510617483,-0.07557283913840278,-0.5867399161530961,0.9476143296978757,-0.0882707117695446,0.6630643333001591,0.6686246365934847,0.314351508019426,0.05215079168224529,-1.89520748288077,0.6028426927881737,1.9529079334965758,-1.4067199175642253,-0.7979808719108553,-0.4930096168284752,-1.494058864493127,0.7755495672563899,0.5243726217937454,-0.447140147946397,-0.2565950541534368,0.5198559561360954,0.16139549448042473,-1.060661504805897,0.7281333770033717,1.1207956387882363,-0.3288242971541765,1.5376755197692331,1.1040219821836876,0.529139661320874,0.10123734406138178,0.6908938021130503,-0.43596572967082836,0.6007325702451936,0.2802894763637916,-0.47974275486484425,1.4513513380054217,-0.20269241184458228,-0.6018526296603287,1.2957068770515667,2.234641044498409,0.23069108232594224,-1.1626993370766627,-0.15331831060428636,0.6947029025791882,-0.02970534066471153,0.3219100205003019,0.07641646940542185,-0.4781895021172918,0.10726752475092952,-0.5523864694047592,-0.2835455741038901,0.8580959478752511,-0.8716320634800236,-0.3708532828761673,1,1,15,1
P051,87,M,15,1.0,"399,103",-0.6032918841422477,-1.9381681078391828,0.12421131930450507,0.36151247402096365,0.9176724874612288,-0.6349973825890232,-0.1508091869990102,0.08365797896292382,-1.6264831326910547,0.6255207733817739,1.5422244089235955,1.6222592870903558,0.584562756836139,-0.8535368023114268,0.1636601623397074,0.19911560871651457,-1.8524030630672448,1.1340794938899716,1.4397344147735909,-0.4261645426770567,1.7731207696776596,-1.141741752889653,-0.5293075936517503,0.3857490054962603,-0.1098916343542594,-0.23675004553591666,0.8096958119272333,-1.0237566040474546,-0.22756356466468003,-1.3978138518935639,-0.43161573086949906,1.6925970295859736,0.7691371023243577,0.3624182010806754,-0.2894890564808601,1.4180197800829748,0.20255155163003535,0.5085019284623388,2.2853345894283197,0.1637845419171908,-1.0967927320752584,0.47932447991409655,-0.24177562323683194,-1.4835015786962824,-0.6870621928034999,-0.7527246846963376,-0.014510504626833435,1.5438607811141836,2.6469742710792383,-0.28070694456894,-1.6888916110969794,0.5443069849139872,-0.19815202528235956,0.6932473930106466,0.2042377414647344,0.1943518420513493,1.0165696672795417,0.12787654086808042,-0.6168942586598736,0.5384180047743888,0,0,3,0
P052,80,M,10,1.45,"184,158",1.2426218402198768,-0.7490912309999633,1.1622461846199108,0.8223217007496788,0.7407067447635609,-0.09067313510678131,-1.218129377322531,0.8965755003643204,1.9255666584293065,-0.30035356091877463,0.7780573811679959,1.5885032679728093,0.7492738790666627,1.2225645323408076,1.5904329835051998,0.8460161166141956,0.45103295916915986,1.372107154419962,1.5634429173578683,2.125367694038127,1.0615231003799113,1.6825702767746862,-0.9186930511351458,-0.522884888540871,1.046333364981819,-0.14006672122066824,0.8911053538743684,-0.1198730739212985,1.18615848349609,-1.0857245647579987,0.46204763521257963,0.44367266578228715,-0.28665124533026,-0.03672898371564723,0.39077696782593624,-0.9041032710311767,-0.9101761955244818,-0.2896419650158041,-0.7208272441660988,-1.930013860778563,-0.05111589096735185,0.8662751217621971,1.7184840406988335,-1.8665798382723995,-1.30799090794788,0.9545151962342889,-1.2978311792247235,-0.11114806077824434,0.6704378190590181,0.044122711047420146,-0.33228249824748257,-0.11759960380311243,-2.8616161313735775,1.037814649024082,-0.04543322892797016,1.9515739480005385,0.3222052642674878,0.563341274146899,0.7005333840460269,-0.5915911917375276,0,0,1,1
P053,19,M,15,1.14,"205,166",1.0189405658150543,1.4466269675095051,0.41606067343101727,1.206740413816745,0.6425153909534123,-0.004996130276595701,-0.9615559741469126,2.203824123451556,-1.4105351572732683,0.8972747801405839,-0.44132115656795384,0.3153586880551328,-1.0645718442053753,-1.3595888742132702,-0.5793093535596417,-0.22334971073154378,0.25621281566075865,-0.21115640124109236,-0.5641825025787985,0.04826252963020127,-0.5522362057347033,-0.07906063687831182,-1.1052928484980178,0.29599316049056673,0.9937626341813951,-1.4084206888499218,-0.3236265249187901,0.34994605914371063,1.1991968909309343,0.31369916179810414,0.9953449320253114,0.20734331055592942,0.5175447956383256,0.4928246936279848,-1.5386224090074812,0.21664289471393713,1.4684897511929764,-2.0623174479464574,-0.26960439392954466,-0.15891516532667804,-0.747573601267125,-1.9472798859251375,-1.2780503186756131,0.33489659076106887,1.7698052874901204,-0.4509907433881551,1.4285240679747322,-0.6000803983789393,1.3155863207787655,-1.0686865405546684,-0.4089966721220217,0.7331921752859621,0.537949715762216,1.7021374462025134,0.6053266431641356,1.0887052208025034,-0.5621569934523744,-0.9516959775235637,0.9412957611969588,0.459745568826702,1,0,11,1
P054,26,M,15,1.02,"341,086",0.22669885643799229,1.0680774398324595,0.804078958119873,1.73296307213118,0.4739470669880134,-0.7058554945166199,-1.8829080367785338,0.7317788401264059,-0.523365546959906,-1.0414807563325195,-0.2327903906718245,0.3733468626253329,-0.03446513461569266,0.9857577924237387,0.7513187611407651,-1.4224723046506123,-0.00037415191085327944,-1.3889494374907536,0.521928192065777,-0.34355291840832275,-1.6597664935592873,-1.188808635501498,-1.0450357612784094,-0.5205875283939317,-0.14011199755665674,-0.5495029951933627,1.453145863117965,1.484177747647721,-1.4580215367737777,-0.4917046991442157,0.9026613873972709,-0.22982789299619855,0.26141252516203256,0.6431989961493545,1.1892838509959722,2.445167175415374,1.099494751985419,0.5274637344590744,-0.36060262349669925,1.0769909842279743,0.21504592988861723,-0.2503167311911046,-0.11459891682585936,0.8374540630294927,-0.8331624892156104,-1.2038660717088172,-0.41238195661827837,-0.12000888058148483,-0.04865398979239048,-0.47761465676966,-0.7271142211311408,1.0383386719125165,-0.6556666913357919,1.7546299648500399,-1.3968518021196374,-1.5426570167933316,1.0163888984985674,-0.21433150002594084,0.9045012175009434,0.08587386853352728,1,0,17,0
P055,80,F,12,1.61,"151,306",1.4624211875584574,0.6320386078520851,-0.204199247777134,0.4514230817231868,0.03269156804672313,0.42659545511016506,-0.6799313816069117,-1.4043285465488287,-0.3727314992906954,-0.6126363310909915,-1.3030487812371978,-1.9362816917018002,-1.2062615546462505,-0.01637513124059962,0.3844477037401778,-0.19832188345023347,-2.132609330331054,-0.6985898307250517,-0.14880667866312836,-0.17333583294650193,-1.1240173337485642,-0.904065404168335,1.35322666004844,0.1338186563233002,1.1234957047210343,1.2845129108464663,-1.3517067796097326,0.7981523225223099,-1.7741461029330166,0.2290124920510993,0.8318435841868139,0.09453313929961675,-0.2753310614637201,-0.10112297043334574,-0.46125337933253435,-0.12580197335180998,0.019002539626430587,0.4806465458493219,0.44112646102391934,-0.0255884235768817,1.0597017435194804,0.009049898745630973,-0.192865875243735,1.7368394126125413,-1.2707408417072217,1.8582428705989178,0.04024210567789211,3.0137276351967217,-1.5346322907794658,2.0042078372572196,0.9022002045446256,-0.08624413714104995,-0.7411563142700522,-0.9830421772630477,1.6078971900309347,0.8586126023246167,0.5736762147754035,1.0329070152332727,0.1672540629694133,-0.1598134012605799,0,0,27,1
P056,23,F,11,1.04,"196,561",-1.0882117291190974,-0.8021701501599596,0.35795490621315673,1.2295008614331246,1.188327862596402,0.7465948559764687,1.3355454216308837,-2.656944947302302,0.08314439397770138,0.47460724668348964,0.20629249006022807,0.3202432047275546,-0.8999131106081608,-1.4726542242866636,2.366562402340485,1.3644226906234311,1.5667240700979441,0.5516669716449893,0.24344070793427944,-1.4736572126566936,1.0387212032559374,0.873428619644433,-0.9226432797462422,-0.4968695992226775,-0.7665471723007578,1.1639435396125162,0.12338243522170016,1.072882036288987,1.6748602277743765,-0.1690760182173529,0.6250778900797063,-0.749554371059307,1.0696281386735234,0.6946908936141938,-0.805880707837097,-1.6670705412107183,0.783586144673723,-1.435334844821135,0.9834678581747583,-0.032361842037741125,-2.1865836841480757,-1.0162501296115314,0.8220069067261765,-0.16096102716470223,0.03499089772374878,-1.0614084409743398,-0.29829166995884304,0.032565562763368895,-1.4521500151901836,-0.11287491537080012,-0.2495278603994855,0.356671489539977,-0.5656097770977558,1.4362926238115572,0.5038351677473935,1.5362863858833442,0.37992764848386973,0.11692842946869172,0.2834080742218767,-1.1208416548882432,1,0,14,0
P057,88,F,14,,"217,502",-1.479137833771104,-0.1308026415658544,0.4148664012544231,-0.06416921633742403,-0.3485720650141568,0.15808270533092642,-0.5564888399932533,-0.09446216866931324,-0.3695052019039484,-0.09591332970445857,-1.7931720812254517,-0.005091553877844317,-0.09181650149401265,-0.39615880055363,-1.4021866514989232,2.1299060617328665,0.8984111450590041,-0.279003033379824,1.5321309641034182,1.3391492634008868,-0.3213026047289114,-0.9471499350373473,-0.5424728450315318,0.09729067406598103,0.3556771122041761,-0.5807784805467471,-0.5257552656293943,0.6330242336360267,1.425013505932209,1.0600164392621683,-0.28210926993459684,-0.1655823408369813,1.3427902285178765,0.39806461327049614,0.03875673187159867,-0.3782402206450462,1.712908363687187,-0.6762406441214973,-0.03670772506922313,-1.1601921179626042,0.738457692785419,-0.001427968279875479,-0.23390181430336687,0.9555656842905228,-0.31373153605900495,1.6506478440651045,-0.3555964225243092,0.3767978515358077,0.8296655012955768,-0.5471607072010067,-0.7823798082112428,-0.3296894746424323,0.4584426551626521,-1.5261164621322951,0.6910071648741474,0.4425588064557594,-0.015393312213343767,0.6051013057731502,0.8248060355822778,1.3005943197217342,1,1,19,0
P058,77,F,15,1.14,"317,863",-0.8665073572768981,-0.29776047979893233,-1.249775724586651,-0.5461688154334842,-1.4623519251551929,1.7134908885015603,0.7875408171027013,0.07138843525796344,-0.08096507856710995,-0.5892256991552035,-1.0153067439861525,-1.6884952118834913,1.0618876181746875,1.203751746517066,-0.5460071183317489,0.2690971392612661,0.025448333085432605,0.7213651683586999,-0.26864061378916043,0.8478164192204933,-1.4812850960866757,-0.6253518307495249,1.9666844060902964,1.600645890178919,1.7795120256379733,1.0848958556810813,-1.9654454393989635,-0.6671145944507816,-0.626561806397675,1.1267088563844765,0.9844398229225825,-0.043686761284621525,-1.3606872918929576,0.9607582392164066,0.4507147981947749,-0.2782648073738683,0.39364236029220434,-0.48220136233650307,-0.40017731600642675,0.6896240335278586,2.1418280128720326,-0.2604222309750084,-0.28029518746909443,-0.2947264850240668,1.1910825623794685,-0.35540372569921813,-0.5898105280499893,-1.4304511286753279,0.30042820824437666,0.29839891899840504,-1.6380821138442403,0.28135695010667966,-0.26853821522151256,-0.532092026300039,-0.07464868079830758,0.6636506051269776,0.2758525561487414,-0.2840120617597195,-0.6955407158162352,-0.3738972851853836,0,0,7,0
P059,86,F,6,1.09,"325,914",0.12254409553604008,-0.34497334609531666,0.17553862856764266,0.3148209696175649,0.8497836136184508,-0.6323390096507158,-0.0034498542228016903,-1.161873305834576,0.05749457907590979,-2.5121277305114025,1.1191643604654822,-0.43138603184179836,2.0582140138989584,-0.5884016698305081,-0.4567900340328422,-0.7889410286958334,0.4587073307315477,0.1504549173783988,1.7921674835677526,-0.5319951317245865,-0.22471171065876866,-1.1166336001868162,-0.43231589633277884,-0.653891423036818,-0.5775879393082191,-0.9398651931847889,1.6589946627639058,-0.328367364479426,-0.07721766254887426,-1.8298492844431529,-0.5028697927790395,0.7308994531229568,1.8584614604674685,-0.4757497694846361,-0.22600699357843204,-0.5183850456744998,-0.5470528130996539,0.6777548807489477,-1.7973649955675688,-0.7067085623317264,-1.2260017238339829,-1.1599671964468858,-0.018905411660206227,-0.7346027126740062,-0.8650475039288037,0.7245180384503283,-0.7042682684457762,-0.6270122668355295,1.4555027025788936,-0.11549777306102986,1.3804572319446486,1.3574425363479952,-0.2514479861897928,0.26482155532445095,0.8308333164143247,-0.961985826145586,0.5643292773698346,1.3030307283950444,-0.3588941831771294,-1.2301576932438987,0,1,1,0
P060,43,F,10,1.31,"336,531",-0.7960867750951038,-2.506069837315632,-0.32036252695140677,-0.605812847991671,1.8507027799514817,0.5205964182011031,-0.700548823091534,0.2720321372020745,-0.08667642876642286,0.6712163346120159,-0.02056504387532332,0.9574239667720826,-1.0851931628925275,-1.2106023968143265,1.3206028966041345,-1.985575460437312,-0.9393821511787948,-0.5897537532013102,-0.28819485343046514,0.22928816893680393,1.6927059985819917,-1.2591302209752806,-0.005656370399807211,-1.463127048583687,0.20511740737126294,-1.3639584946563186,-1.997691447119375,0.9065304232535175,0.04998884670470353,1.3562849937251804,-0.4201588367582122,0.08123773544773163,0.05174122041413462,-0.3771729433903821,0.6600403363976447,1.753403265098641,0.11719444186721333,-0.2507944819380402,0.6327317884736099,-0.5703150183735061,0.3214964484658639,0.5643689201499958,-0.462589036743513,0.6450893116025315,-0.43586026824178764,-0.42698110024590125,0.9323235557619847,-1.8592791617339104,-0.47613077260484704,-1.0567823528472624,0.9778405003154235,0.39114756850445387,-0.30628149491960255,-1.3233121453213363,-1.362458577307839,-0.032428864394952926,1.7335239098287896,-0.6529177487482352,0.3945918390451952,1.3382526734146805,1,0,25,0
P061,28,M,4,0.92,"231,768",-0.48721815642469163,-0.857926385962197,-1.9040879486160345,-0.5731292157665655,-0.9601511192906311,-0.40873480052906086,1.3382795151279085,-0.7669395878687968,0.09327384069324166,0.3237218133973122,-0.3634260488797557,-1.2387743263168363,0.17333041635848268,-0.28879028375880467,-0.8199185708358816,-1.5459360942352005,0.5122731534487154,0.9342152890594956,-0.093553934343399,-0.6715777258117438,1.6092368634136656,1.6490612396580309,0.367650901979125,1.5941454634197558,1.4985799350104871,-2.017263121871943,0.6893502450652831,-0.6874261218805503,1.1031849161072949,-0.4818120755895089,-0.2123310203452093,0.8467107210410262,-0.17073095626927703,0.6362764606962646,-1.7660976616919617,0.21292602142211473,0.17370064040552524,0.9506239109770058,0.07925159764383892,1.14616672789585,-1.1778509499972825,-0.6599708433139979,0.5502955851475098,-0.25129878981797993,0.7912645362811893,-0.7731639359773783,1.3657903702789063,0.9588095243612469,0.355879403407508,0.49843714502301056,-0.04323686691903995,-0.35069318672396477,-0.02719187090361734,0.0615871417685366,0.9147172462080587,-0.4919140789794038,-0.27608733024309606,-0.8041984695433642,1.568201664236003,-0.8456686715173378,1,1,26,0
P062,55,M,4,1.26,"284,613",-0.9750001191003014,-0.19010887568223522,0.9584066801413982,-0.6077406304422468,-0.1016311295928566,0.23462950367525942,0.5822058485731421,0.40266973278163704,-2.3789256878163596,-1.7429223285514202,-0.10591112305144375,1.2929511646847092,-0.07091043620613886,-0.8180749585415559,1.6579429995163342,-0.08888755018672592,1.5600871471211124,1.3517446999378013,1.8893174375502042,0.39628122957944006,-0.4730861522867337,-0.14088955884677168,-0.2959990897344913,0.2924444050733891,-0.84247755308646,-1.1129982414406125,1.79317504337925,-1.121349891516031,-0.48797635649312726,-1.134032470770116,0.5420585474967836,-1.4869443938784914,0.9264294977175774,0.7091919609415624,-0.10006154947690524,0.04228509220379356,0.27757288836607497,-0.7576625339722317,-1.8077517599656554,-1.0132282811592563,-0.8729168475734732,-0.3894591234025015,0.551048408112077,0.6584217198719567,-0.7191612719508601,-0.9003219416965437,0.2421192632657444,-0.6788482845424211,-0.6954271963493657,-0.4246036672246278,0.43636589774120177,-0.04856104990096226,-0.31744531679970406,0.49137837688047153,-0.6039287794613392,-1.337260325066792,-0.4500937307900613,-1.3171479309618008,0.626396111818194,-0.8902670576404096,1,1,24,0
P063,88,F,11,1.27,"276,514",-0.6204291445949027,1.5164277898120941,-0.3618586803043011,-2.2954241955331667,-0.6854420107180271,-0.8299493395820846,-1.7518005652801107,-0.32551817297182867,0.4410646977675636,0.6003256861085275,2.741894012487202,0.47479931873797876,0.5272356224228922,-1.2505999792285922,1.5981083131346876,0.2257654302024127,-1.1780855897115183,-0.7321492123372021,0.2752171973222455,-1.342972718457158,0.30811520035499745,-0.3215069181828997,-0.688126637209766,-0.6506141845415047,0.06432514553995981,0.4598776571958615,-0.20312341634868408,-0.04377743262794019,0.5917901516494696,0.6029065332890343,1.609506870053344,1.41068443503777,-0.7672009029446151,-0.015835361567764314,0.8610306233845163,0.561784759684246,1.1458308448328385,0.852140894818557,-1.1740556500307964,-0.20252555633844876,0.11418078207409765,0.9699476124142469,-0.8705242998530732,0.292499334167183,1.0346331120355794,-0.4173453286381459,-1.1551878386258785,-0.4466080719354503,0.6648478704482357,0.06495805702026787,-0.0992231510778338,-1.057812241873764,-0.7179658507773344,0.8686595555394742,0.3577278361742224,-0.8053650220211703,-1.1449953672078323,0.296953594084981,-0.032182318346993866,0.16154044665955486,1,0,8,0
P064,44,M,3,0.97,"331,633",-0.7047872189929942,0.4607430591317444,-0.5523900581258607,0.40549947766059663,-0.08058325012751683,1.1151233773647666,1.0414021981866897,0.39746259072463846,-1.4044566979810365,-0.014363758758586748,1.0351879907581838,-0.22838809024354395,0.5824098823089675,0.43753775222697083,0.865612650893936,0.2566399244131745,2.692757483064791,0.5119076220208492,-2.0319416337073934,0.2674707027653644,0.612745740030647,-0.6014496268993043,1.2788848261011159,-0.24964993225957666,-0.31480037334398414,-0.3255479303097538,-0.11537165306536243,-1.8179953635513812,0.2737782144923443,-0.9796984254453097,1.3212871249585205,0.4577905164048483,0.4681774642987094,0.10388557380115612,0.47955920323095513,0.16035546399393952,0.31767868347720385,0.0016493361739755286,-0.9861810738916222,-0.010103822600866907,1.824578054930774,-0.6454208613874631,0.8520286603384165,-0.975900407622319,1.0752631431836257,0.24607568131308913,-0.06618076644095264,0.1272876462640553,-2.082138148512983,1.1970672076808728,0.7464109885001937,-0.25575381301466954,-1.0701732214192006,-0.17423122428996252,0.7211750792474709,-0.4444107616426947,-0.11831800079374759,-0.13561753977918176,-0.49685237062465215,-1.4326550715590645,1,0,15,1
P065,82,F,12,1.13,"138,207",0.6674662057456129,1.7008882862628079,-0.07731674369381458,-0.963835358595468,0.34609297177965803,0.17602090575725726,-1.0747914952232525,-1.7431951941054324,-2.1666455112290612,0.27883477737431556,-0.7756413745956193,-0.14232728717871945,0.3624211642959292,0.7981723075978052,0.43737604022698706,-0.2629774654467402,-0.43692896019573085,0.15659417915392052,0.22480287490434125,1.501269838389877,-1.4791651534738037,0.7124528851297495,0.31983070185670726,-0.9137510614733989,-1.1169430958078392,1.6616341230370295,-1.8987831273736695,-0.7824211849481514,0.3006312921505879,-1.2572391168522856,1.2743907164015174,1.6395435930693123,-0.32746724421918144,0.961361427030175,-0.28362421572976154,-1.9262216776702,-1.6520644741980506,-0.371170967331473,-0.4459476069793834,0.38518724167618096,1.6089894922905934,1.4006627824866282,0.3288854064432271,-1.1009922259726674,1.9861330302507458,1.401437385257217,2.220554391153228,0.3653619167581576,0.03754325601116063,0.2764625397277454,0.3377577988405538,1.2951547055244992,0.9430535070282755,1.244595997385773,0.7211057295288567,-0.8400406772234785,0.35754916226844297,0.8416941896874462,0.14222011166354412,-0.6640991265758454,0,0,13,1
P066,45,M,13,0.93,"195,443",0.7948910679832192,-0.39370690875944603,0.13820030314832132,-0.1072691206682774,-1.2418084527811688,1.1922444995731674,-0.1779139465826313,-0.43846687509929955,1.3813479064912069,0.9451932065760001,1.6667497504903537,0.8299271042495487,-0.9671765424474777,-0.5517314171911221,-1.5561781889366058,-1.543222104760928,0.8274078729419865,0.2808796596113367,-1.2818532298156093,0.4462812743097214,-0.5329224853622906,0.06147132666942985,-0.6294936046658103,0.9378438440241179,0.4042611097851398,0.8394363830344145,-0.24980700045575102,-1.1395483736886924,1.0540165718697039,-0.34497139826697054,0.6918278249961344,0.5321765454357598,-0.034936354045610386,-0.8443715560323588,0.32546341796146805,0.6814564299746181,-0.8005175285920186,0.8332513564739661,-0.8975700926025482,1.5378444110734248,0.11382232682878204,0.47142232096413794,-0.11686194744497216,-1.0360097686410177,2.1009811972856474,-0.7936544095683674,0.31235844070463376,2.062511458144584,-0.8868576530300791,1.3529287833793409,-0.43262718865117417,1.5717097355802465,0.48677998866150407,0.04867037391984344,0.8764545909407153,-0.7674560530014564,1.8020515141645708,-0.4736821992398883,-2.7339527695362054,-1.8004978491384591,0,0,29,0
P067,77,F,5,1.57,"317,837",-0.48044593951821124,-0.2526885812478079,1.50790948434714,1.4499687804848278,-0.2776536712672873,-1.2660955768237576,0.668113421683895,-0.1485960064725456,-1.2855152791991058,-0.7398868049493273,-0.08879493790855504,-1.4313942795106365,0.39467542295282765,0.5236229236448857,0.18214950687834208,-1.576455929729469,-0.8261107818218721,-0.10410746556216266,-1.6626028938631017,-0.5900893871187699,-0.40541337850388154,0.2923415575475737,-1.3852980989543693,0.7133390082590778,-0.8441290590814738,-0.35421472901487927,1.4509183421589569,-0.4124963773371527,0.14665875736033007,1.361196247658805,0.15559869557708508,-0.10151258858080281,0.38742218372924875,-1.1941224273951405,1.756724086480893,0.5536638512082511,-1.0665274710294206,0.7960680689479709,0.777638347204499,-0.018340150271273437,1.026807304760163,-0.8321395664050784,0.9782301660508295,-0.6594046413890496,-0.7227960264060067,0.028488060759631763,-0.19588119252739544,0.025507886862343756,-0.12948855935407674,0.5483145662936254,-0.6073164946575538,-1.7271260028367474,-0.03674221337784666,0.8377977223663988,0.43813121639020736,-0.6962365749746116,-1.0941952103373982,-1.5765573722674289,0.7156334167824315,-1.8991041667134585,0,1,22,0
P068,34,F,11,0.96,"160,523",-0.2072657954706782,-3.899421730054339,-0.1659332030062026,-0.5210003231072904,-1.4659673863823872,-0.4935152092007745,-0.29985316059917977,-1.4248747250999314,0.17986910595420905,0.7135642142391335,0.7397169333609636,2.040761939896942,0.8923267130777718,-0.3870270149195225,-1.4306716587383608,0.14732436432418597,0.3904056328034139,-1.2526814308633278,-0.9426428635455374,0.9497699794368943,0.40405218668458265,0.1368658507174827,-1.1576720636211282,0.628572357504275,1.6557544502378538,-0.22328055007995948,-0.5221194467667969,1.3123419668071425,-1.2813218705118012,-1.8179132247570622,-0.8674961159980377,0.14116667147142845,0.021143186922731386,0.8011514469317228,-1.129331527816269,0.3949480855157763,0.3545172566429221,0.5753457873268919,-0.9512604582948685,0.5221234980226651,-2.7655779246670567,-1.451934571321874,1.2853819194721492,0.9075277941520566,-0.7155944776545854,-0.2693745064299019,-0.8191351248960623,1.0582469496017735,1.0146165712808557,-0.6574128262635768,-1.2608899370733992,0.7315443708185424,-0.6604054702659213,1.0108842194843193,-1.330525193162176,1.3858694297156433,-2.080830266728544,0.042437301616264224,0.4865337436053918,-0.012368035617168089,1,1,14,0
P069,52,M,8,1.01,"184,024",-0.2810325725119153,0.763330339207019,0.7724074969585104,-0.24200915844747722,-0.268227637941478,-0.8925658002780713,1.1189440556172074,1.8823382582267307,-0.7725614870648787,0.6838541519834499,-0.5866304527666428,-0.8134195295344778,-0.5133908324465025,-0.09971412915682,-0.3626263896115068,-0.8245678819804404,-1.2739393889900783,1.4095237575528217,0.32608038078942664,1.9505429963398921,-0.5103013236685263,-0.3573216788467065,-1.0245453979197228,0.22020342771971763,0.02066119168242222,-0.21591175839341303,-0.974398970237123,2.31918493733579,0.902404681351209,-1.0413232879022336,-0.5831598081293464,-1.1535163780042714,-0.3281953579409903,0.39230265224991523,0.2619612582756026,0.7401092227972748,-0.26862283806228615,-0.128338353391512,-0.5051419631912648,-0.0923057128105607,-0.35220786125683784,0.0813297688185714,-0.7659424697490602,-0.11254769138152877,-0.9132881287051585,-0.08430481529998661,0.5301862566239265,-0.7119340656917184,0.3873408123020811,-0.7527650710947051,-0.3380955056234605,0.22489055163476976,1.7189745703182766,1.8502202496434128,1.0780741283236503,1.4549753870121502,-0.5410272387369001,-0.8952390708321853,-0.8527875925320111,-0.21053997798599058,0,1,8,1
P070,41,F,14,0.89,"393,568",0.8312512156361891,0.8470956613393337,1.673579376897762,1.6639093845017958,-0.8860696539864874,-0.531941865291501,0.7612637605131622,-0.5407734120955239,-0.6784662158704471,0.7615157392601775,-0.9378559883180094,-0.7652832419470891,1.9781649235905385,0.1234024109925685,0.20310073329636347,1.3048355415439372,-0.6589940135992426,-1.0435918670800048,-1.1133676524120841,0.7309340331778122,-1.3973869965214711,-0.4808884712387653,-2.155983998307673,-2.0500416442335387,-0.2101495445534617,0.9991059015740208,-2.3157499599589535,0.5930508135014947,-0.4870478663062789,-1.6915465572157609,0.13986129382345042,-0.22612961010246574,1.2051804232145304,-0.6982478146812553,0.1262047763366081,1.1210097302308488,0.3526765818233672,1.046601757383353,-1.0465410974085534,-1.674066531870293,-0.250909689886589,-0.7320993392205094,-0.360453892004851,1.422668373561009,-0.016728434869299532,-1.0230602802691253,-0.23927265201940362,-0.9919234825829096,0.6268909258112757,0.09632863473708754,1.1522425345094096,-1.6826383329114245,-0.40372728316884066,-0.10146050402570544,0.323099182805655,2.415316651798363,-0.2668914950206764,-0.6544234770626864,0.3367661556061182,1.254112295522845,1,1,15,1
P071,34,M,14,1.03,"157,185",0.08905603873921995,1.763759069559374,0.5335505312737927,0.5463057654642988,-1.0590606994601444,-0.6926096971858243,-1.5768756104869754,1.389971729008376,0.4836547685821585,1.635955778306173,0.8019126612557663,1.2207681971892839,-0.2349131819469042,1.4932835413920167,-0.30887137896919903,-1.458912753505715,-0.22857727997130367,-0.8706263381514543,-1.4012585088328537,0.09723401287929019,0.32420681313086436,-1.7349021218236254,1.1739384105717785,-1.186978395277319,0.04087179768659685,-0.3841898452603447,1.2856785919385918,-0.960629313149543,0.8978117352621887,-1.2047301466364182,1.7071801575442103,0.18633173380661447,0.5736833831618241,-0.2806826069679995,0.6980137625618634,1.3931429698157909,-0.49436675550447734,1.19373469479458,0.6908480614236302,1.1123383800780098,0.5736104270965086,-1.180526459763615,0.10708348723359654,0.5456016418690188,-0.12575208724681924,-1.3805275742562417,1.2840751093859675,-0.7117427661637952,-0.7936744918086079,-1.0233717732061334,-1.7691367001785772,0.43111786774049476,0.6708834943442314,0.5644449422601195,0.29155344736757255,-0.7663129142946954,-0.7239899502313782,1.0560216469121941,0.06198910903250188,1.8043738646427387,1,0,1,0
P072,82,M,10,1.1,"399,420",1.8941569003382142,-0.18676121079282915,1.3685641574187917,1.2765270973526428,-1.4199106806581998,-0.1205409342872928,-0.4724341564337806,-0.6643420911200446,-1.0482249591915083,0.6587348427546967,-0.7688867493664763,0.790052335011729,-0.6338601977945909,0.507558865172029,0.9508056222091082,1.6870979236705455,-0.6558216104131183,0.6562705924235791,-0.3797615321611772,-0.8022183266853654,-0.6420073589979469,-0.4917782269297502,0.10210069323737325,0.2844003071664726,0.10278738150953645,-0.014502134163029569,0.4117884010391812,0.7311006078306432,0.26474916059722137,-0.14856091003083488,0.5786142628133414,0.13469396068016204,0.49927450966537507,-0.7545402579185571,-1.141203911611333,-1.5964623427471334,-0.7283456788753966,-0.31110981123011733,-0.43105257545580605,0.7324283906401677,-0.7837235119093278,-1.2712779824717215,1.6620286704458818,-0.17778020457077098,-0.21665681679723878,-0.46885715704454417,1.086718953158833,-0.05701672413286048,-2.6718903163848395,0.46096105413630073,0.4657234305759534,0.38958424590538715,-1.2009518740685559,-0.09514380566752685,-1.382924773854879,0.35567607127824963,2.2778915459559883,0.4523740208316086,-1.0308042701356928,0.27333905365930283,1,0,21,1
P073,75,F,10,1.25,"358,884",-1.0954720366375337,0.09415415619704649,-0.47650985895095554,-0.35529123398699336,1.2193545887326338,-0.017247143727842716,0.2820737332213647,-0.22997115548100328,0.3726742754149822,-0.5615577103391871,-0.7813181154981489,1.3253916956498109,0.29637903840793156,-0.9991131085398876,-0.1291761471296547,-0.6664961822256021,-0.2414299669927129,0.17987479984189614,0.40461064826815746,0.43563902926078135,-1.2278961901245296,2.163557912044675,0.5366538643131968,-2.6549489142052405,-0.19922422499560347,-0.73544430047714,-0.3020195569665504,0.4204918676353459,-0.9780268280270532,-1.3197888295247053,0.3728953192089073,-1.6363709534235298,0.8849440934745273,-0.5176731779931971,1.6017996539913888,-0.7556639368008926,1.017322611233772,0.10751067594347956,0.005318649791206699,1.2013507593065542,-0.8851197713906963,-0.5185137458033552,0.39954329580652165,-0.8562752429652095,-1.1484151607969204,-0.032254747631714716,0.5141404265891116,0.25967589984573414,-1.125896840724333,1.5076109111269744,0.4589551407209253,0.6557021031414332,1.0797730336103115,-0.17900320977498027,-0.03070237679243795,0.12061989602237062,-2.866509880080928,-0.46127265483491975,1.370384729193147,0.41171113796725806,0,0,10,0
P074,28,F,12,0.98,"146,815",0.36250249919104766,-0.7055279547210833,0.7710493264739775,0.7480832128709275,0.5090590847395515,-0.04098486469656254,-0.574998681265042,1.1839019117100198,0.3806924762430092,1.798384420138548,0.8978342991592051,1.0459810738644797,-0.257589484139596,0.5158292357499967,-1.5485822202711759,0.2231890013647071,0.975952863745776,-0.7960370419441086,-0.6963782840445554,1.9222667448598572,-1.2253967996028499,-1.2394366198586,-1.4188743128529928,-0.07925561467744384,0.057228519375038985,1.2987542469494877,1.0427838637350288,-0.6023681610166443,0.25505023252135767,0.31037752006366603,0.5815973769916348,0.49080973891268287,-2.0893120439561774,1.3266378390207907,0.8716082453402966,-1.01668684602243,0.40300205153882246,-1.516275864318276,0.5526530680538775,-1.0520631150566355,-0.922937659714148,-0.4757923578819922,0.23604178783271865,-1.964767157638069,1.3005532294476239,2.40499490219964,0.07527301103635846,1.0575499439894094,0.26174166813914207,-0.20933190000394747,-0.6081033505841684,-1.2512449302513773,0.697052780317285,-0.8385984021337847,0.4908780202691299,-0.5592912123370627,-1.1225387511078075,-0.039045385143499055,0.17437575735719832,-1.1883205244829733,1,1,20,0
P075,84,M,10,1.06,"269,323",0.7439913996466692,-0.8762570649202812,0.2420239999303074,-0.38616858915680236,-1.6174640434564942,-0.5555238735118273,-0.21627650618113814,0.303826845027793,1.164447913936147,-1.1073125456047812,-1.162069029694606,0.37639592879811495,-1.367172814105484,-0.22118827023673274,-1.060057226030689,0.22316192930400555,-1.277085220600018,-0.657547376480706,-1.3064363852955831,-2.0168801677078405,-0.222978327930333,0.004371846845005274,-0.48510769788848723,-1.0253123674518207,-0.5748115593675965,-0.3491102420110449,-0.5306813746946923,0.8810771081991312,-0.6350346206198311,0.10581974821721664,-1.3402208127144006,-1.0033205984711078,0.909275164471984,0.053813260276166126,2.318837138853544,-0.4549783330436234,-0.23933931548678075,-0.6817746437370404,-0.01027102776789443,0.14192170342454816,0.5695038082281503,0.16156558080063135,2.0043593399998576,1.0849345026779098,-1.4823024270447942,1.4983971545747208,0.5387429947383527,0.9223909409464411,-1.1691881525978698,-0.11097305036393153,-1.5748418613764703,-0.47614158773430976,-0.8776818799666367,0.9985084705750036,0.4396782068382143,-0.7934335600479281,-0.5392189824781984,-1.1953893346216167,-1.0418141991444732,-0.4546746103091034,0,1,10,1
P076,87,F,12,0.82,"197,120",-0.3604401709908981,-0.7131079667369583,1.0744112374891797,-0.676001725621899,-0.5968275940478756,0.1874251778886684,0.7997849113889519,0.19205435028986062,-0.33621322049705094,-0.4627235943580139,-1.4192520017477464,-1.276384146623089,-0.026156786522968385,-0.46636040890761027,-1.2739083901165977,-0.34400754985883303,-1.1957531734875813,-0.15869749083707735,-2.1726926140121936,0.9772894218302323,1.4510570240532057,0.33572542508972514,-0.2400995183691867,0.6332937004312891,-0.4994395008132422,-0.6467965901502185,-0.3340185405463367,-0.4835637288224788,0.27021694948672864,0.7222048117230965,-0.6601788486563873,-0.21468097281158052,2.306982593787394,-1.1088162007272828,0.08063448517360405,0.3685698838248889,-1.6629122110501864,0.9735815888387525,-0.14186956962092723,1.9012765796234417,0.37476565216467417,-1.2509904452223897,-0.23763555243350679,1.3044781165780952,-0.5376299268799761,-0.40499679983976056,0.31564761468717384,-0.5625273431874573,0.3710374234744504,1.9183627962728154,-0.6042592765591945,0.43824575998187754,0.08317571966225303,-0.9468631719795216,0.17996250229127406,0.9145729842123371,0.448426002317663,-1.370346434511886,2.1703964394182402,0.09847288365626092,1,0,9,0
P077,37,F,5,0.93,"245,349",0.5835341273827435,-0.3449985240857874,-1.0035595719921404,0.5962442782050664,-0.670438599903074,0.8756154955309015,0.31678130668345533,0.2659434481762174,1.0465822533642106,-0.964469711004393,0.5450543963499954,-0.47283991003866904,1.5957024408984055,-0.8397613575199904,-0.3164303777659374,-2.013482844627813,0.04705925490202444,-0.43608217996898674,-0.7762024879216735,0.1477918740539763,-0.1745459792519359,1.1940251154415071,0.07558978023716906,-0.19660138043792075,0.5270435091353776,-1.520140749299332,2.1240208983329723,-0.5794446674240172,-0.40429265410810744,1.9200354347123116,0.5164952674091159,0.8512766946432606,-1.0342841419975166,0.5273524140699142,-0.6019132953386296,-1.7854403745850835,-1.286588910003021,-0.9554385776107818,0.7520818757861596,2.2047021264985607,-0.3664373169105649,-0.5290852783797475,0.9785013873742329,-0.23343451333388332,0.8003466559487247,-1.2949115702403755,-0.2337634725205693,0.29681617903135293,-1.8417437540800634,0.8929245638816156,-0.5991003952833986,-1.5964878386478367,-1.0264424491694983,-1.2167040853831383,1.1251809342666657,0.9663545989110829,0.7839275489455202,0.5502623841710854,-0.04521436719245333,0.9824560008303272,0,0,16,0
P078,48,F,13,1.65,"282,946",-1.4385226489904384,1.3554380286698136,-0.7795577532427447,-0.5983731712727243,-0.6909441281685968,-0.9022755659889229,-0.9206190351548597,-1.3661578762408668,1.7206947067420648,-0.1027607995418483,-1.959881624692813,0.19843936462172615,2.002532317439836,-0.02626026255642295,1.247584857019788,-0.48239538641784946,-0.5641896711721861,0.6465263240499457,0.8443084416557756,1.513356678088235,1.0731250840550313,2.6582765991147186,-0.2062859606721606,1.0589181143190838,-2.136350317071818,0.9662474690071873,-0.8962656754194701,0.057370911101016414,1.0100505098849304,-0.9884736390729141,1.023621929685403,-0.7063052980696701,2.518067863155976,0.5298622960191551,-1.7968292919754492,0.6690029042706485,-1.1843740302898227,0.333990570728059,0.37465429444307086,0.07537203650134028,0.9367417536378219,-0.6227593539594851,-0.6763375831204477,1.7487788076827728,0.627297624140658,-1.7096167640183537,1.3298559981667735,1.0814759699523593,-0.15681374469892978,0.5772164385658173,0.5668334501467879,1.494301557383697,-0.31809914143825163,-0.16341715645267557,-1.049070936057912,2.049537226653992,0.05047252940024478,1.149447049047223,-0.6721396672761474,0.6106977224089264,1,0,28,0
P079,56,M,9,1.31,"369,647",2.118803030729321,0.0022116025733781067,1.2687315727053823,0.7671185432439538,-1.4468835125564838,0.000888625001921776,0.17460636935363696,-0.3895534736381311,1.5866822794204654,1.0822192832103554,-0.7517256566679622,-0.017182570460341117,-0.5670414604907228,-0.06013243528668315,0.5057460481466131,1.5224601960339834,-1.0037490560859974,-1.164219118256684,1.0020902211528702,-0.1279350161218916,-2.2461315539556916,-0.39679593213623776,-1.244924361134788,0.3376546694258356,-0.7994831987119354,-0.5917024381429339,0.2903323756614073,0.6854624289133425,-0.7117269482455743,-0.48093670571879216,-0.5930736896572463,-0.12511917354415544,-1.7900736104604162,-0.05978020947413174,-0.4720419850406675,-1.5141591783951793,-0.06118793832906891,-0.03813018414842416,0.11586938504142184,0.29608848970633106,-0.14096956562604682,-0.7542448954043626,0.09707247015026695,-0.06452763707194308,-0.20700868824893146,0.9432952243429817,-0.09270346511911429,-1.3353245276418861,1.332167821746232,0.9735316932257329,0.5016503890802598,0.36073192287193484,-1.2823418679908354,-0.5492202160792767,-1.2966432055124548,-1.122291268923287,0.5871966214903053,0.3984556993805996,0.7475854066930657,-0.16891042234057288,0,0,2,0
P080,65,F,12,0.94,"379,389",-1.3420444532864415,-0.7905448096678757,-0.19608397256936924,2.3916845354292984,0.7543857213684552,-0.07407088917588163,-0.6122696351098722,-0.9564456538816968,0.5860769567913948,1.297785956840585,-0.3656461120005291,-2.052782820682623,0.9052746036418157,-0.40218236454447936,0.33950947157970146,-1.2807932750613495,0.132032789938094,0.3633206791504235,0.7898114515388498,-2.1637225002510383,-0.8386610587785368,-0.8771032876958236,1.091849226083234,0.1137487520243075,0.008555204611196908,-0.07038824203624072,0.22352348911487097,-0.36831803280476,-0.36763268308073177,-0.6043046112808279,0.5589791338045053,-0.4401475385361945,-0.6974592361021965,-0.06735410721519924,-1.2689167679318696,-0.9935863279825818,-0.9586064663361836,1.6435768388677647,-0.38481965634752235,-0.9599856992825272,-0.62744358681017,1.3019073272176465,0.915011908766118,-0.023915467112676326,0.9518369572558141,1.203859077881047,-0.5347588522782529,-0.6736498928381149,0.5027092516359372,0.17999308098155878,-0.2791402505767867,-0.46377672979685197,0.19044505399297396,2.2855149630326372,-1.917280632902203,1.4224218762037422,-0.32549658891172584,-1.0519470377276068,0.8912576403483092,-0.18706619450283798,1,0,27,0
P081,49,F,9,0.83,"125,803",1.2198072605649881,0.44187782824173305,-0.058960646704469544,-1.3861525369472856,-0.09586378550799901,0.46835463422376244,-1.2151923592287868,0.19741365231431526,0.44916607192900415,0.46351741580390327,-1.3453069899370451,1.0444053593549885,0.13252945485308149,-1.3911473440982642,-1.2853813931526517,-1.8421091473039353,-0.564366855654809,1.5305348178813087,-0.1752912422134645,1.991437390827985,-1.2579898372820586,1.0601722006090062,0.7102840221653579,-0.9733395320002872,0.3423804551835766,-0.4104467196860831,0.09744204097665574,0.35522026378208515,-0.6998817399445487,-0.4521661262575571,-1.8823859012027069,0.5403207333589821,0.6742957080790709,0.5056985109911092,-2.0111793281825863,-1.2197685257742816,1.0700356275748841,0.13940858161290554,0.16308912622690294,-0.20588990041102204,-0.6941938225481445,0.2715569675197484,-0.7164094620878635,1.1404673048363005,-0.3301447393918376,2.076780854900195,-1.6776627210416695,-1.2706670287802038,-0.849536395167454,1.5779186884422145,0.5860086447165617,1.3496123242478373,1.0142989151298052,0.260750562471983,0.253399396820865,-0.5186216351763445,-1.6832027862091463,-0.12750308706811422,0.31458204260263484,-0.8192190651197401,1,0,22,1
P082,28,M,6,0.9,"153,697",-1.121122678939223,0.21757135556003437,0.0775724193502392,-0.7522043761212451,0.4681489094895136,-0.06385858477376474,-1.1300558500020657,-0.5439981304035021,2.8494549607259407,-0.6093910635812475,-1.1173905214054018,1.7311424619714604,0.2838866296523059,-1.7071722930695223,2.3691638529901975,-0.21887349696292271,0.3361401962975113,0.20136219256394736,0.1293513837202993,-1.1593828941844972,-0.27455518629976305,0.2130089000439987,0.0748600227935365,0.627708621535924,-0.3905414878884731,-0.18651828891054795,0.006273750474869294,-1.8294226585963016,-0.7938981768211026,0.40336238314822775,0.5044417860912749,-1.1522202183142367,-0.5977330657470465,0.7712153735728257,-0.8661676720242644,-0.49316226440061406,0.7424188269086631,-1.877124320647736,-0.7191556161361401,-0.7654582616185529,-2.0940803838257245,2.1466659442761005,-0.6582132725487072,0.012435404354437315,1.9820334343714416,-0.2626195397660918,-0.21486423035017482,0.6087894057365089,0.6790911281318788,0.9455324783763936,-0.8180480801966147,1.2115660300001556,-0.6518784732309367,2.2053876672105,0.5299527987147373,-1.039101761051824,0.0035763288387823593,-0.09698410459098653,-2.907135038689612,-1.4112162062734617,1,0,2,0
P083,85,M,4,,"308,846",1.1508830312317526,-0.6762320559749608,-0.6894974573528612,1.1201461818426741,0.5267557651664272,-0.015664803595005782,0.2869555371009184,-0.04405912149974852,2.2321759587975563,-0.5536205981505344,0.6658729284349504,1.4640951986919595,1.2673712132137398,0.1279844920146543,-0.028263162188416974,-0.4123870654095842,-0.039760071494656865,-0.8882934081494894,1.2677034455396436,0.8003202218339576,0.7701948084870397,2.0063779933758443,1.0322338007800769,2.3792826085940852,0.13622404351144152,-1.9825481059932237,-1.3066607045674223,0.29227895602550197,-0.26975328518802894,0.5998376899771444,1.4276657887960689,-1.5511868223239949,-0.8900769055912776,-0.09662131043962179,-0.26160933924521274,0.32113151993581757,-0.1649367060064706,-0.42266268901464443,1.4956366858575958,1.0457653397686908,0.1642509844687974,0.7917031009973552,-0.13153091477817547,-0.4542737540365625,1.0483950640879145,0.38940648153553026,-1.5337005012069842,-0.022818063548104076,-0.13315322093849455,-2.3444936234341336,0.039946236166642474,-0.3736171789746098,-0.38922145019917315,-1.4093592094092657,0.19829839896498114,0.8928875898994336,-1.1019802774528595,-0.062178976232114457,-0.054817610113884314,-0.9069537604364152,0,1,1,0
P084,67,M,9,1.11,"161,849",-0.0847740266090023,1.4432336266295944,1.6319413685305604,0.15492183050677633,1.675445311670887,-0.9910957822281317,-0.02811370599356217,-0.07729256326094218,-0.7666172841087739,-0.6031961366575651,0.2924530661220612,-1.0178596264768776,0.8520715282890425,0.178204753456251,2.416912669832169,-1.2928417580666416,-0.20121490244760423,-0.7230384817750796,-0.8686774271970495,-0.12757028392091072,-0.5464668173635193,0.7253370628882799,1.2081034316073391,-1.7104444454756493,-0.34946469950640746,-0.7845791722536392,-0.13750091422750071,-0.4784403314256968,0.21420771381394793,-0.505960509460212,-0.2000416934024425,-2.074257468032301,0.15304376370158032,-0.5639850498654044,-0.16691277060617613,-2.0576004084556314,-0.851745812111334,0.4223420555159686,0.28376534385658636,-0.4033181157583828,0.6945195944129824,0.3709514132734059,1.499624128634236,-0.3586670193188602,-0.7487124155706065,-0.3427063373804111,0.7627208174822205,-0.8703903164739037,-0.6240514239998536,0.7645200645789197,1.1161648545850933,-0.9269288617023669,0.3127626881061651,-0.7160988642295504,0.14149671530317903,-0.05851771002949857,-2.286367175277335,-1.3334457531113637,-0.07410343806440557,-0.06580777159989583,1,1,5,1
P085,20,M,15,0.95,"198,394",0.15842290716221127,-1.88834889097665,-1.249162651675905,1.1610898497925723,-1.8148722777431434,0.021703839059641333,0.005431808558425666,-0.03637038490501321,0.9236090362782893,0.9528406823236886,-0.9457114683003488,0.43596677973854364,0.15432041576149166,2.18312868735204,-0.8674214463025013,-0.7525727147667658,-0.06823995780598015,0.04366447607196148,0.3640755760714875,-0.039586295612992255,-1.2444916740193264,-0.6687971256284923,1.3939063985280051,-1.0237343924081865,-1.8607135660101495,-1.0836114410583664,-0.24247096431269594,-0.5229201708531345,0.5607223898956822,1.3317037425743923,-0.6150119142208297,2.175956047451429,0.43728047969386824,-0.22715485563516793,2.5848587573324044,1.5614520492174297,-0.5026103180014341,0.6074503258568364,0.4503232628086928,-0.09136049677570367,0.49815759398503895,1.255921763906791,-1.650991678988067,-1.7185134630816554,0.857985856887917,1.4247820029558043,-0.8060799488442812,0.5098757535518946,1.1248531568212718,0.4120228293099419,-0.3199573212282886,0.7870640875986685,-1.7814033529551212,1.355571031780824,-2.041747925773019,1.629173900213344,-0.8621743948450644,0.4629615273618325,-0.10670579924529132,0.22151620557900678,0,0,17,0
